2026-07-14 12:16:33 | INFO    | backend.app.core.logging:configure_logging:48 - Application logging successfully initialized.
2026-07-14 12:16:33 | INFO    | backend.app.services.model_manager:__init__:41 - ModelManager singleton initialized. CPU/GPU Device: cpu
2026-07-14 12:16:33 | INFO    | backend.app.services.model_manager:load_model:51 - Initializing new GPT instance in ModelManager...
2026-07-14 12:17:10 | INFO    | backend.app.core.logging:configure_logging:48 - Application logging successfully initialized.
2026-07-14 12:17:10 | INFO    | backend.app.services.model_manager:__init__:41 - ModelManager singleton initialized. CPU/GPU Device: cpu
2026-07-14 12:17:11 | INFO    | backend.app.services.model_manager:load_model:51 - Initializing new GPT instance in ModelManager...
2026-07-14 12:17:54 | INFO    | backend.app.core.logging:configure_logging:48 - Application logging successfully initialized.
2026-07-14 12:17:54 | INFO    | backend.app.services.model_manager:__init__:41 - ModelManager singleton initialized. CPU/GPU Device: cpu
2026-07-14 12:19:38 | INFO    | backend.app.core.logging:configure_logging:48 - Application logging successfully initialized.
2026-07-14 12:19:38 | INFO    | backend.app.services.model_manager:__init__:41 - ModelManager singleton initialized. CPU/GPU Device: cpu
2026-07-14 12:19:39 | INFO    | backend.app.services.model_manager:load_model:51 - Initializing new GPT instance in ModelManager...
2026-07-14 12:19:45 | INFO    | backend.app.services.model_manager:load_model:51 - Initializing new GPT instance in ModelManager...
2026-07-14 12:20:28 | INFO    | backend.app.core.logging:configure_logging:48 - Application logging successfully initialized.
2026-07-14 12:20:28 | INFO    | backend.app.services.model_manager:__init__:41 - ModelManager singleton initialized. CPU/GPU Device: cpu
2026-07-14 12:20:28 | INFO    | backend.app.services.model_manager:load_model:51 - Initializing new GPT instance in ModelManager...
2026-07-14 12:38:43 | INFO    | backend.app.core.logging:configure_logging:48 - Application logging successfully initialized.
2026-07-14 12:38:43 | INFO    | backend.app.services.model_manager:__init__:41 - ModelManager singleton initialized. CPU/GPU Device: cpu
2026-07-14 12:39:00 | INFO    | backend.app.core.logging:configure_logging:48 - Application logging successfully initialized.
2026-07-14 12:39:00 | INFO    | backend.app.services.model_manager:__init__:41 - ModelManager singleton initialized. CPU/GPU Device: cpu
2026-07-14 12:39:00 | INFO    | backend.app.services.model_manager:load_model:51 - Initializing new GPT instance in ModelManager...
2026-07-14 12:39:42 | INFO    | backend.app.core.logging:configure_logging:48 - Application logging successfully initialized.
2026-07-14 12:39:42 | INFO    | backend.app.services.model_manager:__init__:41 - ModelManager singleton initialized. CPU/GPU Device: cpu
2026-07-14 12:40:01 | INFO    | backend.app.core.logging:configure_logging:48 - Application logging successfully initialized.
2026-07-14 12:40:01 | INFO    | backend.app.services.model_manager:__init__:41 - ModelManager singleton initialized. CPU/GPU Device: cpu
2026-07-14 12:40:01 | INFO    | backend.app.services.model_manager:load_model:51 - Initializing new GPT instance in ModelManager...
2026-07-14 12:40:26 | INFO    | backend.app.core.logging:configure_logging:48 - Application logging successfully initialized.
2026-07-14 12:40:26 | INFO    | backend.app.services.model_manager:__init__:41 - ModelManager singleton initialized. CPU/GPU Device: cpu
2026-07-14 12:40:48 | INFO    | backend.app.core.logging:configure_logging:48 - Application logging successfully initialized.
2026-07-14 12:40:48 | INFO    | backend.app.services.model_manager:__init__:41 - ModelManager singleton initialized. CPU/GPU Device: cpu
2026-07-14 12:41:04 | INFO    | backend.app.core.logging:configure_logging:48 - Application logging successfully initialized.
2026-07-14 12:41:04 | INFO    | backend.app.services.model_manager:__init__:41 - ModelManager singleton initialized. CPU/GPU Device: cpu
2026-07-14 12:41:04 | INFO    | backend.app.services.model_manager:load_model:51 - Initializing new GPT instance in ModelManager...
2026-07-14 12:41:29 | INFO    | backend.app.core.logging:configure_logging:48 - Application logging successfully initialized.
2026-07-14 12:41:29 | INFO    | backend.app.services.model_manager:__init__:41 - ModelManager singleton initialized. CPU/GPU Device: cpu
2026-07-14 12:41:39 | INFO    | backend.app.core.logging:configure_logging:48 - Application logging successfully initialized.
2026-07-14 12:41:39 | INFO    | backend.app.services.model_manager:__init__:41 - ModelManager singleton initialized. CPU/GPU Device: cpu
2026-07-14 12:41:39 | INFO    | app.main:startup_event:60 - Initializing MyGPT services and attempting to restore checkpoints...
2026-07-14 12:41:39 | INFO    | app.main:startup_event:84 - Fresh start: BPETokenizer trained on combined corpus.
2026-07-14 12:41:59 | INFO    | backend.app.services.model_manager:load_model:51 - Initializing new GPT instance in ModelManager...
2026-07-14 12:46:55 | INFO    | backend.app.core.logging:configure_logging:48 - Application logging successfully initialized.
2026-07-14 12:46:55 | INFO    | backend.app.services.model_manager:__init__:41 - ModelManager singleton initialized. CPU/GPU Device: cpu
2026-07-14 12:46:55 | INFO    | backend.app.services.model_manager:load_model:51 - Initializing new GPT instance in ModelManager...
2026-07-14 12:46:55 | INFO    | backend.app.services.model_manager:reload_model:98 - Reloading GPT model with updated settings configurations...
2026-07-14 12:46:55 | INFO    | backend.app.services.model_manager:load_model:51 - Initializing new GPT instance in ModelManager...
2026-07-14 12:59:42 | INFO    | backend.app.core.logging:configure_logging:48 - Application logging successfully initialized.
2026-07-14 12:59:42 | INFO    | backend.app.services.model_manager:__init__:41 - ModelManager singleton initialized. CPU/GPU Device: cpu
2026-07-14 12:59:43 | INFO    | app.main:startup_event:60 - Initializing MyGPT services and attempting to restore checkpoints...
2026-07-14 12:59:43 | INFO    | backend.app.services.model_manager:load_latest_checkpoint:151 - Successfully restored BPETokenizer vocabulary.
2026-07-14 12:59:43 | INFO    | backend.app.services.model_manager:load_model:51 - Initializing new GPT instance in ModelManager...
2026-07-14 13:19:33 | INFO    | backend.app.core.logging:configure_logging:48 - Application logging successfully initialized.
2026-07-14 13:19:33 | INFO    | backend.app.services.model_manager:__init__:41 - ModelManager singleton initialized. CPU/GPU Device: cpu
2026-07-14 13:19:34 | INFO    | app.main:startup_event:60 - Initializing MyGPT services and attempting to restore checkpoints...
2026-07-14 13:19:34 | INFO    | backend.app.services.model_manager:load_latest_checkpoint:151 - Successfully restored BPETokenizer vocabulary.
2026-07-14 13:20:17 | INFO    | backend.app.services.model_manager:load_model:51 - Initializing new GPT instance in ModelManager...
2026-07-14 13:22:02 | INFO    | backend.app.core.logging:configure_logging:48 - Application logging successfully initialized.
2026-07-14 13:22:02 | INFO    | backend.app.services.model_manager:__init__:41 - ModelManager singleton initialized. CPU/GPU Device: cpu
2026-07-14 13:22:03 | INFO    | backend.app.services.embedding_service:__init__:33 - Initializing MyGPTEmbedding provider.
2026-07-14 13:22:22 | INFO    | backend.app.core.logging:configure_logging:48 - Application logging successfully initialized.
2026-07-14 13:22:22 | INFO    | backend.app.services.model_manager:__init__:41 - ModelManager singleton initialized. CPU/GPU Device: cpu
2026-07-14 13:22:22 | INFO    | backend.app.services.embedding_service:__init__:33 - Initializing MyGPTEmbedding provider.
2026-07-14 13:22:24 | WARNING | backend.app.services.ocr_service:__init__:36 - Tesseract OCR is not installed or not in PATH. OCR will run in fallback mode: tesseract is not installed or it's not in your PATH. See README file for more information.
2026-07-14 13:22:24 | INFO    | backend.app.services.reasoning_service:__init__:19 - Initializing ReasoningService.
2026-07-14 13:22:24 | INFO    | backend.app.services.conversation_memory:__init__:15 - ConversationMemory service initialized.
2026-07-14 13:23:10 | INFO    | backend.app.core.logging:configure_logging:48 - Application logging successfully initialized.
2026-07-14 13:23:10 | INFO    | backend.app.services.model_manager:__init__:41 - ModelManager singleton initialized. CPU/GPU Device: cpu
2026-07-14 13:23:10 | INFO    | backend.app.services.embedding_service:__init__:33 - Initializing MyGPTEmbedding provider.
2026-07-14 13:23:11 | WARNING | backend.app.services.ocr_service:__init__:36 - Tesseract OCR is not installed or not in PATH. OCR will run in fallback mode: tesseract is not installed or it's not in your PATH. See README file for more information.
2026-07-14 13:23:11 | INFO    | backend.app.services.reasoning_service:__init__:19 - Initializing ReasoningService.
2026-07-14 13:23:11 | INFO    | backend.app.services.conversation_memory:__init__:15 - ConversationMemory service initialized.
2026-07-14 13:23:11 | INFO    | backend.app.api.routers.document:upload_document:47 - API triggered upload for file test_invoice_9999.txt with chunk_size=40
2026-07-14 13:23:11 | INFO    | backend.app.services.ai_orchestrator:process_new_document:31 - Orchestrating ingestion for new document: test_invoice_9999.txt
2026-07-14 13:23:11 | INFO    | backend.app.services.document_manager:upload_document:73 - Saving uploaded document: test_invoice_9999.txt as bbaa63da-b542-4f1e-a797-d9e343e9f604.txt
2026-07-14 13:23:11 | INFO    | backend.app.services.document_parser:parse:68 - Parsing document: D:\MYGPT\data\uploads\bbaa63da-b542-4f1e-a797-d9e343e9f604.txt
2026-07-14 13:23:11 | INFO    | backend.app.services.indexing_service:index_document:24 - Indexing document: bbaa63da-b542-4f1e-a797-d9e343e9f604
2026-07-14 13:23:11 | INFO    | backend.app.services.chunk_service:chunk_document:67 - Chunking document: bbaa63da-b542-4f1e-a797-d9e343e9f604 with size=40, overlap=50
2026-07-14 13:23:11 | INFO    | backend.app.services.chunk_service:chunk_document:172 - Completed chunking. Generated 3 chunks for document: bbaa63da-b542-4f1e-a797-d9e343e9f604
2026-07-14 13:23:11 | INFO    | backend.app.services.model_manager:load_model:51 - Initializing new GPT instance in ModelManager...
2026-07-14 13:23:11 | INFO    | backend.app.services.storage_service:save_chunks:87 - Saving 3 chunks for document bbaa63da-b542-4f1e-a797-d9e343e9f604 to JSON store.
2026-07-14 13:23:11 | INFO    | backend.app.services.indexing_service:index_document:49 - Successfully indexed document bbaa63da-b542-4f1e-a797-d9e343e9f604. 3 chunks persisted.
2026-07-14 13:23:11 | INFO    | backend.app.services.ai_orchestrator:process_chat_query:74 - Orchestrating chat query for session test_verification_session. Document filter: bbaa63da-b542-4f1e-a797-d9e343e9f604
2026-07-14 13:23:11 | INFO    | backend.app.services.conversation_memory:set_active_document:93 - Session test_verification_session active document set to bbaa63da-b542-4f1e-a797-d9e343e9f604
2026-07-14 13:23:11 | INFO    | backend.app.services.search_coordinator:search:35 - Coordinating search for query: 'What is the total amount?' (doc_id=bbaa63da-b542-4f1e-a797-d9e343e9f604)
2026-07-14 13:23:11 | INFO    | backend.app.services.retrieval_service:retrieve_relevant_chunks:60 - Searching 3 chunks (doc_id=bbaa63da-b542-4f1e-a797-d9e343e9f604) with threshold=0.0
2026-07-14 13:23:11 | INFO    | backend.app.services.retrieval_service:retrieve_relevant_chunks:82 - Retrieved 3 relevant chunks matching search criteria.
2026-07-14 13:23:11 | INFO    | backend.app.services.context_builder:build_context:27 - Building reasoning context for query 'What is the total amount?...' with 3 chunks.
2026-07-14 13:23:11 | INFO    | backend.app.services.context_builder:build_context:63 - Reasoning context assembled successfully. Length: 248 chars.
2026-07-14 13:23:11 | INFO    | backend.app.services.reasoning_service:reason:165 - Reasoning query: 'What is the total amount?'
2026-07-14 13:23:11 | INFO    | backend.app.services.reasoning_service:reason:202 - Generated answer with confidence=0.5000
2026-07-14 13:23:11 | INFO    | backend.app.services.answer_formatter:format_response:72 - Formatting final chat response. Confidence=0.5000
2026-07-14 13:23:11 | INFO    | backend.app.services.conversation_memory:add_message:50 - Added message to session test_verification_session from role 'user'
2026-07-14 13:23:11 | INFO    | backend.app.services.conversation_memory:add_message:50 - Added message to session test_verification_session from role 'assistant'
2026-07-14 13:23:11 | INFO    | backend.app.services.ai_orchestrator:process_chat_query:74 - Orchestrating chat query for session test_verification_session. Document filter: bbaa63da-b542-4f1e-a797-d9e343e9f604
2026-07-14 13:23:11 | INFO    | backend.app.services.conversation_memory:set_active_document:93 - Session test_verification_session active document set to bbaa63da-b542-4f1e-a797-d9e343e9f604
2026-07-14 13:23:11 | INFO    | backend.app.services.search_coordinator:search:35 - Coordinating search for query: 'What is the GST tax?' (doc_id=bbaa63da-b542-4f1e-a797-d9e343e9f604)
2026-07-14 13:23:11 | INFO    | backend.app.services.retrieval_service:retrieve_relevant_chunks:60 - Searching 3 chunks (doc_id=bbaa63da-b542-4f1e-a797-d9e343e9f604) with threshold=0.0
2026-07-14 13:23:11 | INFO    | backend.app.services.retrieval_service:retrieve_relevant_chunks:82 - Retrieved 3 relevant chunks matching search criteria.
2026-07-14 13:23:11 | INFO    | backend.app.services.context_builder:build_context:27 - Building reasoning context for query 'What is the GST tax?...' with 3 chunks.
2026-07-14 13:23:11 | INFO    | backend.app.services.context_builder:build_context:63 - Reasoning context assembled successfully. Length: 248 chars.
2026-07-14 13:23:11 | INFO    | backend.app.services.reasoning_service:reason:165 - Reasoning query: 'What is the GST tax?'
2026-07-14 13:23:11 | INFO    | backend.app.services.reasoning_service:reason:202 - Generated answer with confidence=0.5000
2026-07-14 13:23:11 | INFO    | backend.app.services.answer_formatter:format_response:72 - Formatting final chat response. Confidence=0.5000
2026-07-14 13:23:11 | INFO    | backend.app.services.conversation_memory:add_message:50 - Added message to session test_verification_session from role 'user'
2026-07-14 13:23:11 | INFO    | backend.app.services.conversation_memory:add_message:50 - Added message to session test_verification_session from role 'assistant'
2026-07-14 13:23:12 | INFO    | backend.app.services.document_manager:delete_document:155 - Removed physical file: D:\MYGPT\data\uploads\bbaa63da-b542-4f1e-a797-d9e343e9f604.txt
2026-07-14 13:23:12 | INFO    | backend.app.services.document_manager:delete_document:162 - Removed document bbaa63da-b542-4f1e-a797-d9e343e9f604 from metadata database.
2026-07-14 13:23:12 | INFO    | backend.app.services.storage_service:delete_chunks:110 - Deleting chunks for document bbaa63da-b542-4f1e-a797-d9e343e9f604 from JSON store.
2026-07-14 13:23:40 | INFO    | backend.app.core.logging:configure_logging:48 - Application logging successfully initialized.
2026-07-14 13:23:40 | INFO    | backend.app.services.model_manager:__init__:41 - ModelManager singleton initialized. CPU/GPU Device: cpu
2026-07-14 13:23:40 | INFO    | backend.app.services.embedding_service:__init__:33 - Initializing MyGPTEmbedding provider.
2026-07-14 13:23:42 | WARNING | backend.app.services.ocr_service:__init__:36 - Tesseract OCR is not installed or not in PATH. OCR will run in fallback mode: tesseract is not installed or it's not in your PATH. See README file for more information.
2026-07-14 13:23:42 | INFO    | backend.app.services.reasoning_service:__init__:19 - Initializing ReasoningService.
2026-07-14 13:23:42 | INFO    | backend.app.services.conversation_memory:__init__:15 - ConversationMemory service initialized.
2026-07-14 13:23:42 | INFO    | backend.app.api.routers.document:upload_document:47 - API triggered upload for file test_invoice_9999.txt with chunk_size=40
2026-07-14 13:23:42 | INFO    | backend.app.services.ai_orchestrator:process_new_document:31 - Orchestrating ingestion for new document: test_invoice_9999.txt
2026-07-14 13:23:42 | INFO    | backend.app.services.document_manager:upload_document:73 - Saving uploaded document: test_invoice_9999.txt as e4905ea0-024c-4b9a-aae2-f8ab639ee555.txt
2026-07-14 13:23:42 | INFO    | backend.app.services.document_parser:parse:68 - Parsing document: D:\MYGPT\data\uploads\e4905ea0-024c-4b9a-aae2-f8ab639ee555.txt
2026-07-14 13:23:42 | INFO    | backend.app.services.indexing_service:index_document:24 - Indexing document: e4905ea0-024c-4b9a-aae2-f8ab639ee555
2026-07-14 13:23:42 | INFO    | backend.app.services.chunk_service:chunk_document:67 - Chunking document: e4905ea0-024c-4b9a-aae2-f8ab639ee555 with size=40, overlap=50
2026-07-14 13:23:42 | INFO    | backend.app.services.chunk_service:chunk_document:172 - Completed chunking. Generated 3 chunks for document: e4905ea0-024c-4b9a-aae2-f8ab639ee555
2026-07-14 13:23:42 | INFO    | backend.app.services.model_manager:load_model:51 - Initializing new GPT instance in ModelManager...
2026-07-14 13:23:42 | INFO    | backend.app.services.storage_service:save_chunks:87 - Saving 3 chunks for document e4905ea0-024c-4b9a-aae2-f8ab639ee555 to JSON store.
2026-07-14 13:23:42 | INFO    | backend.app.services.indexing_service:index_document:49 - Successfully indexed document e4905ea0-024c-4b9a-aae2-f8ab639ee555. 3 chunks persisted.
2026-07-14 13:23:42 | INFO    | backend.app.services.ai_orchestrator:process_chat_query:74 - Orchestrating chat query for session test_verification_session. Document filter: e4905ea0-024c-4b9a-aae2-f8ab639ee555
2026-07-14 13:23:42 | INFO    | backend.app.services.conversation_memory:set_active_document:93 - Session test_verification_session active document set to e4905ea0-024c-4b9a-aae2-f8ab639ee555
2026-07-14 13:23:42 | INFO    | backend.app.services.search_coordinator:search:35 - Coordinating search for query: 'What is the total amount?' (doc_id=e4905ea0-024c-4b9a-aae2-f8ab639ee555)
2026-07-14 13:23:43 | INFO    | backend.app.services.retrieval_service:retrieve_relevant_chunks:60 - Searching 3 chunks (doc_id=e4905ea0-024c-4b9a-aae2-f8ab639ee555) with threshold=0.0
2026-07-14 13:23:43 | INFO    | backend.app.services.retrieval_service:retrieve_relevant_chunks:82 - Retrieved 3 relevant chunks matching search criteria.
2026-07-14 13:23:43 | INFO    | backend.app.services.context_builder:build_context:27 - Building reasoning context for query 'What is the total amount?...' with 3 chunks.
2026-07-14 13:23:43 | INFO    | backend.app.services.context_builder:build_context:63 - Reasoning context assembled successfully. Length: 248 chars.
2026-07-14 13:23:43 | INFO    | backend.app.services.reasoning_service:reason:165 - Reasoning query: 'What is the total amount?'
2026-07-14 13:23:43 | INFO    | backend.app.services.reasoning_service:reason:202 - Generated answer with confidence=0.5000
2026-07-14 13:23:43 | INFO    | backend.app.services.answer_formatter:format_response:72 - Formatting final chat response. Confidence=0.5000
2026-07-14 13:23:43 | INFO    | backend.app.services.conversation_memory:add_message:50 - Added message to session test_verification_session from role 'user'
2026-07-14 13:23:43 | INFO    | backend.app.services.conversation_memory:add_message:50 - Added message to session test_verification_session from role 'assistant'
2026-07-14 13:23:43 | INFO    | backend.app.services.ai_orchestrator:process_chat_query:74 - Orchestrating chat query for session test_verification_session. Document filter: e4905ea0-024c-4b9a-aae2-f8ab639ee555
2026-07-14 13:23:43 | INFO    | backend.app.services.conversation_memory:set_active_document:93 - Session test_verification_session active document set to e4905ea0-024c-4b9a-aae2-f8ab639ee555
2026-07-14 13:23:43 | INFO    | backend.app.services.search_coordinator:search:35 - Coordinating search for query: 'What is the GST tax?' (doc_id=e4905ea0-024c-4b9a-aae2-f8ab639ee555)
2026-07-14 13:23:43 | INFO    | backend.app.services.retrieval_service:retrieve_relevant_chunks:60 - Searching 3 chunks (doc_id=e4905ea0-024c-4b9a-aae2-f8ab639ee555) with threshold=0.0
2026-07-14 13:23:43 | INFO    | backend.app.services.retrieval_service:retrieve_relevant_chunks:82 - Retrieved 3 relevant chunks matching search criteria.
2026-07-14 13:23:43 | INFO    | backend.app.services.context_builder:build_context:27 - Building reasoning context for query 'What is the GST tax?...' with 3 chunks.
2026-07-14 13:23:43 | INFO    | backend.app.services.context_builder:build_context:63 - Reasoning context assembled successfully. Length: 248 chars.
2026-07-14 13:23:43 | INFO    | backend.app.services.reasoning_service:reason:165 - Reasoning query: 'What is the GST tax?'
2026-07-14 13:23:43 | INFO    | backend.app.services.reasoning_service:reason:202 - Generated answer with confidence=0.5000
2026-07-14 13:23:43 | INFO    | backend.app.services.answer_formatter:format_response:72 - Formatting final chat response. Confidence=0.5000
2026-07-14 13:23:43 | INFO    | backend.app.services.conversation_memory:add_message:50 - Added message to session test_verification_session from role 'user'
2026-07-14 13:23:43 | INFO    | backend.app.services.conversation_memory:add_message:50 - Added message to session test_verification_session from role 'assistant'
2026-07-14 13:23:43 | INFO    | backend.app.services.conversation_memory:clear_history:115 - Cleared history logs for session test_verification_session
2026-07-14 13:23:43 | INFO    | backend.app.services.document_manager:delete_document:155 - Removed physical file: D:\MYGPT\data\uploads\e4905ea0-024c-4b9a-aae2-f8ab639ee555.txt
2026-07-14 13:23:43 | INFO    | backend.app.services.document_manager:delete_document:162 - Removed document e4905ea0-024c-4b9a-aae2-f8ab639ee555 from metadata database.
2026-07-14 13:23:43 | INFO    | backend.app.services.indexing_service:delete_document_index:61 - Deleting document index: e4905ea0-024c-4b9a-aae2-f8ab639ee555
2026-07-14 13:23:43 | INFO    | backend.app.services.storage_service:delete_chunks:110 - Deleting chunks for document e4905ea0-024c-4b9a-aae2-f8ab639ee555 from JSON store.
2026-07-14 14:40:14 | INFO    | backend.app.core.logging:configure_logging:48 - Application logging successfully initialized.
2026-07-14 14:40:14 | INFO    | backend.app.services.model_manager:__init__:41 - ModelManager singleton initialized. CPU/GPU Device: cpu
2026-07-14 14:40:14 | INFO    | backend.app.services.embedding_service:__init__:33 - Initializing MyGPTEmbedding provider.
2026-07-14 14:40:19 | WARNING | backend.app.services.ocr_service:__init__:36 - Tesseract OCR is not installed or not in PATH. OCR will run in fallback mode: tesseract is not installed or it's not in your PATH. See README file for more information.
2026-07-14 14:40:19 | INFO    | backend.app.services.reasoning_service:__init__:19 - Initializing ReasoningService.
2026-07-14 14:40:19 | INFO    | backend.app.services.conversation_memory:__init__:15 - ConversationMemory service initialized.
2026-07-14 14:45:48 | INFO    | backend.app.core.logging:configure_logging:48 - Application logging successfully initialized.
2026-07-14 14:45:48 | INFO    | backend.app.services.model_manager:__init__:41 - ModelManager singleton initialized. CPU/GPU Device: cpu
2026-07-14 14:45:48 | INFO    | backend.app.services.embedding_service:__init__:33 - Initializing MyGPTEmbedding provider.
2026-07-14 14:45:50 | WARNING | backend.app.services.ocr_service:__init__:36 - Tesseract OCR is not installed or not in PATH. OCR will run in fallback mode: tesseract is not installed or it's not in your PATH. See README file for more information.
2026-07-14 14:45:50 | INFO    | backend.app.services.reasoning_service:__init__:19 - Initializing ReasoningService.
2026-07-14 14:45:50 | INFO    | backend.app.services.conversation_memory:__init__:15 - ConversationMemory service initialized.
2026-07-14 14:45:50 | INFO    | app.main:startup_event:61 - Initializing MyGPT services and attempting to restore checkpoints...
2026-07-14 14:45:50 | INFO    | backend.app.services.model_manager:load_latest_checkpoint:151 - Successfully restored BPETokenizer vocabulary.
2026-07-14 14:46:01 | INFO    | app.main:websocket_training:141 - WebSocket client disconnected from training stream.
2026-07-14 14:46:01 | INFO    | app.main:websocket_training:141 - WebSocket client disconnected from training stream.
2026-07-14 14:46:02 | INFO    | backend.app.services.model_manager:load_model:51 - Initializing new GPT instance in ModelManager...
2026-07-14 14:46:17 | INFO    | backend.app.api.routers.document:upload_document:47 - API triggered upload for file Fazil_Resume_New.pdf with chunk_size=500
2026-07-14 14:46:17 | INFO    | backend.app.services.ai_orchestrator:process_new_document:31 - Orchestrating ingestion for new document: Fazil_Resume_New.pdf
2026-07-14 14:46:17 | INFO    | backend.app.services.document_manager:upload_document:73 - Saving uploaded document: Fazil_Resume_New.pdf as 45df5f06-ab04-4bba-955d-17423af1285c.pdf
2026-07-14 14:46:17 | INFO    | backend.app.services.document_parser:parse:68 - Parsing document: D:\MYGPT\data\uploads\45df5f06-ab04-4bba-955d-17423af1285c.pdf
2026-07-14 14:46:18 | INFO    | backend.app.services.indexing_service:index_document:24 - Indexing document: 45df5f06-ab04-4bba-955d-17423af1285c
2026-07-14 14:46:18 | INFO    | backend.app.services.chunk_service:chunk_document:67 - Chunking document: 45df5f06-ab04-4bba-955d-17423af1285c with size=500, overlap=50
2026-07-14 14:46:18 | INFO    | backend.app.services.chunk_service:chunk_document:172 - Completed chunking. Generated 4 chunks for document: 45df5f06-ab04-4bba-955d-17423af1285c
2026-07-14 14:46:19 | INFO    | backend.app.services.storage_service:save_chunks:87 - Saving 4 chunks for document 45df5f06-ab04-4bba-955d-17423af1285c to JSON store.
2026-07-14 14:46:19 | INFO    | backend.app.services.indexing_service:index_document:49 - Successfully indexed document 45df5f06-ab04-4bba-955d-17423af1285c. 4 chunks persisted.
2026-07-14 14:46:54 | INFO    | backend.app.services.ai_orchestrator:process_chat_query:74 - Orchestrating chat query for session t9pcsj. Document filter: 45df5f06-ab04-4bba-955d-17423af1285c
2026-07-14 14:46:54 | INFO    | backend.app.services.conversation_memory:set_active_document:93 - Session t9pcsj active document set to 45df5f06-ab04-4bba-955d-17423af1285c
2026-07-14 14:46:54 | INFO    | backend.app.services.search_coordinator:search:35 - Coordinating search for query: 'is he fit for frontend developer role' (doc_id=45df5f06-ab04-4bba-955d-17423af1285c)
2026-07-14 14:46:54 | INFO    | backend.app.services.retrieval_service:retrieve_relevant_chunks:60 - Searching 4 chunks (doc_id=45df5f06-ab04-4bba-955d-17423af1285c) with threshold=0.0
2026-07-14 14:46:54 | INFO    | backend.app.services.retrieval_service:retrieve_relevant_chunks:82 - Retrieved 3 relevant chunks matching search criteria.
2026-07-14 14:46:54 | INFO    | backend.app.services.context_builder:build_context:27 - Building reasoning context for query 'is he fit for frontend develop...' with 3 chunks.
2026-07-14 14:46:54 | INFO    | backend.app.services.context_builder:build_context:63 - Reasoning context assembled successfully. Length: 1156 chars.
2026-07-14 14:46:54 | INFO    | backend.app.services.reasoning_service:reason:165 - Reasoning query: 'is he fit for frontend developer role'
2026-07-14 14:46:54 | INFO    | backend.app.services.answer_formatter:format_response:72 - Formatting final chat response. Confidence=0.0000
2026-07-14 14:46:54 | INFO    | backend.app.services.conversation_memory:add_message:50 - Added message to session t9pcsj from role 'user'
2026-07-14 14:46:54 | INFO    | backend.app.services.conversation_memory:add_message:50 - Added message to session t9pcsj from role 'assistant'
2026-07-14 14:47:06 | INFO    | backend.app.services.ai_orchestrator:process_chat_query:74 - Orchestrating chat query for session t9pcsj. Document filter: 45df5f06-ab04-4bba-955d-17423af1285c
2026-07-14 14:47:06 | INFO    | backend.app.services.conversation_memory:set_active_document:93 - Session t9pcsj active document set to 45df5f06-ab04-4bba-955d-17423af1285c
2026-07-14 14:47:06 | INFO    | backend.app.services.search_coordinator:search:35 - Coordinating search for query: 'Can you search for skills?' (doc_id=45df5f06-ab04-4bba-955d-17423af1285c)
2026-07-14 14:47:06 | INFO    | backend.app.services.retrieval_service:retrieve_relevant_chunks:60 - Searching 4 chunks (doc_id=45df5f06-ab04-4bba-955d-17423af1285c) with threshold=0.0
2026-07-14 14:47:06 | INFO    | backend.app.services.retrieval_service:retrieve_relevant_chunks:82 - Retrieved 3 relevant chunks matching search criteria.
2026-07-14 14:47:06 | INFO    | backend.app.services.context_builder:build_context:27 - Building reasoning context for query 'Can you search for skills?...' with 3 chunks.
2026-07-14 14:47:06 | INFO    | backend.app.services.context_builder:build_context:63 - Reasoning context assembled successfully. Length: 1156 chars.
2026-07-14 14:47:06 | INFO    | backend.app.services.reasoning_service:reason:165 - Reasoning query: 'Can you search for skills?'
2026-07-14 14:47:06 | INFO    | backend.app.services.answer_formatter:format_response:72 - Formatting final chat response. Confidence=0.0000
2026-07-14 14:47:06 | INFO    | backend.app.services.conversation_memory:add_message:50 - Added message to session t9pcsj from role 'user'
2026-07-14 14:47:06 | INFO    | backend.app.services.conversation_memory:add_message:50 - Added message to session t9pcsj from role 'assistant'
2026-07-14 14:58:40 | INFO    | app.main:websocket_training:141 - WebSocket client disconnected from training stream.
2026-07-14 14:58:40 | INFO    | app.main:websocket_training:141 - WebSocket client disconnected from training stream.
2026-07-14 14:58:47 | INFO    | backend.app.core.logging:configure_logging:48 - Application logging successfully initialized.
2026-07-14 14:58:47 | INFO    | backend.app.services.model_manager:__init__:41 - ModelManager singleton initialized. CPU/GPU Device: cpu
2026-07-14 14:58:47 | INFO    | backend.app.services.embedding_service:__init__:33 - Initializing MyGPTEmbedding provider.
2026-07-14 14:58:48 | WARNING | backend.app.services.ocr_service:__init__:36 - Tesseract OCR is not installed or not in PATH. OCR will run in fallback mode: tesseract is not installed or it's not in your PATH. See README file for more information.
2026-07-14 14:58:48 | INFO    | backend.app.services.reasoning_service:__init__:19 - Initializing ReasoningService.
2026-07-14 14:58:48 | INFO    | backend.app.services.conversation_memory:__init__:15 - ConversationMemory service initialized.
2026-07-14 14:58:48 | INFO    | app.main:startup_event:61 - Initializing MyGPT services and attempting to restore checkpoints...
2026-07-14 14:58:48 | INFO    | backend.app.services.model_manager:load_latest_checkpoint:151 - Successfully restored BPETokenizer vocabulary.
2026-07-14 14:58:48 | INFO    | app.main:startup_event:68 - Pre-loading MyGPT model structure into memory...
2026-07-14 14:58:48 | INFO    | backend.app.services.model_manager:load_model:51 - Initializing new GPT instance in ModelManager...
2026-07-14 14:58:48 | INFO    | app.main:startup_event:71 - MyGPT model successfully pre-loaded on boot.
2026-07-14 14:59:29 | INFO    | app.main:websocket_training:149 - WebSocket client disconnected from training stream.
2026-07-14 14:59:29 | INFO    | app.main:websocket_training:149 - WebSocket client disconnected from training stream.
2026-07-14 14:59:35 | INFO    | backend.app.core.logging:configure_logging:48 - Application logging successfully initialized.
2026-07-14 14:59:35 | INFO    | backend.app.services.model_manager:__init__:41 - ModelManager singleton initialized. CPU/GPU Device: cpu
2026-07-14 14:59:35 | INFO    | backend.app.services.embedding_service:__init__:33 - Initializing MyGPTEmbedding provider.
2026-07-14 14:59:36 | WARNING | backend.app.services.ocr_service:__init__:36 - Tesseract OCR is not installed or not in PATH. OCR will run in fallback mode: tesseract is not installed or it's not in your PATH. See README file for more information.
2026-07-14 14:59:36 | INFO    | backend.app.services.reasoning_service:__init__:19 - Initializing ReasoningService.
2026-07-14 14:59:36 | INFO    | backend.app.services.conversation_memory:__init__:15 - ConversationMemory service initialized.
2026-07-14 14:59:36 | INFO    | app.main:startup_event:61 - Initializing MyGPT services and attempting to restore checkpoints...
2026-07-14 14:59:36 | INFO    | backend.app.services.model_manager:load_latest_checkpoint:151 - Successfully restored BPETokenizer vocabulary.
2026-07-14 14:59:36 | INFO    | app.main:startup_event:68 - Pre-loading MyGPT model structure into memory...
2026-07-14 14:59:36 | INFO    | backend.app.services.model_manager:load_model:51 - Initializing new GPT instance in ModelManager...
2026-07-14 14:59:36 | INFO    | app.main:startup_event:71 - MyGPT model successfully pre-loaded on boot.
2026-07-14 14:59:46 | INFO    | app.main:websocket_training:149 - WebSocket client disconnected from training stream.
2026-07-14 14:59:46 | INFO    | app.main:websocket_training:149 - WebSocket client disconnected from training stream.
2026-07-14 14:59:51 | INFO    | backend.app.core.logging:configure_logging:48 - Application logging successfully initialized.
2026-07-14 14:59:51 | INFO    | backend.app.services.model_manager:__init__:41 - ModelManager singleton initialized. CPU/GPU Device: cpu
2026-07-14 14:59:51 | INFO    | backend.app.services.embedding_service:__init__:33 - Initializing MyGPTEmbedding provider.
2026-07-14 14:59:52 | WARNING | backend.app.services.ocr_service:__init__:36 - Tesseract OCR is not installed or not in PATH. OCR will run in fallback mode: tesseract is not installed or it's not in your PATH. See README file for more information.
2026-07-14 14:59:52 | INFO    | backend.app.services.reasoning_service:__init__:19 - Initializing ReasoningService.
2026-07-14 14:59:52 | INFO    | backend.app.services.conversation_memory:__init__:15 - ConversationMemory service initialized.
2026-07-14 14:59:52 | INFO    | app.main:startup_event:61 - Initializing MyGPT services and attempting to restore checkpoints...
2026-07-14 14:59:52 | INFO    | backend.app.services.model_manager:load_latest_checkpoint:151 - Successfully restored BPETokenizer vocabulary.
2026-07-14 14:59:52 | INFO    | app.main:startup_event:68 - Pre-loading MyGPT model structure into memory...
2026-07-14 14:59:52 | INFO    | backend.app.services.model_manager:load_model:51 - Initializing new GPT instance in ModelManager...
2026-07-14 14:59:52 | INFO    | app.main:startup_event:71 - MyGPT model successfully pre-loaded on boot.
2026-07-14 15:00:51 | INFO    | app.main:websocket_training:149 - WebSocket client disconnected from training stream.
2026-07-14 15:00:51 | INFO    | app.main:websocket_training:149 - WebSocket client disconnected from training stream.
2026-07-14 15:00:57 | INFO    | backend.app.core.logging:configure_logging:48 - Application logging successfully initialized.
2026-07-14 15:00:57 | INFO    | backend.app.services.model_manager:__init__:41 - ModelManager singleton initialized. CPU/GPU Device: cpu
2026-07-14 15:00:57 | INFO    | backend.app.services.embedding_service:__init__:33 - Initializing MyGPTEmbedding provider.
2026-07-14 15:00:58 | WARNING | backend.app.services.ocr_service:__init__:36 - Tesseract OCR is not installed or not in PATH. OCR will run in fallback mode: tesseract is not installed or it's not in your PATH. See README file for more information.
2026-07-14 15:00:58 | INFO    | backend.app.services.reasoning_service:__init__:19 - Initializing ReasoningService.
2026-07-14 15:00:58 | INFO    | backend.app.services.conversation_memory:__init__:15 - ConversationMemory service initialized.
2026-07-14 15:00:58 | INFO    | app.main:startup_event:61 - Initializing MyGPT services and attempting to restore checkpoints...
2026-07-14 15:00:58 | INFO    | backend.app.services.model_manager:load_latest_checkpoint:151 - Successfully restored BPETokenizer vocabulary.
2026-07-14 15:00:58 | INFO    | app.main:startup_event:68 - Pre-loading MyGPT model structure into memory...
2026-07-14 15:00:58 | INFO    | backend.app.services.model_manager:load_model:51 - Initializing new GPT instance in ModelManager...
2026-07-14 15:00:58 | INFO    | app.main:startup_event:71 - MyGPT model successfully pre-loaded on boot.
2026-07-14 15:01:11 | INFO    | app.main:websocket_training:149 - WebSocket client disconnected from training stream.
2026-07-14 15:01:11 | INFO    | app.main:websocket_training:149 - WebSocket client disconnected from training stream.
2026-07-14 15:01:21 | INFO    | backend.app.core.logging:configure_logging:48 - Application logging successfully initialized.
2026-07-14 15:01:21 | INFO    | backend.app.services.model_manager:__init__:41 - ModelManager singleton initialized. CPU/GPU Device: cpu
2026-07-14 15:01:21 | INFO    | backend.app.services.embedding_service:__init__:33 - Initializing MyGPTEmbedding provider.
2026-07-14 15:01:23 | WARNING | backend.app.services.ocr_service:__init__:36 - Tesseract OCR is not installed or not in PATH. OCR will run in fallback mode: tesseract is not installed or it's not in your PATH. See README file for more information.
2026-07-14 15:01:23 | INFO    | backend.app.services.reasoning_service:__init__:19 - Initializing ReasoningService.
2026-07-14 15:01:23 | INFO    | backend.app.services.conversation_memory:__init__:15 - ConversationMemory service initialized.
2026-07-14 15:01:23 | INFO    | app.main:startup_event:61 - Initializing MyGPT services and attempting to restore checkpoints...
2026-07-14 15:01:23 | INFO    | backend.app.services.model_manager:load_latest_checkpoint:151 - Successfully restored BPETokenizer vocabulary.
2026-07-14 15:01:23 | INFO    | app.main:startup_event:68 - Pre-loading MyGPT model structure into memory...
2026-07-14 15:01:23 | INFO    | backend.app.services.model_manager:load_model:51 - Initializing new GPT instance in ModelManager...
2026-07-14 15:01:23 | INFO    | app.main:startup_event:71 - MyGPT model successfully pre-loaded on boot.
2026-07-14 15:01:51 | INFO    | app.main:websocket_training:149 - WebSocket client disconnected from training stream.
2026-07-14 15:01:51 | INFO    | app.main:websocket_training:149 - WebSocket client disconnected from training stream.
2026-07-14 15:02:01 | INFO    | backend.app.core.logging:configure_logging:48 - Application logging successfully initialized.
2026-07-14 15:02:01 | INFO    | backend.app.services.model_manager:__init__:41 - ModelManager singleton initialized. CPU/GPU Device: cpu
2026-07-14 15:02:01 | INFO    | backend.app.services.embedding_service:__init__:33 - Initializing MyGPTEmbedding provider.
2026-07-14 15:02:04 | WARNING | backend.app.services.ocr_service:__init__:36 - Tesseract OCR is not installed or not in PATH. OCR will run in fallback mode: tesseract is not installed or it's not in your PATH. See README file for more information.
2026-07-14 15:02:04 | INFO    | backend.app.services.reasoning_service:__init__:19 - Initializing ReasoningService.
2026-07-14 15:02:04 | INFO    | backend.app.services.conversation_memory:__init__:15 - ConversationMemory service initialized.
2026-07-14 15:02:04 | INFO    | app.main:startup_event:61 - Initializing MyGPT services and attempting to restore checkpoints...
2026-07-14 15:02:04 | INFO    | backend.app.services.model_manager:load_latest_checkpoint:151 - Successfully restored BPETokenizer vocabulary.
2026-07-14 15:02:04 | INFO    | app.main:startup_event:68 - Pre-loading MyGPT model structure into memory...
2026-07-14 15:02:04 | INFO    | backend.app.services.model_manager:load_model:51 - Initializing new GPT instance in ModelManager...
2026-07-14 15:02:04 | INFO    | app.main:startup_event:71 - MyGPT model successfully pre-loaded on boot.
2026-07-14 15:03:32 | INFO    | backend.app.core.logging:configure_logging:48 - Application logging successfully initialized.
2026-07-14 15:03:32 | INFO    | backend.app.services.model_manager:__init__:41 - ModelManager singleton initialized. CPU/GPU Device: cpu
2026-07-14 15:03:32 | INFO    | backend.app.services.embedding_service:__init__:33 - Initializing MyGPTEmbedding provider.
2026-07-14 15:03:33 | WARNING | backend.app.services.ocr_service:__init__:36 - Tesseract OCR is not installed or not in PATH. OCR will run in fallback mode: tesseract is not installed or it's not in your PATH. See README file for more information.
2026-07-14 15:03:33 | INFO    | backend.app.services.reasoning_service:__init__:19 - Initializing ReasoningService.
2026-07-14 15:03:33 | INFO    | backend.app.services.conversation_memory:__init__:15 - ConversationMemory service initialized.
2026-07-14 15:03:33 | INFO    | backend.app.api.routers.document:upload_document:48 - API triggered upload for file test_invoice_9999.txt with chunk_size=40
2026-07-14 15:03:33 | INFO    | backend.app.services.ai_orchestrator:process_new_document:25 - Received document upload request for: test_invoice_9999.txt
2026-07-14 15:03:33 | INFO    | backend.app.services.document_manager:upload_document:73 - Saving uploaded document: test_invoice_9999.txt as 832d6e98-8a85-49f1-9488-b239881c0a12.txt
2026-07-14 15:03:33 | INFO    | backend.app.services.ai_orchestrator:process_new_document:32 - [UPLOAD] File received and registered: test_invoice_9999.txt in 3.72 ms
2026-07-14 15:03:33 | INFO    | backend.app.services.document_parser:parse:68 - Parsing document: D:\MYGPT\data\uploads\832d6e98-8a85-49f1-9488-b239881c0a12.txt
2026-07-14 15:03:33 | INFO    | backend.app.services.ai_orchestrator:process_new_document:40 - [PARSER] Document parsing and OCR completed in 6.30 ms
2026-07-14 15:03:33 | INFO    | backend.app.services.ai_orchestrator:index_document_background:52 - Starting background indexing for document 832d6e98-8a85-49f1-9488-b239881c0a12 with chunk_size=40
2026-07-14 15:03:33 | INFO    | backend.app.services.chunk_service:chunk_document:67 - Chunking document: 832d6e98-8a85-49f1-9488-b239881c0a12 with size=40, overlap=50
2026-07-14 15:03:33 | INFO    | backend.app.services.chunk_service:chunk_document:183 - Completed chunking. Generated 3 chunks for document: 832d6e98-8a85-49f1-9488-b239881c0a12
2026-07-14 15:03:33 | INFO    | backend.app.services.ai_orchestrator:index_document_background:69 - [CHUNK] Generated 3 chunks in 2.25 ms
2026-07-14 15:03:33 | INFO    | backend.app.services.model_manager:load_model:51 - Initializing new GPT instance in ModelManager...
2026-07-14 15:03:33 | INFO    | backend.app.services.ai_orchestrator:index_document_background:77 - [EMBEDDING] Generated vectors for 3 chunks in 39.10 ms
2026-07-14 15:03:33 | INFO    | backend.app.services.storage_service:save_chunks:87 - Saving 3 chunks for document 832d6e98-8a85-49f1-9488-b239881c0a12 to JSON store.
2026-07-14 15:03:33 | INFO    | backend.app.services.ai_orchestrator:index_document_background:87 - [INDEX] Stored local vector index in 4.09 ms
2026-07-14 15:03:33 | INFO    | backend.app.services.ai_orchestrator:index_document_background:92 - [TOTAL] Background ingestion completed in 67.97 ms. Document 832d6e98-8a85-49f1-9488-b239881c0a12 ready for chat.
2026-07-14 15:03:34 | INFO    | backend.app.services.ai_orchestrator:process_chat_query:118 - Orchestrating chat query for session test_verification_session. Document filter: 832d6e98-8a85-49f1-9488-b239881c0a12
2026-07-14 15:03:34 | INFO    | backend.app.services.conversation_memory:set_active_document:93 - Session test_verification_session active document set to 832d6e98-8a85-49f1-9488-b239881c0a12
2026-07-14 15:03:34 | INFO    | backend.app.services.search_coordinator:search:35 - Coordinating search for query: 'What is the total amount?' (doc_id=832d6e98-8a85-49f1-9488-b239881c0a12)
2026-07-14 15:03:34 | INFO    | backend.app.services.retrieval_service:retrieve_relevant_chunks:60 - Searching 3 chunks (doc_id=832d6e98-8a85-49f1-9488-b239881c0a12) with threshold=0.0
2026-07-14 15:03:34 | INFO    | backend.app.services.retrieval_service:retrieve_relevant_chunks:100 - Retrieved 3 relevant chunks matching search criteria.
2026-07-14 15:03:34 | INFO    | backend.app.services.context_builder:build_context:27 - Building reasoning context for query 'What is the total amount?...' with 3 chunks.
2026-07-14 15:03:34 | INFO    | backend.app.services.context_builder:build_context:63 - Reasoning context assembled successfully. Length: 248 chars.
2026-07-14 15:03:34 | INFO    | backend.app.services.reasoning_service:reason:165 - Reasoning query: 'What is the total amount?'
2026-07-14 15:03:34 | INFO    | backend.app.services.reasoning_service:reason:216 - Generated answer with confidence=0.5000
2026-07-14 15:03:34 | INFO    | backend.app.services.answer_formatter:format_response:72 - Formatting final chat response. Confidence=0.5000
2026-07-14 15:03:34 | INFO    | backend.app.services.conversation_memory:add_message:50 - Added message to session test_verification_session from role 'user'
2026-07-14 15:03:34 | INFO    | backend.app.services.conversation_memory:add_message:50 - Added message to session test_verification_session from role 'assistant'
2026-07-14 15:03:34 | INFO    | backend.app.services.ai_orchestrator:process_chat_query:118 - Orchestrating chat query for session test_verification_session. Document filter: 832d6e98-8a85-49f1-9488-b239881c0a12
2026-07-14 15:03:34 | INFO    | backend.app.services.conversation_memory:set_active_document:93 - Session test_verification_session active document set to 832d6e98-8a85-49f1-9488-b239881c0a12
2026-07-14 15:03:34 | INFO    | backend.app.services.search_coordinator:search:35 - Coordinating search for query: 'What is the GST tax?' (doc_id=832d6e98-8a85-49f1-9488-b239881c0a12)
2026-07-14 15:03:34 | INFO    | backend.app.services.retrieval_service:retrieve_relevant_chunks:60 - Searching 3 chunks (doc_id=832d6e98-8a85-49f1-9488-b239881c0a12) with threshold=0.0
2026-07-14 15:03:34 | INFO    | backend.app.services.retrieval_service:retrieve_relevant_chunks:100 - Retrieved 3 relevant chunks matching search criteria.
2026-07-14 15:03:34 | INFO    | backend.app.services.context_builder:build_context:27 - Building reasoning context for query 'What is the GST tax?...' with 3 chunks.
2026-07-14 15:03:34 | INFO    | backend.app.services.context_builder:build_context:63 - Reasoning context assembled successfully. Length: 248 chars.
2026-07-14 15:03:34 | INFO    | backend.app.services.reasoning_service:reason:165 - Reasoning query: 'What is the GST tax?'
2026-07-14 15:03:34 | INFO    | backend.app.services.reasoning_service:reason:216 - Generated answer with confidence=0.5000
2026-07-14 15:03:34 | INFO    | backend.app.services.answer_formatter:format_response:72 - Formatting final chat response. Confidence=0.5000
2026-07-14 15:03:34 | INFO    | backend.app.services.conversation_memory:add_message:50 - Added message to session test_verification_session from role 'user'
2026-07-14 15:03:34 | INFO    | backend.app.services.conversation_memory:add_message:50 - Added message to session test_verification_session from role 'assistant'
2026-07-14 15:03:35 | INFO    | backend.app.services.conversation_memory:clear_history:115 - Cleared history logs for session test_verification_session
2026-07-14 15:03:35 | INFO    | backend.app.services.document_manager:delete_document:155 - Removed physical file: D:\MYGPT\data\uploads\832d6e98-8a85-49f1-9488-b239881c0a12.txt
2026-07-14 15:03:35 | INFO    | backend.app.services.document_manager:delete_document:162 - Removed document 832d6e98-8a85-49f1-9488-b239881c0a12 from metadata database.
2026-07-14 15:03:35 | INFO    | backend.app.services.indexing_service:delete_document_index:61 - Deleting document index: 832d6e98-8a85-49f1-9488-b239881c0a12
2026-07-14 15:03:35 | INFO    | backend.app.services.storage_service:delete_chunks:110 - Deleting chunks for document 832d6e98-8a85-49f1-9488-b239881c0a12 from JSON store.
2026-07-14 15:04:37 | INFO    | app.main:websocket_training:149 - WebSocket client disconnected from training stream.
2026-07-14 15:04:37 | INFO    | app.main:websocket_training:149 - WebSocket client disconnected from training stream.
2026-07-14 15:04:50 | INFO    | backend.app.services.ai_orchestrator:process_chat_query:118 - Orchestrating chat query for session 7qerj. Document filter: 45df5f06-ab04-4bba-955d-17423af1285c
2026-07-14 15:04:50 | INFO    | backend.app.services.conversation_memory:set_active_document:93 - Session 7qerj active document set to 45df5f06-ab04-4bba-955d-17423af1285c
2026-07-14 15:04:50 | INFO    | backend.app.services.search_coordinator:search:35 - Coordinating search for query: 'Summarize this document.' (doc_id=45df5f06-ab04-4bba-955d-17423af1285c)
2026-07-14 15:04:50 | INFO    | backend.app.services.retrieval_service:retrieve_relevant_chunks:60 - Searching 4 chunks (doc_id=45df5f06-ab04-4bba-955d-17423af1285c) with threshold=0.0
2026-07-14 15:04:50 | INFO    | backend.app.services.retrieval_service:retrieve_relevant_chunks:100 - Retrieved 3 relevant chunks matching search criteria.
2026-07-14 15:04:50 | INFO    | backend.app.services.context_builder:build_context:27 - Building reasoning context for query 'Summarize this document....' with 3 chunks.
2026-07-14 15:04:50 | INFO    | backend.app.services.context_builder:build_context:63 - Reasoning context assembled successfully. Length: 1156 chars.
2026-07-14 15:04:50 | INFO    | backend.app.services.reasoning_service:reason:165 - Reasoning query: 'Summarize this document.'
2026-07-14 15:04:50 | INFO    | backend.app.services.reasoning_service:reason:216 - Generated answer with confidence=0.5000
2026-07-14 15:04:50 | INFO    | backend.app.services.answer_formatter:format_response:72 - Formatting final chat response. Confidence=0.5000
2026-07-14 15:04:50 | INFO    | backend.app.services.conversation_memory:add_message:50 - Added message to session 7qerj from role 'user'
2026-07-14 15:04:50 | INFO    | backend.app.services.conversation_memory:add_message:50 - Added message to session 7qerj from role 'assistant'
2026-07-14 15:08:19 | INFO    | backend.app.services.document_manager:delete_document:155 - Removed physical file: D:\MYGPT\data\uploads\45df5f06-ab04-4bba-955d-17423af1285c.pdf
2026-07-14 15:08:19 | INFO    | backend.app.services.document_manager:delete_document:162 - Removed document 45df5f06-ab04-4bba-955d-17423af1285c from metadata database.
2026-07-14 15:08:19 | INFO    | backend.app.services.indexing_service:delete_document_index:61 - Deleting document index: 45df5f06-ab04-4bba-955d-17423af1285c
2026-07-14 15:08:19 | INFO    | backend.app.services.storage_service:delete_chunks:110 - Deleting chunks for document 45df5f06-ab04-4bba-955d-17423af1285c from JSON store.
2026-07-14 15:13:32 | INFO    | app.main:websocket_training:149 - WebSocket client disconnected from training stream.
2026-07-14 15:13:32 | INFO    | app.main:websocket_training:149 - WebSocket client disconnected from training stream.
2026-07-14 15:20:50 | INFO    | backend.app.core.logging:configure_logging:48 - Application logging successfully initialized.
2026-07-14 15:20:50 | INFO    | backend.app.services.model_manager:__init__:41 - ModelManager singleton initialized. CPU/GPU Device: cpu
2026-07-14 15:20:50 | INFO    | backend.app.services.embedding_service:__init__:33 - Initializing MyGPTEmbedding provider.
2026-07-14 15:20:51 | WARNING | backend.app.services.ocr_service:__init__:36 - Tesseract OCR is not installed or not in PATH. OCR will run in fallback mode: tesseract is not installed or it's not in your PATH. See README file for more information.
2026-07-14 15:20:51 | INFO    | backend.app.services.reasoning_service:__init__:19 - Initializing ReasoningService.
2026-07-14 15:20:51 | INFO    | backend.app.services.conversation_memory:__init__:15 - ConversationMemory service initialized.
2026-07-14 15:20:51 | INFO    | backend.app.services.ai_orchestrator:__init__:23 - Initializing AIOrchestrator with v3 extensibility slots.
2026-07-14 15:20:51 | INFO    | backend.app.api.routers.document:upload_document:48 - API triggered upload for file test_invoice_9999.txt with chunk_size=40
2026-07-14 15:20:51 | INFO    | backend.app.services.ai_orchestrator:process_new_document:40 - UPLOAD START
2026-07-14 15:20:51 | INFO    | backend.app.services.document_manager:upload_document:73 - Saving uploaded document: test_invoice_9999.txt as 3f1b3c4c-43d3-4468-895b-0308d3e5eb9c.txt
2026-07-14 15:20:51 | INFO    | backend.app.services.ai_orchestrator:process_new_document:46 - UPLOAD END
2026-07-14 15:20:51 | INFO    | backend.app.services.ai_orchestrator:process_new_document:50 - PARSING START
2026-07-14 15:20:51 | INFO    | backend.app.services.document_parser:parse:70 - PARSING START
2026-07-14 15:20:51 | INFO    | backend.app.services.document_parser:parse:71 - Parsing document: D:\MYGPT\data\uploads\3f1b3c4c-43d3-4468-895b-0308d3e5eb9c.txt
2026-07-14 15:20:51 | INFO    | backend.app.services.document_parser:parse:119 - PARSING END
2026-07-14 15:20:51 | INFO    | backend.app.services.document_parser:parse:120 - TOTAL LATENCY (parse): 6.03 ms
2026-07-14 15:20:51 | INFO    | backend.app.services.ai_orchestrator:process_new_document:53 - PARSING END
2026-07-14 15:20:51 | INFO    | backend.app.services.ai_orchestrator:index_document_background:70 - CHUNKING START
2026-07-14 15:20:51 | INFO    | backend.app.services.chunk_service:chunk_document:67 - Chunking document: 3f1b3c4c-43d3-4468-895b-0308d3e5eb9c with size=40, overlap=50
2026-07-14 15:20:51 | INFO    | backend.app.services.chunk_service:chunk_document:183 - Completed chunking. Generated 3 chunks for document: 3f1b3c4c-43d3-4468-895b-0308d3e5eb9c
2026-07-14 15:20:51 | INFO    | backend.app.services.ai_orchestrator:index_document_background:72 - CHUNK COUNT: 3
2026-07-14 15:20:51 | INFO    | backend.app.services.ai_orchestrator:index_document_background:83 - EMBEDDING START
2026-07-14 15:20:51 | INFO    | backend.app.services.model_manager:load_model:51 - Initializing new GPT instance in ModelManager...
2026-07-14 15:20:52 | INFO    | backend.app.services.ai_orchestrator:index_document_background:86 - EMBEDDING END
2026-07-14 15:20:52 | INFO    | backend.app.services.ai_orchestrator:index_document_background:90 - INDEXING START
2026-07-14 15:20:52 | INFO    | backend.app.services.storage_service:save_chunks:87 - Saving 3 chunks for document 3f1b3c4c-43d3-4468-895b-0308d3e5eb9c to JSON store.
2026-07-14 15:20:52 | INFO    | backend.app.services.ai_orchestrator:index_document_background:95 - INDEXING END
2026-07-14 15:20:52 | INFO    | backend.app.services.ai_orchestrator:index_document_background:100 - TOTAL LATENCY: 64.96 ms
2026-07-14 15:20:52 | INFO    | backend.app.services.conversation_memory:set_active_document:93 - Session test_verification_session active document set to 3f1b3c4c-43d3-4468-895b-0308d3e5eb9c
2026-07-14 15:20:52 | INFO    | backend.app.services.search_service:search:36 - RETRIEVAL START
2026-07-14 15:20:52 | INFO    | backend.app.services.search_service:search:37 - TOP K: 3
2026-07-14 15:20:52 | INFO    | backend.app.services.search_service:search:38 - SIMILARITY: 0.0
2026-07-14 15:20:52 | INFO    | backend.app.services.search_service:search:39 - Search mode triggered: hybrid for query: 'What is the total amount?'
2026-07-14 15:20:52 | INFO    | backend.app.services.retrieval_service:retrieve_relevant_chunks:60 - Searching 3 chunks (doc_id=3f1b3c4c-43d3-4468-895b-0308d3e5eb9c) with threshold=0.0
2026-07-14 15:20:52 | INFO    | backend.app.services.retrieval_service:retrieve_relevant_chunks:100 - Retrieved 3 relevant chunks matching search criteria.
2026-07-14 15:20:52 | INFO    | backend.app.services.ai_orchestrator:process_chat_query:132 - CONTEXT BUILD
2026-07-14 15:20:52 | INFO    | backend.app.services.context_builder:build_context:27 - Building reasoning context for query 'What is the total amount?...' with 3 chunks.
2026-07-14 15:20:52 | INFO    | backend.app.services.context_builder:build_context:63 - Reasoning context assembled successfully. Length: 248 chars.
2026-07-14 15:20:52 | INFO    | backend.app.services.reasoning_service:reason:202 - REASONING START
2026-07-14 15:20:52 | INFO    | backend.app.services.reasoning_service:reason:203 - Reasoning query: 'What is the total amount?'
2026-07-14 15:20:52 | INFO    | backend.app.services.reasoning_service:reason:212 - Inferred intent: Invoice
2026-07-14 15:20:53 | INFO    | backend.app.services.reasoning_service:reason:283 - TOKENS GENERATED
2026-07-14 15:20:53 | INFO    | backend.app.services.reasoning_service:reason:284 - ANSWER GENERATED
2026-07-14 15:20:53 | INFO    | backend.app.services.answer_formatter:format_response:111 - Formatting final chat response. Confidence=80.5147489893666
2026-07-14 15:20:53 | INFO    | backend.app.services.answer_formatter:format_response:112 - ANSWER GENERATED
2026-07-14 15:20:53 | INFO    | backend.app.services.conversation_memory:add_message:50 - Added message to session test_verification_session from role 'user'
2026-07-14 15:20:53 | INFO    | backend.app.services.conversation_memory:add_message:50 - Added message to session test_verification_session from role 'assistant'
2026-07-14 15:20:53 | INFO    | backend.app.services.conversation_memory:set_active_document:93 - Session test_verification_session active document set to 3f1b3c4c-43d3-4468-895b-0308d3e5eb9c
2026-07-14 15:20:53 | INFO    | backend.app.services.search_service:search:36 - RETRIEVAL START
2026-07-14 15:20:53 | INFO    | backend.app.services.search_service:search:37 - TOP K: 3
2026-07-14 15:20:53 | INFO    | backend.app.services.search_service:search:38 - SIMILARITY: 0.0
2026-07-14 15:20:53 | INFO    | backend.app.services.search_service:search:39 - Search mode triggered: hybrid for query: 'What is the GST tax?'
2026-07-14 15:20:53 | INFO    | backend.app.services.retrieval_service:retrieve_relevant_chunks:60 - Searching 3 chunks (doc_id=3f1b3c4c-43d3-4468-895b-0308d3e5eb9c) with threshold=0.0
2026-07-14 15:20:53 | INFO    | backend.app.services.retrieval_service:retrieve_relevant_chunks:100 - Retrieved 3 relevant chunks matching search criteria.
2026-07-14 15:20:53 | INFO    | backend.app.services.ai_orchestrator:process_chat_query:132 - CONTEXT BUILD
2026-07-14 15:20:53 | INFO    | backend.app.services.context_builder:build_context:27 - Building reasoning context for query 'What is the GST tax?...' with 3 chunks.
2026-07-14 15:20:53 | INFO    | backend.app.services.context_builder:build_context:63 - Reasoning context assembled successfully. Length: 248 chars.
2026-07-14 15:20:53 | INFO    | backend.app.services.reasoning_service:reason:202 - REASONING START
2026-07-14 15:20:53 | INFO    | backend.app.services.reasoning_service:reason:203 - Reasoning query: 'What is the GST tax?'
2026-07-14 15:20:53 | INFO    | backend.app.services.reasoning_service:reason:212 - Inferred intent: Invoice
2026-07-14 15:20:54 | INFO    | backend.app.services.reasoning_service:reason:283 - TOKENS GENERATED
2026-07-14 15:20:54 | INFO    | backend.app.services.reasoning_service:reason:284 - ANSWER GENERATED
2026-07-14 15:20:54 | INFO    | backend.app.services.answer_formatter:format_response:111 - Formatting final chat response. Confidence=74.07762068668661
2026-07-14 15:20:54 | INFO    | backend.app.services.answer_formatter:format_response:112 - ANSWER GENERATED
2026-07-14 15:20:54 | INFO    | backend.app.services.conversation_memory:add_message:50 - Added message to session test_verification_session from role 'user'
2026-07-14 15:20:54 | INFO    | backend.app.services.conversation_memory:add_message:50 - Added message to session test_verification_session from role 'assistant'
2026-07-14 15:20:54 | INFO    | backend.app.services.conversation_memory:clear_history:115 - Cleared history logs for session test_verification_session
2026-07-14 15:20:54 | INFO    | backend.app.services.document_manager:delete_document:155 - Removed physical file: D:\MYGPT\data\uploads\3f1b3c4c-43d3-4468-895b-0308d3e5eb9c.txt
2026-07-14 15:20:54 | INFO    | backend.app.services.document_manager:delete_document:162 - Removed document 3f1b3c4c-43d3-4468-895b-0308d3e5eb9c from metadata database.
2026-07-14 15:20:54 | INFO    | backend.app.services.indexing_service:delete_document_index:61 - Deleting document index: 3f1b3c4c-43d3-4468-895b-0308d3e5eb9c
2026-07-14 15:20:54 | INFO    | backend.app.services.storage_service:delete_chunks:110 - Deleting chunks for document 3f1b3c4c-43d3-4468-895b-0308d3e5eb9c from JSON store.
2026-07-14 15:27:47 | INFO    | backend.app.core.logging:configure_logging:48 - Application logging successfully initialized.
2026-07-14 15:27:47 | INFO    | backend.app.services.model_manager:__init__:41 - ModelManager singleton initialized. CPU/GPU Device: cpu
2026-07-14 15:27:47 | INFO    | backend.app.services.embedding_service:__init__:33 - Initializing MyGPTEmbedding provider.
2026-07-14 15:27:48 | WARNING | backend.app.services.ocr_service:__init__:36 - Tesseract OCR is not installed or not in PATH. OCR will run in fallback mode: tesseract is not installed or it's not in your PATH. See README file for more information.
2026-07-14 15:27:48 | INFO    | backend.app.services.reasoning_service:__init__:19 - Initializing ReasoningService.
2026-07-14 15:27:48 | INFO    | backend.app.services.conversation_memory:__init__:15 - ConversationMemory service initialized.
2026-07-14 15:27:48 | INFO    | backend.app.services.ai_orchestrator:__init__:23 - Initializing AIOrchestrator with v3 extensibility slots.
2026-07-14 15:27:48 | INFO    | app.main:startup_event:61 - Initializing MyGPT services and attempting to restore checkpoints...
2026-07-14 15:27:48 | INFO    | backend.app.services.model_manager:load_latest_checkpoint:151 - Successfully restored BPETokenizer vocabulary.
2026-07-14 15:27:48 | INFO    | app.main:startup_event:68 - Pre-loading MyGPT model structure into memory...
2026-07-14 15:27:48 | INFO    | backend.app.services.model_manager:load_model:51 - Initializing new GPT instance in ModelManager...
2026-07-14 15:27:48 | INFO    | app.main:startup_event:71 - MyGPT model successfully pre-loaded on boot.
2026-07-14 15:27:48 | INFO    | backend.app.api.routers.document:upload_document:48 - API triggered upload for file Recruitment_Sprint_Plan.xlsx with chunk_size=500
2026-07-14 15:27:48 | INFO    | backend.app.services.ai_orchestrator:process_new_document:40 - UPLOAD START
2026-07-14 15:27:48 | INFO    | backend.app.services.document_manager:upload_document:73 - Saving uploaded document: Recruitment_Sprint_Plan.xlsx as fb1335d7-d1bf-45dd-9c59-4681af73c10b.xlsx
2026-07-14 15:27:48 | INFO    | backend.app.services.ai_orchestrator:process_new_document:46 - UPLOAD END
2026-07-14 15:27:48 | INFO    | backend.app.services.ai_orchestrator:process_new_document:50 - PARSING START
2026-07-14 15:27:48 | INFO    | backend.app.services.document_parser:parse:70 - PARSING START
2026-07-14 15:27:48 | INFO    | backend.app.services.document_parser:parse:71 - Parsing document: D:\MYGPT\data\uploads\fb1335d7-d1bf-45dd-9c59-4681af73c10b.xlsx
2026-07-14 15:27:48 | INFO    | backend.app.services.document_parser:parse:119 - PARSING END
2026-07-14 15:27:48 | INFO    | backend.app.services.document_parser:parse:120 - TOTAL LATENCY (parse): 28.72 ms
2026-07-14 15:27:48 | INFO    | backend.app.services.ai_orchestrator:process_new_document:53 - PARSING END
2026-07-14 15:27:48 | INFO    | backend.app.services.ai_orchestrator:index_document_background:70 - CHUNKING START
2026-07-14 15:27:48 | INFO    | backend.app.services.chunk_service:chunk_document:67 - Chunking document: fb1335d7-d1bf-45dd-9c59-4681af73c10b with size=500, overlap=50
2026-07-14 15:27:48 | INFO    | backend.app.services.chunk_service:chunk_document:183 - Completed chunking. Generated 6 chunks for document: fb1335d7-d1bf-45dd-9c59-4681af73c10b
2026-07-14 15:27:48 | INFO    | backend.app.services.ai_orchestrator:index_document_background:72 - CHUNK COUNT: 6
2026-07-14 15:27:48 | INFO    | backend.app.services.ai_orchestrator:index_document_background:83 - EMBEDDING START
2026-07-14 15:27:49 | INFO    | backend.app.services.ai_orchestrator:index_document_background:86 - EMBEDDING END
2026-07-14 15:27:49 | INFO    | backend.app.services.ai_orchestrator:index_document_background:90 - INDEXING START
2026-07-14 15:27:49 | INFO    | backend.app.services.storage_service:save_chunks:87 - Saving 6 chunks for document fb1335d7-d1bf-45dd-9c59-4681af73c10b to JSON store.
2026-07-14 15:27:49 | INFO    | backend.app.services.ai_orchestrator:index_document_background:95 - INDEXING END
2026-07-14 15:27:49 | INFO    | backend.app.services.ai_orchestrator:index_document_background:100 - TOTAL LATENCY: 340.28 ms
2026-07-14 15:27:57 | INFO    | app.main:websocket_training:149 - WebSocket client disconnected from training stream.
2026-07-14 15:27:57 | INFO    | app.main:websocket_training:149 - WebSocket client disconnected from training stream.
2026-07-14 15:28:10 | INFO    | backend.app.core.logging:configure_logging:48 - Application logging successfully initialized.
2026-07-14 15:28:10 | INFO    | backend.app.services.model_manager:__init__:41 - ModelManager singleton initialized. CPU/GPU Device: cpu
2026-07-14 15:28:11 | INFO    | backend.app.services.embedding_service:__init__:33 - Initializing MyGPTEmbedding provider.
2026-07-14 15:28:13 | WARNING | backend.app.services.ocr_service:__init__:36 - Tesseract OCR is not installed or not in PATH. OCR will run in fallback mode: tesseract is not installed or it's not in your PATH. See README file for more information.
2026-07-14 15:28:13 | INFO    | backend.app.services.reasoning_service:__init__:19 - Initializing ReasoningService.
2026-07-14 15:28:13 | INFO    | backend.app.services.conversation_memory:__init__:15 - ConversationMemory service initialized.
2026-07-14 15:28:13 | INFO    | backend.app.services.ai_orchestrator:__init__:23 - Initializing AIOrchestrator with v3 extensibility slots.
2026-07-14 15:28:13 | INFO    | app.main:startup_event:61 - Initializing MyGPT services and attempting to restore checkpoints...
2026-07-14 15:28:13 | INFO    | backend.app.services.model_manager:load_latest_checkpoint:151 - Successfully restored BPETokenizer vocabulary.
2026-07-14 15:28:13 | INFO    | app.main:startup_event:68 - Pre-loading MyGPT model structure into memory...
2026-07-14 15:28:13 | INFO    | backend.app.services.model_manager:load_model:51 - Initializing new GPT instance in ModelManager...
2026-07-14 15:28:13 | INFO    | app.main:startup_event:71 - MyGPT model successfully pre-loaded on boot.
2026-07-14 15:28:24 | INFO    | backend.app.services.conversation_memory:set_active_document:93 - Session 7nfhu active document set to fb1335d7-d1bf-45dd-9c59-4681af73c10b
2026-07-14 15:28:24 | INFO    | backend.app.services.search_service:search:36 - RETRIEVAL START
2026-07-14 15:28:24 | INFO    | backend.app.services.search_service:search:37 - TOP K: 3
2026-07-14 15:28:24 | INFO    | backend.app.services.search_service:search:38 - SIMILARITY: 0.0
2026-07-14 15:28:24 | INFO    | backend.app.services.search_service:search:39 - Search mode triggered: hybrid for query: 'Summarize this document.'
2026-07-14 15:28:24 | INFO    | backend.app.services.retrieval_service:retrieve_relevant_chunks:60 - Searching 6 chunks (doc_id=fb1335d7-d1bf-45dd-9c59-4681af73c10b) with threshold=0.0
2026-07-14 15:28:24 | INFO    | backend.app.services.retrieval_service:retrieve_relevant_chunks:100 - Retrieved 6 relevant chunks matching search criteria.
2026-07-14 15:28:24 | INFO    | backend.app.services.ai_orchestrator:process_chat_query:132 - CONTEXT BUILD
2026-07-14 15:28:24 | INFO    | backend.app.services.context_builder:build_context:27 - Building reasoning context for query 'Summarize this document....' with 3 chunks.
2026-07-14 15:28:24 | INFO    | backend.app.services.context_builder:build_context:63 - Reasoning context assembled successfully. Length: 1515 chars.
2026-07-14 15:28:24 | INFO    | backend.app.services.reasoning_service:reason:202 - REASONING START
2026-07-14 15:28:24 | INFO    | backend.app.services.reasoning_service:reason:203 - Reasoning query: 'Summarize this document.'
2026-07-14 15:28:24 | INFO    | backend.app.services.reasoning_service:reason:212 - Inferred intent: Summary
2026-07-14 15:28:25 | INFO    | backend.app.services.reasoning_service:reason:283 - TOKENS GENERATED
2026-07-14 15:28:25 | INFO    | backend.app.services.reasoning_service:reason:284 - ANSWER GENERATED
2026-07-14 15:28:25 | INFO    | backend.app.services.answer_formatter:format_response:111 - Formatting final chat response. Confidence=66.78815787528816
2026-07-14 15:28:25 | INFO    | backend.app.services.answer_formatter:format_response:112 - ANSWER GENERATED
2026-07-14 15:28:25 | INFO    | backend.app.services.conversation_memory:add_message:50 - Added message to session 7nfhu from role 'user'
2026-07-14 15:28:25 | INFO    | backend.app.services.conversation_memory:add_message:50 - Added message to session 7nfhu from role 'assistant'
2026-07-14 15:28:49 | INFO    | backend.app.services.conversation_memory:set_active_document:93 - Session 7nfhu active document set to fb1335d7-d1bf-45dd-9c59-4681af73c10b
2026-07-14 15:28:49 | INFO    | backend.app.services.search_service:search:36 - RETRIEVAL START
2026-07-14 15:28:49 | INFO    | backend.app.services.search_service:search:37 - TOP K: 3
2026-07-14 15:28:49 | INFO    | backend.app.services.search_service:search:38 - SIMILARITY: 0.0
2026-07-14 15:28:49 | INFO    | backend.app.services.search_service:search:39 - Search mode triggered: hybrid for query: 'what is this exel based on'
2026-07-14 15:28:49 | INFO    | backend.app.services.retrieval_service:retrieve_relevant_chunks:60 - Searching 6 chunks (doc_id=fb1335d7-d1bf-45dd-9c59-4681af73c10b) with threshold=0.0
2026-07-14 15:28:50 | INFO    | backend.app.services.retrieval_service:retrieve_relevant_chunks:100 - Retrieved 6 relevant chunks matching search criteria.
2026-07-14 15:28:50 | INFO    | backend.app.services.ai_orchestrator:process_chat_query:132 - CONTEXT BUILD
2026-07-14 15:28:50 | INFO    | backend.app.services.context_builder:build_context:27 - Building reasoning context for query 'what is this exel based on...' with 3 chunks.
2026-07-14 15:28:50 | INFO    | backend.app.services.context_builder:build_context:63 - Reasoning context assembled successfully. Length: 1399 chars.
2026-07-14 15:28:50 | INFO    | backend.app.services.reasoning_service:reason:202 - REASONING START
2026-07-14 15:28:50 | INFO    | backend.app.services.reasoning_service:reason:203 - Reasoning query: 'what is this exel based on'
2026-07-14 15:28:50 | INFO    | backend.app.services.reasoning_service:reason:212 - Inferred intent: Question Answering
2026-07-14 15:28:50 | INFO    | backend.app.services.reasoning_service:reason:283 - TOKENS GENERATED
2026-07-14 15:28:50 | INFO    | backend.app.services.reasoning_service:reason:284 - ANSWER GENERATED
2026-07-14 15:28:50 | INFO    | backend.app.services.answer_formatter:format_response:111 - Formatting final chat response. Confidence=75.51127659773215
2026-07-14 15:28:50 | INFO    | backend.app.services.answer_formatter:format_response:112 - ANSWER GENERATED
2026-07-14 15:28:50 | INFO    | backend.app.services.conversation_memory:add_message:50 - Added message to session 7nfhu from role 'user'
2026-07-14 15:28:50 | INFO    | backend.app.services.conversation_memory:add_message:50 - Added message to session 7nfhu from role 'assistant'
2026-07-14 15:37:20 | INFO    | backend.app.services.conversation_memory:set_active_document:93 - Session 7nfhu active document set to fb1335d7-d1bf-45dd-9c59-4681af73c10b
2026-07-14 15:37:20 | INFO    | backend.app.services.search_service:search:36 - RETRIEVAL START
2026-07-14 15:37:20 | INFO    | backend.app.services.search_service:search:37 - TOP K: 3
2026-07-14 15:37:20 | INFO    | backend.app.services.search_service:search:38 - SIMILARITY: 0.0
2026-07-14 15:37:20 | INFO    | backend.app.services.search_service:search:39 - Search mode triggered: hybrid for query: 'What are the technical skills listed?'
2026-07-14 15:37:20 | INFO    | backend.app.services.retrieval_service:retrieve_relevant_chunks:60 - Searching 6 chunks (doc_id=fb1335d7-d1bf-45dd-9c59-4681af73c10b) with threshold=0.0
2026-07-14 15:37:20 | INFO    | backend.app.services.retrieval_service:retrieve_relevant_chunks:100 - Retrieved 6 relevant chunks matching search criteria.
2026-07-14 15:37:20 | INFO    | backend.app.services.ai_orchestrator:process_chat_query:132 - CONTEXT BUILD
2026-07-14 15:37:20 | INFO    | backend.app.services.context_builder:build_context:27 - Building reasoning context for query 'What are the technical skills ...' with 3 chunks.
2026-07-14 15:37:20 | INFO    | backend.app.services.context_builder:build_context:63 - Reasoning context assembled successfully. Length: 1335 chars.
2026-07-14 15:37:20 | INFO    | backend.app.services.reasoning_service:reason:202 - REASONING START
2026-07-14 15:37:20 | INFO    | backend.app.services.reasoning_service:reason:203 - Reasoning query: 'What are the technical skills listed?'
2026-07-14 15:37:20 | INFO    | backend.app.services.reasoning_service:reason:212 - Inferred intent: Skills
2026-07-14 15:37:20 | INFO    | backend.app.services.reasoning_service:reason:283 - TOKENS GENERATED
2026-07-14 15:37:21 | INFO    | backend.app.services.reasoning_service:reason:284 - ANSWER GENERATED
2026-07-14 15:37:21 | INFO    | backend.app.services.answer_formatter:format_response:111 - Formatting final chat response. Confidence=68.70827806253732
2026-07-14 15:37:21 | INFO    | backend.app.services.answer_formatter:format_response:112 - ANSWER GENERATED
2026-07-14 15:37:21 | INFO    | backend.app.services.conversation_memory:add_message:50 - Added message to session 7nfhu from role 'user'
2026-07-14 15:37:21 | INFO    | backend.app.services.conversation_memory:add_message:50 - Added message to session 7nfhu from role 'assistant'
2026-07-14 15:37:50 | INFO    | backend.app.services.conversation_memory:set_active_document:93 - Session 7nfhu active document set to fb1335d7-d1bf-45dd-9c59-4681af73c10b
2026-07-14 15:37:50 | INFO    | backend.app.services.search_service:search:36 - RETRIEVAL START
2026-07-14 15:37:50 | INFO    | backend.app.services.search_service:search:37 - TOP K: 3
2026-07-14 15:37:50 | INFO    | backend.app.services.search_service:search:38 - SIMILARITY: 0.0
2026-07-14 15:37:50 | INFO    | backend.app.services.search_service:search:39 - Search mode triggered: hybrid for query: 'what is the exel telling give  me the summary'
2026-07-14 15:37:51 | INFO    | backend.app.services.retrieval_service:retrieve_relevant_chunks:60 - Searching 6 chunks (doc_id=fb1335d7-d1bf-45dd-9c59-4681af73c10b) with threshold=0.0
2026-07-14 15:37:52 | INFO    | backend.app.services.retrieval_service:retrieve_relevant_chunks:100 - Retrieved 6 relevant chunks matching search criteria.
2026-07-14 15:37:52 | INFO    | backend.app.services.ai_orchestrator:process_chat_query:132 - CONTEXT BUILD
2026-07-14 15:37:52 | INFO    | backend.app.services.context_builder:build_context:27 - Building reasoning context for query 'what is the exel telling give ...' with 3 chunks.
2026-07-14 15:37:52 | INFO    | backend.app.services.context_builder:build_context:63 - Reasoning context assembled successfully. Length: 1250 chars.
2026-07-14 15:37:52 | INFO    | backend.app.services.reasoning_service:reason:202 - REASONING START
2026-07-14 15:37:52 | INFO    | backend.app.services.reasoning_service:reason:203 - Reasoning query: 'what is the exel telling give  me the summary'
2026-07-14 15:37:52 | INFO    | backend.app.services.reasoning_service:reason:212 - Inferred intent: Summary
2026-07-14 15:37:53 | INFO    | backend.app.services.reasoning_service:reason:283 - TOKENS GENERATED
2026-07-14 15:37:53 | INFO    | backend.app.services.reasoning_service:reason:284 - ANSWER GENERATED
2026-07-14 15:37:53 | INFO    | backend.app.services.answer_formatter:format_response:111 - Formatting final chat response. Confidence=73.50811322109575
2026-07-14 15:37:53 | INFO    | backend.app.services.answer_formatter:format_response:112 - ANSWER GENERATED
2026-07-14 15:37:54 | INFO    | backend.app.services.conversation_memory:add_message:50 - Added message to session 7nfhu from role 'user'
2026-07-14 15:37:54 | INFO    | backend.app.services.conversation_memory:add_message:50 - Added message to session 7nfhu from role 'assistant'
2026-07-14 15:38:37 | INFO    | backend.app.services.conversation_memory:set_active_document:93 - Session 7nfhu active document set to fb1335d7-d1bf-45dd-9c59-4681af73c10b
2026-07-14 15:38:37 | INFO    | backend.app.services.search_service:search:36 - RETRIEVAL START
2026-07-14 15:38:37 | INFO    | backend.app.services.search_service:search:37 - TOP K: 3
2026-07-14 15:38:37 | INFO    | backend.app.services.search_service:search:38 - SIMILARITY: 0.0
2026-07-14 15:38:37 | INFO    | backend.app.services.search_service:search:39 - Search mode triggered: hybrid for query: 'your gicing wrong content'
2026-07-14 15:38:38 | INFO    | backend.app.services.retrieval_service:retrieve_relevant_chunks:60 - Searching 6 chunks (doc_id=fb1335d7-d1bf-45dd-9c59-4681af73c10b) with threshold=0.0
2026-07-14 15:38:38 | INFO    | backend.app.services.retrieval_service:retrieve_relevant_chunks:100 - Retrieved 6 relevant chunks matching search criteria.
2026-07-14 15:38:38 | INFO    | backend.app.services.ai_orchestrator:process_chat_query:132 - CONTEXT BUILD
2026-07-14 15:38:38 | INFO    | backend.app.services.context_builder:build_context:27 - Building reasoning context for query 'your gicing wrong content...' with 3 chunks.
2026-07-14 15:38:38 | INFO    | backend.app.services.context_builder:build_context:63 - Reasoning context assembled successfully. Length: 1515 chars.
2026-07-14 15:38:38 | INFO    | backend.app.services.reasoning_service:reason:202 - REASONING START
2026-07-14 15:38:38 | INFO    | backend.app.services.reasoning_service:reason:203 - Reasoning query: 'your gicing wrong content'
2026-07-14 15:38:38 | INFO    | backend.app.services.reasoning_service:reason:212 - Inferred intent: Question Answering
2026-07-14 15:38:38 | INFO    | backend.app.services.reasoning_service:reason:283 - TOKENS GENERATED
2026-07-14 15:38:38 | INFO    | backend.app.services.reasoning_service:reason:284 - ANSWER GENERATED
2026-07-14 15:38:39 | INFO    | backend.app.services.answer_formatter:format_response:111 - Formatting final chat response. Confidence=72.3219201630441
2026-07-14 15:38:39 | INFO    | backend.app.services.answer_formatter:format_response:112 - ANSWER GENERATED
2026-07-14 15:38:39 | INFO    | backend.app.services.conversation_memory:add_message:50 - Added message to session 7nfhu from role 'user'
2026-07-14 15:38:39 | INFO    | backend.app.services.conversation_memory:add_message:50 - Added message to session 7nfhu from role 'assistant'
2026-07-14 15:56:00 | INFO    | backend.app.core.logging:configure_logging:48 - Application logging successfully initialized.
2026-07-14 15:56:00 | INFO    | backend.app.services.model_manager:__init__:41 - ModelManager singleton initialized. CPU/GPU Device: cpu
2026-07-14 15:56:01 | INFO    | backend.app.services.embedding_service:__init__:33 - Initializing MyGPTEmbedding provider.
2026-07-14 15:56:03 | WARNING | backend.app.services.ocr_service:__init__:36 - Tesseract OCR is not installed or not in PATH. OCR will run in fallback mode: tesseract is not installed or it's not in your PATH. See README file for more information.
2026-07-14 15:56:03 | INFO    | backend.app.services.reasoning_service:__init__:19 - Initializing ReasoningService.
2026-07-14 15:56:03 | INFO    | backend.app.services.conversation_memory:__init__:15 - ConversationMemory service initialized.
2026-07-14 15:56:03 | INFO    | backend.app.services.ai_orchestrator:__init__:23 - Initializing AIOrchestrator with v3 extensibility slots.
2026-07-14 15:56:03 | INFO    | backend.app.api.routers.document:upload_document:48 - API triggered upload for file test_invoice_9999.txt with chunk_size=40
2026-07-14 15:56:03 | INFO    | backend.app.services.ai_orchestrator:process_new_document:40 - UPLOAD START
2026-07-14 15:56:03 | INFO    | backend.app.services.document_manager:upload_document:73 - Saving uploaded document: test_invoice_9999.txt as 0a84c3aa-59e8-48d3-a4e4-71e92f639c25.txt
2026-07-14 15:56:03 | INFO    | backend.app.services.ai_orchestrator:process_new_document:46 - UPLOAD END
2026-07-14 15:56:03 | INFO    | backend.app.services.ai_orchestrator:process_new_document:50 - PARSING START
2026-07-14 15:56:03 | INFO    | backend.app.services.document_parser:parse:70 - PARSING START
2026-07-14 15:56:03 | INFO    | backend.app.services.document_parser:parse:71 - Parsing document: D:\MYGPT\data\uploads\0a84c3aa-59e8-48d3-a4e4-71e92f639c25.txt
2026-07-14 15:56:03 | INFO    | backend.app.services.document_parser:parse:119 - PARSING END
2026-07-14 15:56:03 | INFO    | backend.app.services.document_parser:parse:120 - TOTAL LATENCY (parse): 7.62 ms
2026-07-14 15:56:03 | INFO    | backend.app.services.ai_orchestrator:process_new_document:53 - PARSING END
2026-07-14 15:56:03 | INFO    | backend.app.services.ai_orchestrator:index_document_background:70 - CHUNKING START
2026-07-14 15:56:03 | INFO    | backend.app.services.chunk_service:chunk_document:67 - Chunking document: 0a84c3aa-59e8-48d3-a4e4-71e92f639c25 with size=40, overlap=50
2026-07-14 15:56:03 | INFO    | backend.app.services.chunk_service:chunk_document:183 - Completed chunking. Generated 3 chunks for document: 0a84c3aa-59e8-48d3-a4e4-71e92f639c25
2026-07-14 15:56:03 | INFO    | backend.app.services.ai_orchestrator:index_document_background:72 - CHUNK COUNT: 3
2026-07-14 15:56:03 | INFO    | backend.app.services.ai_orchestrator:index_document_background:83 - EMBEDDING START
2026-07-14 15:56:03 | INFO    | backend.app.services.model_manager:load_model:51 - Initializing new GPT instance in ModelManager...
2026-07-14 15:56:03 | INFO    | backend.app.services.ai_orchestrator:index_document_background:86 - EMBEDDING END
2026-07-14 15:56:03 | INFO    | backend.app.services.ai_orchestrator:index_document_background:90 - INDEXING START
2026-07-14 15:56:03 | INFO    | backend.app.services.storage_service:save_chunks:87 - Saving 3 chunks for document 0a84c3aa-59e8-48d3-a4e4-71e92f639c25 to JSON store.
2026-07-14 15:56:03 | INFO    | backend.app.services.ai_orchestrator:index_document_background:95 - INDEXING END
2026-07-14 15:56:03 | INFO    | backend.app.services.ai_orchestrator:index_document_background:100 - TOTAL LATENCY: 244.06 ms
2026-07-14 15:56:04 | INFO    | backend.app.services.conversation_memory:set_active_document:93 - Session test_verification_session active document set to 0a84c3aa-59e8-48d3-a4e4-71e92f639c25
2026-07-14 15:56:04 | INFO    | backend.app.services.search_service:search:36 - RETRIEVAL START
2026-07-14 15:56:04 | INFO    | backend.app.services.search_service:search:37 - TOP K: 3
2026-07-14 15:56:04 | INFO    | backend.app.services.search_service:search:38 - SIMILARITY: 0.0
2026-07-14 15:56:04 | INFO    | backend.app.services.search_service:search:39 - Search mode triggered: hybrid for query: 'What is the total amount?'
2026-07-14 15:56:04 | INFO    | backend.app.services.retrieval_service:retrieve_relevant_chunks:60 - Searching 3 chunks (doc_id=0a84c3aa-59e8-48d3-a4e4-71e92f639c25) with threshold=0.0
2026-07-14 15:56:04 | INFO    | backend.app.services.retrieval_service:retrieve_relevant_chunks:100 - Retrieved 3 relevant chunks matching search criteria.
2026-07-14 15:56:04 | INFO    | backend.app.services.ai_orchestrator:process_chat_query:132 - CONTEXT BUILD
2026-07-14 15:56:04 | INFO    | backend.app.services.context_builder:build_context:27 - Building reasoning context for query 'What is the total amount?...' with 3 chunks.
2026-07-14 15:56:04 | INFO    | backend.app.services.context_builder:build_context:63 - Reasoning context assembled successfully. Length: 248 chars.
2026-07-14 15:56:04 | INFO    | backend.app.services.reasoning_service:reason:202 - REASONING START
2026-07-14 15:56:04 | INFO    | backend.app.services.reasoning_service:reason:203 - Reasoning query: 'What is the total amount?'
2026-07-14 15:56:04 | INFO    | backend.app.services.reasoning_service:reason:212 - Inferred intent: Invoice
2026-07-14 15:56:04 | INFO    | backend.app.services.reasoning_service:reason:283 - TOKENS GENERATED
2026-07-14 15:56:04 | INFO    | backend.app.services.reasoning_service:reason:284 - ANSWER GENERATED
2026-07-14 15:56:04 | INFO    | backend.app.services.answer_formatter:format_response:111 - Formatting final chat response. Confidence=80.4638188534183
2026-07-14 15:56:04 | INFO    | backend.app.services.answer_formatter:format_response:112 - ANSWER GENERATED
2026-07-14 15:56:04 | INFO    | backend.app.services.conversation_memory:add_message:50 - Added message to session test_verification_session from role 'user'
2026-07-14 15:56:04 | INFO    | backend.app.services.conversation_memory:add_message:50 - Added message to session test_verification_session from role 'assistant'
2026-07-14 15:56:04 | INFO    | backend.app.services.conversation_memory:set_active_document:93 - Session test_verification_session active document set to 0a84c3aa-59e8-48d3-a4e4-71e92f639c25
2026-07-14 15:56:04 | INFO    | backend.app.services.search_service:search:36 - RETRIEVAL START
2026-07-14 15:56:04 | INFO    | backend.app.services.search_service:search:37 - TOP K: 3
2026-07-14 15:56:04 | INFO    | backend.app.services.search_service:search:38 - SIMILARITY: 0.0
2026-07-14 15:56:04 | INFO    | backend.app.services.search_service:search:39 - Search mode triggered: hybrid for query: 'What is the GST tax?'
2026-07-14 15:56:04 | INFO    | backend.app.services.retrieval_service:retrieve_relevant_chunks:60 - Searching 3 chunks (doc_id=0a84c3aa-59e8-48d3-a4e4-71e92f639c25) with threshold=0.0
2026-07-14 15:56:04 | INFO    | backend.app.services.retrieval_service:retrieve_relevant_chunks:100 - Retrieved 3 relevant chunks matching search criteria.
2026-07-14 15:56:04 | INFO    | backend.app.services.ai_orchestrator:process_chat_query:132 - CONTEXT BUILD
2026-07-14 15:56:04 | INFO    | backend.app.services.context_builder:build_context:27 - Building reasoning context for query 'What is the GST tax?...' with 3 chunks.
2026-07-14 15:56:04 | INFO    | backend.app.services.context_builder:build_context:63 - Reasoning context assembled successfully. Length: 248 chars.
2026-07-14 15:56:04 | INFO    | backend.app.services.reasoning_service:reason:202 - REASONING START
2026-07-14 15:56:04 | INFO    | backend.app.services.reasoning_service:reason:203 - Reasoning query: 'What is the GST tax?'
2026-07-14 15:56:04 | INFO    | backend.app.services.reasoning_service:reason:212 - Inferred intent: Invoice
2026-07-14 15:56:04 | INFO    | backend.app.services.reasoning_service:reason:283 - TOKENS GENERATED
2026-07-14 15:56:04 | INFO    | backend.app.services.reasoning_service:reason:284 - ANSWER GENERATED
2026-07-14 15:56:04 | INFO    | backend.app.services.answer_formatter:format_response:111 - Formatting final chat response. Confidence=74.05370891005055
2026-07-14 15:56:04 | INFO    | backend.app.services.answer_formatter:format_response:112 - ANSWER GENERATED
2026-07-14 15:56:04 | INFO    | backend.app.services.conversation_memory:add_message:50 - Added message to session test_verification_session from role 'user'
2026-07-14 15:56:04 | INFO    | backend.app.services.conversation_memory:add_message:50 - Added message to session test_verification_session from role 'assistant'
2026-07-14 15:56:04 | INFO    | backend.app.services.conversation_memory:clear_history:115 - Cleared history logs for session test_verification_session
2026-07-14 15:56:04 | INFO    | backend.app.services.document_manager:delete_document:155 - Removed physical file: D:\MYGPT\data\uploads\0a84c3aa-59e8-48d3-a4e4-71e92f639c25.txt
2026-07-14 15:56:04 | INFO    | backend.app.services.document_manager:delete_document:162 - Removed document 0a84c3aa-59e8-48d3-a4e4-71e92f639c25 from metadata database.
2026-07-14 15:56:04 | INFO    | backend.app.services.indexing_service:delete_document_index:61 - Deleting document index: 0a84c3aa-59e8-48d3-a4e4-71e92f639c25
2026-07-14 15:56:04 | INFO    | backend.app.services.storage_service:delete_chunks:110 - Deleting chunks for document 0a84c3aa-59e8-48d3-a4e4-71e92f639c25 from JSON store.
2026-07-14 15:57:21 | INFO    | backend.app.core.logging:configure_logging:48 - Application logging successfully initialized.
2026-07-14 15:57:21 | INFO    | backend.app.services.model_manager:__init__:41 - ModelManager singleton initialized. CPU/GPU Device: cpu
2026-07-14 15:57:22 | INFO    | backend.app.services.embedding_service:__init__:33 - Initializing MyGPTEmbedding provider.
2026-07-14 15:57:25 | WARNING | backend.app.services.ocr_service:__init__:36 - Tesseract OCR is not installed or not in PATH. OCR will run in fallback mode: tesseract is not installed or it's not in your PATH. See README file for more information.
2026-07-14 15:57:25 | INFO    | backend.app.services.reasoning_service:__init__:19 - Initializing ReasoningService.
2026-07-14 15:57:25 | INFO    | backend.app.services.conversation_memory:__init__:15 - ConversationMemory service initialized.
2026-07-14 15:57:25 | INFO    | backend.app.services.ai_orchestrator:__init__:23 - Initializing AIOrchestrator with v3 extensibility slots.
2026-07-14 15:57:25 | INFO    | app.main:startup_event:61 - Initializing MyGPT services and attempting to restore checkpoints...
2026-07-14 15:57:25 | INFO    | backend.app.services.model_manager:load_latest_checkpoint:151 - Successfully restored BPETokenizer vocabulary.
2026-07-14 15:57:25 | INFO    | app.main:startup_event:68 - Pre-loading MyGPT model structure into memory...
2026-07-14 15:57:25 | INFO    | backend.app.services.model_manager:load_model:51 - Initializing new GPT instance in ModelManager...
2026-07-14 15:57:25 | INFO    | app.main:startup_event:71 - MyGPT model successfully pre-loaded on boot.
2026-07-14 15:57:38 | INFO    | backend.app.services.conversation_memory:set_active_document:93 - Session bmbgmb active document set to fb1335d7-d1bf-45dd-9c59-4681af73c10b
2026-07-14 15:57:38 | INFO    | backend.app.services.search_service:search:36 - RETRIEVAL START
2026-07-14 15:57:38 | INFO    | backend.app.services.search_service:search:37 - TOP K: 3
2026-07-14 15:57:38 | INFO    | backend.app.services.search_service:search:38 - SIMILARITY: 0.0
2026-07-14 15:57:38 | INFO    | backend.app.services.search_service:search:39 - Search mode triggered: hybrid for query: 'What are the important points?'
2026-07-14 15:57:38 | INFO    | backend.app.services.retrieval_service:retrieve_relevant_chunks:60 - Searching 6 chunks (doc_id=fb1335d7-d1bf-45dd-9c59-4681af73c10b) with threshold=0.0
2026-07-14 15:57:38 | INFO    | backend.app.services.retrieval_service:retrieve_relevant_chunks:100 - Retrieved 6 relevant chunks matching search criteria.
2026-07-14 15:57:39 | INFO    | backend.app.services.ai_orchestrator:process_chat_query:132 - CONTEXT BUILD
2026-07-14 15:57:39 | INFO    | backend.app.services.context_builder:build_context:27 - Building reasoning context for query 'What are the important points?...' with 3 chunks.
2026-07-14 15:57:39 | INFO    | backend.app.services.context_builder:build_context:63 - Reasoning context assembled successfully. Length: 1515 chars.
2026-07-14 15:57:39 | INFO    | backend.app.services.reasoning_service:reason:202 - REASONING START
2026-07-14 15:57:39 | INFO    | backend.app.services.reasoning_service:reason:203 - Reasoning query: 'What are the important points?'
2026-07-14 15:57:39 | INFO    | backend.app.services.reasoning_service:reason:212 - Inferred intent: Question Answering
2026-07-14 15:57:39 | INFO    | backend.app.services.reasoning_service:reason:283 - TOKENS GENERATED
2026-07-14 15:57:39 | INFO    | backend.app.services.reasoning_service:reason:284 - ANSWER GENERATED
2026-07-14 15:57:39 | INFO    | backend.app.services.answer_formatter:format_response:111 - Formatting final chat response. Confidence=65.75575694010544
2026-07-14 15:57:39 | INFO    | backend.app.services.answer_formatter:format_response:112 - ANSWER GENERATED
2026-07-14 15:57:39 | INFO    | backend.app.services.conversation_memory:add_message:50 - Added message to session bmbgmb from role 'user'
2026-07-14 15:57:39 | INFO    | backend.app.services.conversation_memory:add_message:50 - Added message to session bmbgmb from role 'assistant'
2026-07-14 15:58:34 | INFO    | app.main:websocket_training:149 - WebSocket client disconnected from training stream.
2026-07-14 15:58:34 | INFO    | app.main:websocket_training:149 - WebSocket client disconnected from training stream.
2026-07-14 15:58:56 | INFO    | backend.app.core.logging:configure_logging:48 - Application logging successfully initialized.
2026-07-14 15:58:56 | INFO    | backend.app.services.model_manager:__init__:41 - ModelManager singleton initialized. CPU/GPU Device: cpu
2026-07-14 15:58:56 | INFO    | backend.app.services.embedding_service:__init__:33 - Initializing MyGPTEmbedding provider.
2026-07-14 15:58:58 | WARNING | backend.app.services.ocr_service:__init__:36 - Tesseract OCR is not installed or not in PATH. OCR will run in fallback mode: tesseract is not installed or it's not in your PATH. See README file for more information.
2026-07-14 15:58:58 | INFO    | backend.app.services.reasoning_service:__init__:19 - Initializing ReasoningService.
2026-07-14 15:58:58 | INFO    | backend.app.services.conversation_memory:__init__:15 - ConversationMemory service initialized.
2026-07-14 15:58:58 | INFO    | backend.app.services.ai_orchestrator:__init__:23 - Initializing AIOrchestrator with v3 extensibility slots.
2026-07-14 15:58:58 | INFO    | app.main:startup_event:61 - Initializing MyGPT services and attempting to restore checkpoints...
2026-07-14 15:58:58 | INFO    | backend.app.services.model_manager:load_latest_checkpoint:151 - Successfully restored BPETokenizer vocabulary.
2026-07-14 15:58:58 | INFO    | app.main:startup_event:68 - Pre-loading MyGPT model structure into memory...
2026-07-14 15:58:58 | INFO    | backend.app.services.model_manager:load_model:51 - Initializing new GPT instance in ModelManager...
2026-07-14 15:58:58 | INFO    | app.main:startup_event:71 - MyGPT model successfully pre-loaded on boot.
2026-07-14 15:59:26 | INFO    | app.main:websocket_training:149 - WebSocket client disconnected from training stream.
2026-07-14 15:59:27 | INFO    | app.main:websocket_training:149 - WebSocket client disconnected from training stream.
2026-07-14 15:59:32 | INFO    | backend.app.core.logging:configure_logging:48 - Application logging successfully initialized.
2026-07-14 15:59:32 | INFO    | backend.app.services.model_manager:__init__:41 - ModelManager singleton initialized. CPU/GPU Device: cpu
2026-07-14 15:59:32 | INFO    | backend.app.services.embedding_service:__init__:33 - Initializing MyGPTEmbedding provider.
2026-07-14 15:59:33 | WARNING | backend.app.services.ocr_service:__init__:36 - Tesseract OCR is not installed or not in PATH. OCR will run in fallback mode: tesseract is not installed or it's not in your PATH. See README file for more information.
2026-07-14 15:59:33 | INFO    | backend.app.services.reasoning_service:__init__:87 - Initializing ReasoningService.
2026-07-14 15:59:33 | INFO    | backend.app.services.conversation_memory:__init__:15 - ConversationMemory service initialized.
2026-07-14 15:59:33 | INFO    | backend.app.services.ai_orchestrator:__init__:23 - Initializing AIOrchestrator with v3 extensibility slots.
2026-07-14 15:59:33 | INFO    | app.main:startup_event:61 - Initializing MyGPT services and attempting to restore checkpoints...
2026-07-14 15:59:33 | INFO    | backend.app.services.model_manager:load_latest_checkpoint:151 - Successfully restored BPETokenizer vocabulary.
2026-07-14 15:59:33 | INFO    | app.main:startup_event:68 - Pre-loading MyGPT model structure into memory...
2026-07-14 15:59:33 | INFO    | backend.app.services.model_manager:load_model:51 - Initializing new GPT instance in ModelManager...
2026-07-14 15:59:33 | INFO    | app.main:startup_event:71 - MyGPT model successfully pre-loaded on boot.
2026-07-14 15:59:47 | INFO    | app.main:websocket_training:149 - WebSocket client disconnected from training stream.
2026-07-14 15:59:47 | INFO    | app.main:websocket_training:149 - WebSocket client disconnected from training stream.
2026-07-14 15:59:52 | INFO    | backend.app.core.logging:configure_logging:48 - Application logging successfully initialized.
2026-07-14 15:59:52 | INFO    | backend.app.services.model_manager:__init__:41 - ModelManager singleton initialized. CPU/GPU Device: cpu
2026-07-14 15:59:53 | INFO    | backend.app.services.embedding_service:__init__:33 - Initializing MyGPTEmbedding provider.
2026-07-14 15:59:54 | WARNING | backend.app.services.ocr_service:__init__:36 - Tesseract OCR is not installed or not in PATH. OCR will run in fallback mode: tesseract is not installed or it's not in your PATH. See README file for more information.
2026-07-14 15:59:54 | INFO    | backend.app.services.reasoning_service:__init__:87 - Initializing ReasoningService.
2026-07-14 15:59:54 | INFO    | backend.app.services.conversation_memory:__init__:15 - ConversationMemory service initialized.
2026-07-14 15:59:54 | INFO    | backend.app.services.ai_orchestrator:__init__:23 - Initializing AIOrchestrator with v3 extensibility slots.
2026-07-14 15:59:54 | INFO    | app.main:startup_event:61 - Initializing MyGPT services and attempting to restore checkpoints...
2026-07-14 15:59:54 | INFO    | backend.app.services.model_manager:load_latest_checkpoint:151 - Successfully restored BPETokenizer vocabulary.
2026-07-14 15:59:54 | INFO    | app.main:startup_event:68 - Pre-loading MyGPT model structure into memory...
2026-07-14 15:59:54 | INFO    | backend.app.services.model_manager:load_model:51 - Initializing new GPT instance in ModelManager...
2026-07-14 15:59:54 | INFO    | app.main:startup_event:71 - MyGPT model successfully pre-loaded on boot.
2026-07-14 16:00:02 | INFO    | app.main:websocket_training:149 - WebSocket client disconnected from training stream.
2026-07-14 16:00:02 | INFO    | app.main:websocket_training:149 - WebSocket client disconnected from training stream.
2026-07-14 16:00:18 | INFO    | backend.app.core.logging:configure_logging:48 - Application logging successfully initialized.
2026-07-14 16:00:18 | INFO    | backend.app.services.model_manager:__init__:41 - ModelManager singleton initialized. CPU/GPU Device: cpu
2026-07-14 16:00:18 | INFO    | backend.app.services.embedding_service:__init__:33 - Initializing MyGPTEmbedding provider.
2026-07-14 16:00:20 | WARNING | backend.app.services.ocr_service:__init__:36 - Tesseract OCR is not installed or not in PATH. OCR will run in fallback mode: tesseract is not installed or it's not in your PATH. See README file for more information.
2026-07-14 16:00:20 | INFO    | backend.app.services.reasoning_service:__init__:87 - Initializing ReasoningService.
2026-07-14 16:00:20 | INFO    | backend.app.services.conversation_memory:__init__:15 - ConversationMemory service initialized.
2026-07-14 16:00:20 | INFO    | backend.app.services.ai_orchestrator:__init__:23 - Initializing AIOrchestrator with v3 extensibility slots.
2026-07-14 16:00:20 | INFO    | app.main:startup_event:61 - Initializing MyGPT services and attempting to restore checkpoints...
2026-07-14 16:00:20 | INFO    | backend.app.services.model_manager:load_latest_checkpoint:151 - Successfully restored BPETokenizer vocabulary.
2026-07-14 16:00:20 | INFO    | app.main:startup_event:68 - Pre-loading MyGPT model structure into memory...
2026-07-14 16:00:20 | INFO    | backend.app.services.model_manager:load_model:51 - Initializing new GPT instance in ModelManager...
2026-07-14 16:00:20 | INFO    | app.main:startup_event:71 - MyGPT model successfully pre-loaded on boot.
2026-07-14 16:00:20 | INFO    | backend.app.services.document_manager:delete_document:155 - Removed physical file: D:\MYGPT\data\uploads\fb1335d7-d1bf-45dd-9c59-4681af73c10b.xlsx
2026-07-14 16:00:20 | INFO    | backend.app.services.document_manager:delete_document:162 - Removed document fb1335d7-d1bf-45dd-9c59-4681af73c10b from metadata database.
2026-07-14 16:00:20 | INFO    | backend.app.services.indexing_service:delete_document_index:61 - Deleting document index: fb1335d7-d1bf-45dd-9c59-4681af73c10b
2026-07-14 16:00:20 | INFO    | backend.app.services.storage_service:delete_chunks:110 - Deleting chunks for document fb1335d7-d1bf-45dd-9c59-4681af73c10b from JSON store.
2026-07-14 16:00:46 | INFO    | backend.app.core.logging:configure_logging:48 - Application logging successfully initialized.
2026-07-14 16:00:46 | INFO    | backend.app.services.model_manager:__init__:41 - ModelManager singleton initialized. CPU/GPU Device: cpu
2026-07-14 16:00:47 | INFO    | backend.app.services.embedding_service:__init__:33 - Initializing MyGPTEmbedding provider.
2026-07-14 16:00:53 | WARNING | backend.app.services.ocr_service:__init__:36 - Tesseract OCR is not installed or not in PATH. OCR will run in fallback mode: tesseract is not installed or it's not in your PATH. See README file for more information.
2026-07-14 16:00:53 | INFO    | backend.app.services.reasoning_service:__init__:87 - Initializing ReasoningService.
2026-07-14 16:00:53 | INFO    | backend.app.services.conversation_memory:__init__:15 - ConversationMemory service initialized.
2026-07-14 16:00:53 | INFO    | backend.app.services.ai_orchestrator:__init__:23 - Initializing AIOrchestrator with v3 extensibility slots.
2026-07-14 16:00:54 | INFO    | backend.app.api.routers.document:upload_document:48 - API triggered upload for file test_invoice_9999.txt with chunk_size=40
2026-07-14 16:00:54 | INFO    | backend.app.services.ai_orchestrator:process_new_document:40 - UPLOAD START
2026-07-14 16:00:54 | INFO    | backend.app.services.document_manager:upload_document:73 - Saving uploaded document: test_invoice_9999.txt as 425f1fab-c195-450a-af17-d55c0da3e6cc.txt
2026-07-14 16:00:54 | INFO    | backend.app.services.ai_orchestrator:process_new_document:46 - UPLOAD END
2026-07-14 16:00:54 | INFO    | backend.app.services.ai_orchestrator:process_new_document:50 - PARSING START
2026-07-14 16:00:54 | INFO    | backend.app.services.document_parser:parse:70 - PARSING START
2026-07-14 16:00:54 | INFO    | backend.app.services.document_parser:parse:71 - Parsing document: D:\MYGPT\data\uploads\425f1fab-c195-450a-af17-d55c0da3e6cc.txt
2026-07-14 16:00:54 | INFO    | backend.app.services.document_parser:parse:119 - PARSING END
2026-07-14 16:00:54 | INFO    | backend.app.services.document_parser:parse:120 - TOTAL LATENCY (parse): 87.66 ms
2026-07-14 16:00:54 | INFO    | backend.app.services.ai_orchestrator:process_new_document:53 - PARSING END
2026-07-14 16:00:54 | INFO    | backend.app.services.ai_orchestrator:index_document_background:70 - CHUNKING START
2026-07-14 16:00:54 | INFO    | backend.app.services.chunk_service:chunk_document:67 - Chunking document: 425f1fab-c195-450a-af17-d55c0da3e6cc with size=40, overlap=50
2026-07-14 16:00:54 | INFO    | backend.app.services.chunk_service:chunk_document:183 - Completed chunking. Generated 3 chunks for document: 425f1fab-c195-450a-af17-d55c0da3e6cc
2026-07-14 16:00:54 | INFO    | backend.app.services.ai_orchestrator:index_document_background:72 - CHUNK COUNT: 3
2026-07-14 16:00:54 | INFO    | backend.app.api.routers.document:upload_document:48 - API triggered upload for file swetha-venkatesan_resume.pdf with chunk_size=500
2026-07-14 16:00:54 | INFO    | backend.app.services.ai_orchestrator:process_new_document:40 - UPLOAD START
2026-07-14 16:00:54 | INFO    | backend.app.services.document_manager:upload_document:73 - Saving uploaded document: swetha-venkatesan_resume.pdf as 4ef17244-0f1b-4a5f-9e2e-f6636cf270d3.pdf
2026-07-14 16:00:54 | INFO    | backend.app.services.ai_orchestrator:index_document_background:83 - EMBEDDING START
2026-07-14 16:00:54 | INFO    | backend.app.services.model_manager:load_model:51 - Initializing new GPT instance in ModelManager...
2026-07-14 16:00:54 | INFO    | backend.app.services.ai_orchestrator:process_new_document:46 - UPLOAD END
2026-07-14 16:00:55 | INFO    | backend.app.services.ai_orchestrator:process_new_document:50 - PARSING START
2026-07-14 16:00:55 | INFO    | backend.app.services.document_parser:parse:70 - PARSING START
2026-07-14 16:00:55 | INFO    | backend.app.services.document_parser:parse:71 - Parsing document: D:\MYGPT\data\uploads\4ef17244-0f1b-4a5f-9e2e-f6636cf270d3.pdf
2026-07-14 16:00:55 | INFO    | backend.app.services.ai_orchestrator:index_document_background:86 - EMBEDDING END
2026-07-14 16:00:55 | INFO    | backend.app.services.ai_orchestrator:index_document_background:90 - INDEXING START
2026-07-14 16:00:55 | INFO    | backend.app.services.storage_service:save_chunks:87 - Saving 3 chunks for document 425f1fab-c195-450a-af17-d55c0da3e6cc to JSON store.
2026-07-14 16:00:56 | INFO    | backend.app.services.ai_orchestrator:index_document_background:95 - INDEXING END
2026-07-14 16:00:56 | INFO    | backend.app.services.ai_orchestrator:index_document_background:100 - TOTAL LATENCY: 1424.03 ms
2026-07-14 16:00:56 | INFO    | backend.app.services.document_parser:parse:119 - PARSING END
2026-07-14 16:00:56 | INFO    | backend.app.services.document_parser:parse:120 - TOTAL LATENCY (parse): 1309.95 ms
2026-07-14 16:00:56 | INFO    | backend.app.services.ai_orchestrator:process_new_document:53 - PARSING END
2026-07-14 16:00:56 | INFO    | backend.app.services.conversation_memory:set_active_document:93 - Session test_verification_session active document set to 425f1fab-c195-450a-af17-d55c0da3e6cc
2026-07-14 16:00:56 | INFO    | backend.app.services.search_service:search:38 - RETRIEVAL START
2026-07-14 16:00:57 | INFO    | backend.app.services.search_service:search:39 - TOP K: 3
2026-07-14 16:00:57 | INFO    | backend.app.services.search_service:search:40 - SIMILARITY: 0.0
2026-07-14 16:00:57 | INFO    | backend.app.services.search_service:search:41 - Search mode triggered: hybrid for query: 'What is the total amount?'
2026-07-14 16:00:57 | INFO    | backend.app.services.ai_orchestrator:index_document_background:70 - CHUNKING START
2026-07-14 16:00:57 | INFO    | backend.app.services.chunk_service:chunk_document:67 - Chunking document: 4ef17244-0f1b-4a5f-9e2e-f6636cf270d3 with size=500, overlap=50
2026-07-14 16:00:57 | INFO    | backend.app.services.retrieval_service:retrieve_relevant_chunks:60 - Searching 3 chunks (doc_id=425f1fab-c195-450a-af17-d55c0da3e6cc) with threshold=0.0
2026-07-14 16:00:57 | INFO    | backend.app.services.retrieval_service:retrieve_relevant_chunks:100 - Retrieved 3 relevant chunks matching search criteria.
2026-07-14 16:00:57 | INFO    | backend.app.services.ai_orchestrator:process_chat_query:136 - CONTEXT BUILD
2026-07-14 16:00:57 | INFO    | backend.app.services.context_builder:build_context:28 - Building reasoning context for query 'What is the total amount?...' with 3 chunks.
2026-07-14 16:00:57 | INFO    | backend.app.services.context_builder:build_context:80 - Reasoning context assembled successfully. Length: 71 chars.
2026-07-14 16:00:57 | INFO    | backend.app.services.reasoning_service:reason:287 - REASONING START
2026-07-14 16:00:57 | INFO    | backend.app.services.reasoning_service:reason:288 - Reasoning query: 'What is the total amount?'
2026-07-14 16:00:57 | INFO    | backend.app.services.reasoning_service:reason:298 - Inferred intent: Invoice
2026-07-14 16:00:58 | INFO    | backend.app.services.chunk_service:chunk_document:183 - Completed chunking. Generated 7 chunks for document: 4ef17244-0f1b-4a5f-9e2e-f6636cf270d3
2026-07-14 16:00:58 | INFO    | backend.app.services.ai_orchestrator:index_document_background:72 - CHUNK COUNT: 7
2026-07-14 16:00:58 | INFO    | backend.app.services.ai_orchestrator:index_document_background:83 - EMBEDDING START
2026-07-14 16:00:58 | INFO    | backend.app.services.reasoning_service:reason:436 - TOKENS GENERATED
2026-07-14 16:00:58 | INFO    | backend.app.services.reasoning_service:reason:437 - ANSWER GENERATED
2026-07-14 16:00:58 | INFO    | backend.app.services.answer_formatter:format_response:145 - Formatting final chat response. Confidence=80.42560105756138
2026-07-14 16:00:58 | INFO    | backend.app.services.answer_formatter:format_response:146 - ANSWER GENERATED
2026-07-14 16:00:58 | INFO    | backend.app.services.conversation_memory:add_message:50 - Added message to session test_verification_session from role 'user'
2026-07-14 16:00:58 | INFO    | backend.app.services.conversation_memory:add_message:50 - Added message to session test_verification_session from role 'assistant'
2026-07-14 16:00:58 | INFO    | backend.app.services.trainer_service:save_training_sample:34 - Saved training sample for doc_id 425f1fab-c195-450a-af17-d55c0da3e6cc to D:\MYGPT\data\training_samples.jsonl
2026-07-14 16:00:58 | INFO    | backend.app.services.conversation_memory:set_active_document:93 - Session test_verification_session active document set to 425f1fab-c195-450a-af17-d55c0da3e6cc
2026-07-14 16:00:58 | INFO    | backend.app.services.search_service:search:38 - RETRIEVAL START
2026-07-14 16:00:58 | INFO    | backend.app.services.search_service:search:39 - TOP K: 3
2026-07-14 16:00:58 | INFO    | backend.app.services.search_service:search:40 - SIMILARITY: 0.0
2026-07-14 16:00:58 | INFO    | backend.app.services.search_service:search:41 - Search mode triggered: hybrid for query: 'What is the GST tax?'
2026-07-14 16:00:58 | INFO    | backend.app.services.retrieval_service:retrieve_relevant_chunks:60 - Searching 3 chunks (doc_id=425f1fab-c195-450a-af17-d55c0da3e6cc) with threshold=0.0
2026-07-14 16:00:58 | INFO    | backend.app.services.retrieval_service:retrieve_relevant_chunks:100 - Retrieved 3 relevant chunks matching search criteria.
2026-07-14 16:00:58 | INFO    | backend.app.services.ai_orchestrator:process_chat_query:136 - CONTEXT BUILD
2026-07-14 16:00:58 | INFO    | backend.app.services.context_builder:build_context:28 - Building reasoning context for query 'What is the GST tax?...' with 3 chunks.
2026-07-14 16:00:58 | INFO    | backend.app.services.context_builder:build_context:80 - Reasoning context assembled successfully. Length: 71 chars.
2026-07-14 16:00:58 | INFO    | backend.app.services.reasoning_service:reason:287 - REASONING START
2026-07-14 16:00:58 | INFO    | backend.app.services.reasoning_service:reason:288 - Reasoning query: 'What is the GST tax?'
2026-07-14 16:00:58 | INFO    | backend.app.services.reasoning_service:reason:298 - Inferred intent: Invoice
2026-07-14 16:00:59 | INFO    | backend.app.services.reasoning_service:reason:436 - TOKENS GENERATED
2026-07-14 16:00:59 | INFO    | backend.app.services.reasoning_service:reason:437 - ANSWER GENERATED
2026-07-14 16:00:59 | INFO    | backend.app.services.answer_formatter:format_response:145 - Formatting final chat response. Confidence=70.30428159935423
2026-07-14 16:00:59 | INFO    | backend.app.services.answer_formatter:format_response:146 - ANSWER GENERATED
2026-07-14 16:00:59 | INFO    | backend.app.services.conversation_memory:add_message:50 - Added message to session test_verification_session from role 'user'
2026-07-14 16:00:59 | INFO    | backend.app.services.conversation_memory:add_message:50 - Added message to session test_verification_session from role 'assistant'
2026-07-14 16:00:59 | INFO    | backend.app.services.trainer_service:save_training_sample:34 - Saved training sample for doc_id 425f1fab-c195-450a-af17-d55c0da3e6cc to D:\MYGPT\data\training_samples.jsonl
2026-07-14 16:01:02 | INFO    | backend.app.services.ai_orchestrator:index_document_background:86 - EMBEDDING END
2026-07-14 16:01:02 | INFO    | backend.app.services.ai_orchestrator:index_document_background:90 - INDEXING START
2026-07-14 16:01:02 | INFO    | backend.app.services.storage_service:save_chunks:87 - Saving 7 chunks for document 4ef17244-0f1b-4a5f-9e2e-f6636cf270d3 to JSON store.
2026-07-14 16:01:02 | INFO    | backend.app.services.ai_orchestrator:index_document_background:95 - INDEXING END
2026-07-14 16:01:02 | INFO    | backend.app.services.ai_orchestrator:index_document_background:100 - TOTAL LATENCY: 5956.86 ms
2026-07-14 16:01:03 | INFO    | backend.app.services.conversation_memory:clear_history:145 - Cleared history logs for session test_verification_session
2026-07-14 16:01:03 | INFO    | backend.app.services.document_manager:delete_document:155 - Removed physical file: D:\MYGPT\data\uploads\425f1fab-c195-450a-af17-d55c0da3e6cc.txt
2026-07-14 16:01:03 | INFO    | backend.app.services.document_manager:delete_document:162 - Removed document 425f1fab-c195-450a-af17-d55c0da3e6cc from metadata database.
2026-07-14 16:01:03 | INFO    | backend.app.services.indexing_service:delete_document_index:61 - Deleting document index: 425f1fab-c195-450a-af17-d55c0da3e6cc
2026-07-14 16:01:03 | INFO    | backend.app.services.storage_service:delete_chunks:110 - Deleting chunks for document 425f1fab-c195-450a-af17-d55c0da3e6cc from JSON store.
2026-07-14 16:01:27 | INFO    | backend.app.services.conversation_memory:set_active_document:93 - Session bmbgmb active document set to 4ef17244-0f1b-4a5f-9e2e-f6636cf270d3
2026-07-14 16:01:27 | INFO    | backend.app.services.search_service:search:38 - RETRIEVAL START
2026-07-14 16:01:27 | INFO    | backend.app.services.search_service:search:39 - TOP K: 3
2026-07-14 16:01:28 | INFO    | backend.app.services.search_service:search:40 - SIMILARITY: 0.0
2026-07-14 16:01:28 | INFO    | backend.app.services.search_service:search:41 - Search mode triggered: hybrid for query: 'what is the experince of the resume'
2026-07-14 16:01:28 | INFO    | backend.app.services.retrieval_service:retrieve_relevant_chunks:60 - Searching 7 chunks (doc_id=4ef17244-0f1b-4a5f-9e2e-f6636cf270d3) with threshold=0.0
2026-07-14 16:01:29 | INFO    | backend.app.services.retrieval_service:retrieve_relevant_chunks:100 - Retrieved 7 relevant chunks matching search criteria.
2026-07-14 16:01:29 | INFO    | backend.app.services.ai_orchestrator:process_chat_query:136 - CONTEXT BUILD
2026-07-14 16:01:29 | INFO    | backend.app.services.context_builder:build_context:28 - Building reasoning context for query 'what is the experince of the r...' with 3 chunks.
2026-07-14 16:01:29 | INFO    | backend.app.services.context_builder:build_context:80 - Reasoning context assembled successfully. Length: 1157 chars.
2026-07-14 16:01:29 | INFO    | backend.app.services.reasoning_service:reason:287 - REASONING START
2026-07-14 16:01:29 | INFO    | backend.app.services.reasoning_service:reason:288 - Reasoning query: 'what is the experince of the resume'
2026-07-14 16:01:29 | INFO    | backend.app.services.reasoning_service:reason:298 - Inferred intent: Question Answering
2026-07-14 16:01:33 | INFO    | backend.app.services.reasoning_service:reason:436 - TOKENS GENERATED
2026-07-14 16:01:33 | INFO    | backend.app.services.reasoning_service:reason:437 - ANSWER GENERATED
2026-07-14 16:01:33 | INFO    | backend.app.services.answer_formatter:format_response:145 - Formatting final chat response. Confidence=76.2130718893091
2026-07-14 16:01:33 | INFO    | backend.app.services.answer_formatter:format_response:146 - ANSWER GENERATED
2026-07-14 16:01:33 | INFO    | backend.app.services.conversation_memory:add_message:50 - Added message to session bmbgmb from role 'user'
2026-07-14 16:01:33 | INFO    | backend.app.services.conversation_memory:add_message:50 - Added message to session bmbgmb from role 'assistant'
2026-07-14 16:01:33 | INFO    | backend.app.services.trainer_service:save_training_sample:34 - Saved training sample for doc_id 4ef17244-0f1b-4a5f-9e2e-f6636cf270d3 to D:\MYGPT\data\training_samples.jsonl
2026-07-14 16:02:03 | INFO    | app.main:websocket_training:149 - WebSocket client disconnected from training stream.
2026-07-14 16:02:03 | INFO    | app.main:websocket_training:149 - WebSocket client disconnected from training stream.
2026-07-14 16:02:12 | INFO    | backend.app.core.logging:configure_logging:48 - Application logging successfully initialized.
2026-07-14 16:02:12 | INFO    | backend.app.services.model_manager:__init__:41 - ModelManager singleton initialized. CPU/GPU Device: cpu
2026-07-14 16:02:12 | INFO    | backend.app.services.embedding_service:__init__:33 - Initializing MyGPTEmbedding provider.
2026-07-14 16:02:13 | WARNING | backend.app.services.ocr_service:__init__:36 - Tesseract OCR is not installed or not in PATH. OCR will run in fallback mode: tesseract is not installed or it's not in your PATH. See README file for more information.
2026-07-14 16:02:13 | INFO    | backend.app.services.reasoning_service:__init__:87 - Initializing ReasoningService.
2026-07-14 16:02:13 | INFO    | backend.app.services.conversation_memory:__init__:15 - ConversationMemory service initialized.
2026-07-14 16:02:13 | INFO    | backend.app.services.ai_orchestrator:__init__:23 - Initializing AIOrchestrator with v3 extensibility slots.
2026-07-14 16:02:13 | INFO    | app.main:startup_event:61 - Initializing MyGPT services and attempting to restore checkpoints...
2026-07-14 16:02:13 | INFO    | backend.app.services.model_manager:load_latest_checkpoint:151 - Successfully restored BPETokenizer vocabulary.
2026-07-14 16:02:13 | INFO    | app.main:startup_event:68 - Pre-loading MyGPT model structure into memory...
2026-07-14 16:02:13 | INFO    | backend.app.services.model_manager:load_model:51 - Initializing new GPT instance in ModelManager...
2026-07-14 16:02:13 | INFO    | app.main:startup_event:71 - MyGPT model successfully pre-loaded on boot.
2026-07-14 16:05:27 | INFO    | backend.app.services.document_manager:delete_document:155 - Removed physical file: D:\MYGPT\data\uploads\4ef17244-0f1b-4a5f-9e2e-f6636cf270d3.pdf
2026-07-14 16:05:27 | INFO    | backend.app.services.document_manager:delete_document:162 - Removed document 4ef17244-0f1b-4a5f-9e2e-f6636cf270d3 from metadata database.
2026-07-14 16:05:27 | INFO    | backend.app.services.indexing_service:delete_document_index:61 - Deleting document index: 4ef17244-0f1b-4a5f-9e2e-f6636cf270d3
2026-07-14 16:05:27 | INFO    | backend.app.services.storage_service:delete_chunks:110 - Deleting chunks for document 4ef17244-0f1b-4a5f-9e2e-f6636cf270d3 from JSON store.
2026-07-14 16:06:08 | INFO    | backend.app.api.routers.document:upload_document:48 - API triggered upload for file neha-aneja_resume.pdf with chunk_size=500
2026-07-14 16:06:08 | INFO    | backend.app.services.ai_orchestrator:process_new_document:40 - UPLOAD START
2026-07-14 16:06:08 | INFO    | backend.app.services.document_manager:upload_document:73 - Saving uploaded document: neha-aneja_resume.pdf as b70380b5-5eba-46f5-abb7-115d35fd39be.pdf
2026-07-14 16:06:08 | INFO    | backend.app.services.ai_orchestrator:process_new_document:46 - UPLOAD END
2026-07-14 16:06:08 | INFO    | backend.app.services.ai_orchestrator:process_new_document:50 - PARSING START
2026-07-14 16:06:08 | INFO    | backend.app.services.document_parser:parse:70 - PARSING START
2026-07-14 16:06:08 | INFO    | backend.app.services.document_parser:parse:71 - Parsing document: D:\MYGPT\data\uploads\b70380b5-5eba-46f5-abb7-115d35fd39be.pdf
2026-07-14 16:06:11 | INFO    | backend.app.services.document_parser:parse:119 - PARSING END
2026-07-14 16:06:11 | INFO    | backend.app.services.document_parser:parse:120 - TOTAL LATENCY (parse): 2972.89 ms
2026-07-14 16:06:11 | INFO    | backend.app.services.ai_orchestrator:process_new_document:53 - PARSING END
2026-07-14 16:06:12 | INFO    | backend.app.services.ai_orchestrator:index_document_background:70 - CHUNKING START
2026-07-14 16:06:12 | INFO    | backend.app.services.chunk_service:chunk_document:67 - Chunking document: b70380b5-5eba-46f5-abb7-115d35fd39be with size=500, overlap=50
2026-07-14 16:06:12 | INFO    | backend.app.services.chunk_service:chunk_document:183 - Completed chunking. Generated 21 chunks for document: b70380b5-5eba-46f5-abb7-115d35fd39be
2026-07-14 16:06:12 | INFO    | backend.app.services.ai_orchestrator:index_document_background:72 - CHUNK COUNT: 21
2026-07-14 16:06:12 | INFO    | backend.app.services.ai_orchestrator:index_document_background:83 - EMBEDDING START
2026-07-14 16:06:15 | INFO    | backend.app.services.ai_orchestrator:index_document_background:86 - EMBEDDING END
2026-07-14 16:06:15 | INFO    | backend.app.services.ai_orchestrator:index_document_background:90 - INDEXING START
2026-07-14 16:06:15 | INFO    | backend.app.services.storage_service:save_chunks:87 - Saving 21 chunks for document b70380b5-5eba-46f5-abb7-115d35fd39be to JSON store.
2026-07-14 16:06:16 | INFO    | backend.app.services.ai_orchestrator:index_document_background:95 - INDEXING END
2026-07-14 16:06:16 | INFO    | backend.app.services.ai_orchestrator:index_document_background:100 - TOTAL LATENCY: 3905.88 ms
2026-07-14 16:06:22 | INFO    | backend.app.services.conversation_memory:set_active_document:93 - Session bmbgmb active document set to b70380b5-5eba-46f5-abb7-115d35fd39be
2026-07-14 16:06:22 | INFO    | backend.app.services.search_service:search:38 - RETRIEVAL START
2026-07-14 16:06:22 | INFO    | backend.app.services.search_service:search:39 - TOP K: 3
2026-07-14 16:06:22 | INFO    | backend.app.services.search_service:search:40 - SIMILARITY: 0.0
2026-07-14 16:06:22 | INFO    | backend.app.services.search_service:search:41 - Search mode triggered: hybrid for query: 'Summarize this document.'
2026-07-14 16:06:22 | INFO    | backend.app.services.retrieval_service:retrieve_relevant_chunks:60 - Searching 21 chunks (doc_id=b70380b5-5eba-46f5-abb7-115d35fd39be) with threshold=0.0
2026-07-14 16:06:22 | INFO    | backend.app.services.retrieval_service:retrieve_relevant_chunks:100 - Retrieved 21 relevant chunks matching search criteria.
2026-07-14 16:06:22 | INFO    | backend.app.services.ai_orchestrator:process_chat_query:136 - CONTEXT BUILD
2026-07-14 16:06:22 | INFO    | backend.app.services.context_builder:build_context:28 - Building reasoning context for query 'Summarize this document....' with 3 chunks.
2026-07-14 16:06:22 | INFO    | backend.app.services.context_builder:build_context:80 - Reasoning context assembled successfully. Length: 1331 chars.
2026-07-14 16:06:22 | INFO    | backend.app.services.reasoning_service:reason:287 - REASONING START
2026-07-14 16:06:22 | INFO    | backend.app.services.reasoning_service:reason:288 - Reasoning query: 'Summarize this document.'
2026-07-14 16:06:22 | INFO    | backend.app.services.reasoning_service:reason:298 - Inferred intent: Summary
2026-07-14 16:06:23 | INFO    | backend.app.services.reasoning_service:reason:436 - TOKENS GENERATED
2026-07-14 16:06:23 | INFO    | backend.app.services.reasoning_service:reason:437 - ANSWER GENERATED
2026-07-14 16:06:23 | INFO    | backend.app.services.answer_formatter:format_response:145 - Formatting final chat response. Confidence=77.75480767309642
2026-07-14 16:06:23 | INFO    | backend.app.services.answer_formatter:format_response:146 - ANSWER GENERATED
2026-07-14 16:06:23 | INFO    | backend.app.services.conversation_memory:add_message:50 - Added message to session bmbgmb from role 'user'
2026-07-14 16:06:23 | INFO    | backend.app.services.conversation_memory:add_message:50 - Added message to session bmbgmb from role 'assistant'
2026-07-14 16:06:23 | INFO    | backend.app.services.trainer_service:save_training_sample:34 - Saved training sample for doc_id b70380b5-5eba-46f5-abb7-115d35fd39be to D:\MYGPT\data\training_samples.jsonl
2026-07-14 16:07:05 | INFO    | backend.app.services.conversation_memory:set_active_document:93 - Session bmbgmb active document set to b70380b5-5eba-46f5-abb7-115d35fd39be
2026-07-14 16:07:05 | INFO    | backend.app.services.search_service:search:38 - RETRIEVAL START
2026-07-14 16:07:05 | INFO    | backend.app.services.search_service:search:39 - TOP K: 3
2026-07-14 16:07:05 | INFO    | backend.app.services.search_service:search:40 - SIMILARITY: 0.0
2026-07-14 16:07:05 | INFO    | backend.app.services.search_service:search:41 - Search mode triggered: hybrid for query: 'What is the main conclusion of the document?'
2026-07-14 16:07:06 | INFO    | backend.app.services.retrieval_service:retrieve_relevant_chunks:60 - Searching 21 chunks (doc_id=b70380b5-5eba-46f5-abb7-115d35fd39be) with threshold=0.0
2026-07-14 16:07:07 | INFO    | backend.app.services.retrieval_service:retrieve_relevant_chunks:100 - Retrieved 21 relevant chunks matching search criteria.
2026-07-14 16:07:07 | INFO    | backend.app.services.ai_orchestrator:process_chat_query:136 - CONTEXT BUILD
2026-07-14 16:07:07 | INFO    | backend.app.services.context_builder:build_context:28 - Building reasoning context for query 'What is the main conclusion of...' with 3 chunks.
2026-07-14 16:07:07 | INFO    | backend.app.services.context_builder:build_context:80 - Reasoning context assembled successfully. Length: 1118 chars.
2026-07-14 16:07:07 | INFO    | backend.app.services.reasoning_service:reason:287 - REASONING START
2026-07-14 16:07:07 | INFO    | backend.app.services.reasoning_service:reason:288 - Reasoning query: 'What is the main conclusion of the document?'
2026-07-14 16:07:07 | INFO    | backend.app.services.reasoning_service:reason:298 - Inferred intent: Summary
2026-07-14 16:07:09 | INFO    | backend.app.services.reasoning_service:reason:436 - TOKENS GENERATED
2026-07-14 16:07:09 | INFO    | backend.app.services.reasoning_service:reason:437 - ANSWER GENERATED
2026-07-14 16:07:09 | INFO    | backend.app.services.answer_formatter:format_response:145 - Formatting final chat response. Confidence=75.7124841083963
2026-07-14 16:07:09 | INFO    | backend.app.services.answer_formatter:format_response:146 - ANSWER GENERATED
2026-07-14 16:07:09 | INFO    | backend.app.services.conversation_memory:add_message:50 - Added message to session bmbgmb from role 'user'
2026-07-14 16:07:09 | INFO    | backend.app.services.conversation_memory:add_message:50 - Added message to session bmbgmb from role 'assistant'
2026-07-14 16:07:09 | INFO    | backend.app.services.trainer_service:save_training_sample:34 - Saved training sample for doc_id b70380b5-5eba-46f5-abb7-115d35fd39be to D:\MYGPT\data\training_samples.jsonl
2026-07-14 16:20:20 | INFO    | backend.app.services.conversation_memory:set_active_document:93 - Session bmbgmb active document set to b70380b5-5eba-46f5-abb7-115d35fd39be
2026-07-14 16:20:20 | INFO    | backend.app.services.search_service:search:38 - RETRIEVAL START
2026-07-14 16:20:20 | INFO    | backend.app.services.search_service:search:39 - TOP K: 3
2026-07-14 16:20:20 | INFO    | backend.app.services.search_service:search:40 - SIMILARITY: 0.0
2026-07-14 16:20:20 | INFO    | backend.app.services.search_service:search:41 - Search mode triggered: hybrid for query: 'Can you expand on the section discussing Based?'
2026-07-14 16:20:20 | INFO    | backend.app.services.retrieval_service:retrieve_relevant_chunks:60 - Searching 21 chunks (doc_id=b70380b5-5eba-46f5-abb7-115d35fd39be) with threshold=0.0
2026-07-14 16:20:21 | INFO    | backend.app.services.retrieval_service:retrieve_relevant_chunks:100 - Retrieved 21 relevant chunks matching search criteria.
2026-07-14 16:20:21 | INFO    | backend.app.services.ai_orchestrator:process_chat_query:136 - CONTEXT BUILD
2026-07-14 16:20:21 | INFO    | backend.app.services.context_builder:build_context:28 - Building reasoning context for query 'Can you expand on the section ...' with 3 chunks.
2026-07-14 16:20:21 | INFO    | backend.app.services.context_builder:build_context:80 - Reasoning context assembled successfully. Length: 1230 chars.
2026-07-14 16:20:21 | INFO    | backend.app.services.reasoning_service:reason:287 - REASONING START
2026-07-14 16:20:21 | INFO    | backend.app.services.reasoning_service:reason:288 - Reasoning query: 'Can you expand on the section discussing Based?'
2026-07-14 16:20:21 | INFO    | backend.app.services.reasoning_service:reason:298 - Inferred intent: Question Answering
2026-07-14 16:20:24 | INFO    | backend.app.services.reasoning_service:reason:436 - TOKENS GENERATED
2026-07-14 16:20:24 | INFO    | backend.app.services.reasoning_service:reason:437 - ANSWER GENERATED
2026-07-14 16:20:24 | INFO    | backend.app.services.answer_formatter:format_response:145 - Formatting final chat response. Confidence=74.99489651655469
2026-07-14 16:20:24 | INFO    | backend.app.services.answer_formatter:format_response:146 - ANSWER GENERATED
2026-07-14 16:20:24 | INFO    | backend.app.services.conversation_memory:add_message:50 - Added message to session bmbgmb from role 'user'
2026-07-14 16:20:24 | INFO    | backend.app.services.conversation_memory:add_message:50 - Added message to session bmbgmb from role 'assistant'
2026-07-14 16:20:24 | INFO    | backend.app.services.trainer_service:save_training_sample:34 - Saved training sample for doc_id b70380b5-5eba-46f5-abb7-115d35fd39be to D:\MYGPT\data\training_samples.jsonl
2026-07-14 16:21:24 | INFO    | app.main:websocket_training:149 - WebSocket client disconnected from training stream.
2026-07-14 16:21:24 | INFO    | app.main:websocket_training:149 - WebSocket client disconnected from training stream.
2026-07-14 16:21:47 | INFO    | backend.app.core.logging:configure_logging:48 - Application logging successfully initialized.
2026-07-14 16:21:47 | INFO    | backend.app.services.model_manager:__init__:41 - ModelManager singleton initialized. CPU/GPU Device: cpu
2026-07-14 16:21:47 | INFO    | backend.app.services.embedding_service:__init__:33 - Initializing MyGPTEmbedding provider.
2026-07-14 16:21:51 | WARNING | backend.app.services.ocr_service:__init__:36 - Tesseract OCR is not installed or not in PATH. OCR will run in fallback mode: tesseract is not installed or it's not in your PATH. See README file for more information.
2026-07-14 16:21:51 | INFO    | backend.app.services.reasoning_service:__init__:144 - Initializing ReasoningService.
2026-07-14 16:21:51 | INFO    | backend.app.services.conversation_memory:__init__:15 - ConversationMemory service initialized.
2026-07-14 16:21:51 | INFO    | backend.app.services.ai_orchestrator:__init__:23 - Initializing AIOrchestrator with v3 extensibility slots.
2026-07-14 16:21:52 | INFO    | app.main:startup_event:61 - Initializing MyGPT services and attempting to restore checkpoints...
2026-07-14 16:21:52 | INFO    | backend.app.services.model_manager:load_latest_checkpoint:151 - Successfully restored BPETokenizer vocabulary.
2026-07-14 16:21:52 | INFO    | app.main:startup_event:68 - Pre-loading MyGPT model structure into memory...
2026-07-14 16:21:52 | INFO    | backend.app.services.model_manager:load_model:51 - Initializing new GPT instance in ModelManager...
2026-07-14 16:21:52 | INFO    | app.main:startup_event:71 - MyGPT model successfully pre-loaded on boot.
2026-07-14 16:22:33 | INFO    | app.main:websocket_training:149 - WebSocket client disconnected from training stream.
2026-07-14 16:22:33 | INFO    | app.main:websocket_training:149 - WebSocket client disconnected from training stream.
2026-07-14 16:22:47 | INFO    | backend.app.core.logging:configure_logging:48 - Application logging successfully initialized.
2026-07-14 16:22:47 | INFO    | backend.app.services.model_manager:__init__:41 - ModelManager singleton initialized. CPU/GPU Device: cpu
2026-07-14 16:22:47 | INFO    | backend.app.services.embedding_service:__init__:33 - Initializing MyGPTEmbedding provider.
2026-07-14 16:22:49 | WARNING | backend.app.services.ocr_service:__init__:36 - Tesseract OCR is not installed or not in PATH. OCR will run in fallback mode: tesseract is not installed or it's not in your PATH. See README file for more information.
2026-07-14 16:22:49 | INFO    | backend.app.services.reasoning_service:__init__:144 - Initializing ReasoningService.
2026-07-14 16:22:49 | INFO    | backend.app.services.conversation_memory:__init__:15 - ConversationMemory service initialized.
2026-07-14 16:22:49 | INFO    | backend.app.services.ai_orchestrator:__init__:23 - Initializing AIOrchestrator with v3 extensibility slots.
2026-07-14 16:22:49 | INFO    | app.main:startup_event:61 - Initializing MyGPT services and attempting to restore checkpoints...
2026-07-14 16:22:49 | INFO    | backend.app.services.model_manager:load_latest_checkpoint:151 - Successfully restored BPETokenizer vocabulary.
2026-07-14 16:22:49 | INFO    | app.main:startup_event:68 - Pre-loading MyGPT model structure into memory...
2026-07-14 16:22:49 | INFO    | backend.app.services.model_manager:load_model:51 - Initializing new GPT instance in ModelManager...
2026-07-14 16:22:50 | INFO    | app.main:startup_event:71 - MyGPT model successfully pre-loaded on boot.
2026-07-14 16:23:32 | INFO    | app.main:websocket_training:149 - WebSocket client disconnected from training stream.
2026-07-14 16:23:32 | INFO    | app.main:websocket_training:149 - WebSocket client disconnected from training stream.
2026-07-14 16:23:43 | INFO    | backend.app.core.logging:configure_logging:48 - Application logging successfully initialized.
2026-07-14 16:23:43 | INFO    | backend.app.services.model_manager:__init__:41 - ModelManager singleton initialized. CPU/GPU Device: cpu
2026-07-14 16:23:44 | INFO    | backend.app.services.embedding_service:__init__:33 - Initializing MyGPTEmbedding provider.
2026-07-14 16:23:48 | WARNING | backend.app.services.ocr_service:__init__:36 - Tesseract OCR is not installed or not in PATH. OCR will run in fallback mode: tesseract is not installed or it's not in your PATH. See README file for more information.
2026-07-14 16:23:48 | INFO    | backend.app.services.reasoning_service:__init__:144 - Initializing ReasoningService.
2026-07-14 16:23:48 | INFO    | backend.app.services.conversation_memory:__init__:15 - ConversationMemory service initialized.
2026-07-14 16:23:48 | INFO    | backend.app.services.ai_orchestrator:__init__:23 - Initializing AIOrchestrator with v3 extensibility slots.
2026-07-14 16:23:48 | INFO    | app.main:startup_event:61 - Initializing MyGPT services and attempting to restore checkpoints...
2026-07-14 16:23:48 | INFO    | backend.app.services.model_manager:load_latest_checkpoint:151 - Successfully restored BPETokenizer vocabulary.
2026-07-14 16:23:48 | INFO    | app.main:startup_event:68 - Pre-loading MyGPT model structure into memory...
2026-07-14 16:23:48 | INFO    | backend.app.services.model_manager:load_model:51 - Initializing new GPT instance in ModelManager...
2026-07-14 16:23:48 | INFO    | app.main:startup_event:71 - MyGPT model successfully pre-loaded on boot.
2026-07-14 16:23:51 | INFO    | app.main:websocket_training:149 - WebSocket client disconnected from training stream.
2026-07-14 16:23:51 | INFO    | app.main:websocket_training:149 - WebSocket client disconnected from training stream.
2026-07-14 16:29:32 | INFO    | app.main:websocket_training:149 - WebSocket client disconnected from training stream.
2026-07-14 16:29:32 | INFO    | app.main:websocket_training:149 - WebSocket client disconnected from training stream.
2026-07-14 16:29:55 | INFO    | backend.app.core.logging:configure_logging:48 - Application logging successfully initialized.
2026-07-14 16:29:55 | INFO    | backend.app.services.model_manager:__init__:41 - ModelManager singleton initialized. CPU/GPU Device: cpu
2026-07-14 16:29:56 | INFO    | backend.app.services.embedding_service:__init__:33 - Initializing MyGPTEmbedding provider.
2026-07-14 16:29:57 | WARNING | backend.app.services.ocr_service:__init__:36 - Tesseract OCR is not installed or not in PATH. OCR will run in fallback mode: tesseract is not installed or it's not in your PATH. See README file for more information.
2026-07-14 16:29:57 | INFO    | backend.app.services.reasoning_service:__init__:144 - Initializing ReasoningService.
2026-07-14 16:29:57 | INFO    | backend.app.services.conversation_memory:__init__:15 - ConversationMemory service initialized.
2026-07-14 16:29:57 | INFO    | backend.app.services.ai_orchestrator:__init__:23 - Initializing AIOrchestrator with v3 extensibility slots.
2026-07-14 16:29:57 | INFO    | backend.app.api.routers.document:upload_document:48 - API triggered upload for file test_invoice_9999.txt with chunk_size=40
2026-07-14 16:29:57 | INFO    | backend.app.services.ai_orchestrator:process_new_document:40 - UPLOAD START
2026-07-14 16:29:57 | INFO    | backend.app.services.document_manager:upload_document:73 - Saving uploaded document: test_invoice_9999.txt as 5148f772-21bb-430e-a39b-05c8dfcb0491.txt
2026-07-14 16:29:57 | INFO    | backend.app.services.ai_orchestrator:process_new_document:46 - UPLOAD END
2026-07-14 16:29:57 | INFO    | backend.app.services.ai_orchestrator:process_new_document:50 - PARSING START
2026-07-14 16:29:57 | INFO    | backend.app.services.document_parser:parse:70 - PARSING START
2026-07-14 16:29:57 | INFO    | backend.app.services.document_parser:parse:71 - Parsing document: D:\MYGPT\data\uploads\5148f772-21bb-430e-a39b-05c8dfcb0491.txt
2026-07-14 16:29:57 | INFO    | backend.app.services.document_parser:parse:119 - PARSING END
2026-07-14 16:29:57 | INFO    | backend.app.services.document_parser:parse:120 - TOTAL LATENCY (parse): 5.17 ms
2026-07-14 16:29:57 | INFO    | backend.app.services.ai_orchestrator:process_new_document:53 - PARSING END
2026-07-14 16:29:57 | INFO    | backend.app.services.ai_orchestrator:index_document_background:70 - CHUNKING START
2026-07-14 16:29:57 | INFO    | backend.app.services.chunk_service:chunk_document:97 - Chunking document: 5148f772-21bb-430e-a39b-05c8dfcb0491 with size=40, overlap=50
2026-07-14 16:29:57 | INFO    | backend.app.services.chunk_service:chunk_document:260 - Completed chunking. Generated 3 chunks for document: 5148f772-21bb-430e-a39b-05c8dfcb0491
2026-07-14 16:29:57 | INFO    | backend.app.services.ai_orchestrator:index_document_background:72 - CHUNK COUNT: 3
2026-07-14 16:29:57 | INFO    | backend.app.services.ai_orchestrator:index_document_background:83 - EMBEDDING START
2026-07-14 16:29:57 | INFO    | backend.app.services.model_manager:load_model:51 - Initializing new GPT instance in ModelManager...
2026-07-14 16:29:57 | INFO    | backend.app.services.ai_orchestrator:index_document_background:86 - EMBEDDING END
2026-07-14 16:29:57 | INFO    | backend.app.services.ai_orchestrator:index_document_background:90 - INDEXING START
2026-07-14 16:29:57 | INFO    | backend.app.services.storage_service:save_chunks:87 - Saving 3 chunks for document 5148f772-21bb-430e-a39b-05c8dfcb0491 to JSON store.
2026-07-14 16:29:57 | INFO    | backend.app.services.ai_orchestrator:index_document_background:95 - INDEXING END
2026-07-14 16:29:57 | INFO    | backend.app.services.ai_orchestrator:index_document_background:100 - TOTAL LATENCY: 64.35 ms
2026-07-14 16:29:57 | INFO    | backend.app.services.conversation_memory:set_active_document:93 - Session test_verification_session active document set to 5148f772-21bb-430e-a39b-05c8dfcb0491
2026-07-14 16:29:57 | INFO    | backend.app.services.search_service:search:38 - RETRIEVAL START
2026-07-14 16:29:57 | INFO    | backend.app.services.search_service:search:39 - TOP K: 3
2026-07-14 16:29:57 | INFO    | backend.app.services.search_service:search:40 - SIMILARITY: 0.0
2026-07-14 16:29:57 | INFO    | backend.app.services.search_service:search:41 - Search mode triggered: hybrid for query: 'What is the total amount?'
2026-07-14 16:29:57 | INFO    | backend.app.services.retrieval_service:retrieve_relevant_chunks:60 - Searching 3 chunks (doc_id=5148f772-21bb-430e-a39b-05c8dfcb0491) with threshold=0.0
2026-07-14 16:29:57 | INFO    | backend.app.services.retrieval_service:retrieve_relevant_chunks:100 - Retrieved 3 relevant chunks matching search criteria.
2026-07-14 16:29:57 | INFO    | backend.app.services.ai_orchestrator:process_chat_query:142 - CONTEXT BUILD
2026-07-14 16:29:57 | ERROR   | backend.app.api.routers.document:post_chat:157 - Chat error: cannot access local variable 'intent' where it is not associated with a value
2026-07-14 16:29:57 | INFO    | backend.app.services.document_manager:delete_document:155 - Removed physical file: D:\MYGPT\data\uploads\5148f772-21bb-430e-a39b-05c8dfcb0491.txt
2026-07-14 16:29:57 | INFO    | backend.app.services.document_manager:delete_document:162 - Removed document 5148f772-21bb-430e-a39b-05c8dfcb0491 from metadata database.
2026-07-14 16:29:57 | INFO    | backend.app.services.storage_service:delete_chunks:110 - Deleting chunks for document 5148f772-21bb-430e-a39b-05c8dfcb0491 from JSON store.
2026-07-14 16:30:24 | INFO    | backend.app.core.logging:configure_logging:48 - Application logging successfully initialized.
2026-07-14 16:30:24 | INFO    | backend.app.services.model_manager:__init__:41 - ModelManager singleton initialized. CPU/GPU Device: cpu
2026-07-14 16:30:25 | INFO    | backend.app.services.embedding_service:__init__:33 - Initializing MyGPTEmbedding provider.
2026-07-14 16:30:26 | WARNING | backend.app.services.ocr_service:__init__:36 - Tesseract OCR is not installed or not in PATH. OCR will run in fallback mode: tesseract is not installed or it's not in your PATH. See README file for more information.
2026-07-14 16:30:26 | INFO    | backend.app.services.reasoning_service:__init__:144 - Initializing ReasoningService.
2026-07-14 16:30:26 | INFO    | backend.app.services.conversation_memory:__init__:15 - ConversationMemory service initialized.
2026-07-14 16:30:26 | INFO    | backend.app.services.ai_orchestrator:__init__:23 - Initializing AIOrchestrator with v3 extensibility slots.
2026-07-14 16:30:26 | INFO    | backend.app.api.routers.document:upload_document:48 - API triggered upload for file test_invoice_9999.txt with chunk_size=40
2026-07-14 16:30:26 | INFO    | backend.app.services.ai_orchestrator:process_new_document:40 - UPLOAD START
2026-07-14 16:30:26 | INFO    | backend.app.services.document_manager:upload_document:73 - Saving uploaded document: test_invoice_9999.txt as 34c637eb-2f23-46b8-aa80-e428b9c1671a.txt
2026-07-14 16:30:26 | INFO    | backend.app.services.ai_orchestrator:process_new_document:46 - UPLOAD END
2026-07-14 16:30:26 | INFO    | backend.app.services.ai_orchestrator:process_new_document:50 - PARSING START
2026-07-14 16:30:26 | INFO    | backend.app.services.document_parser:parse:70 - PARSING START
2026-07-14 16:30:26 | INFO    | backend.app.services.document_parser:parse:71 - Parsing document: D:\MYGPT\data\uploads\34c637eb-2f23-46b8-aa80-e428b9c1671a.txt
2026-07-14 16:30:26 | INFO    | backend.app.services.document_parser:parse:119 - PARSING END
2026-07-14 16:30:26 | INFO    | backend.app.services.document_parser:parse:120 - TOTAL LATENCY (parse): 8.40 ms
2026-07-14 16:30:26 | INFO    | backend.app.services.ai_orchestrator:process_new_document:53 - PARSING END
2026-07-14 16:30:26 | INFO    | backend.app.services.ai_orchestrator:index_document_background:70 - CHUNKING START
2026-07-14 16:30:26 | INFO    | backend.app.services.chunk_service:chunk_document:97 - Chunking document: 34c637eb-2f23-46b8-aa80-e428b9c1671a with size=40, overlap=50
2026-07-14 16:30:26 | INFO    | backend.app.services.chunk_service:chunk_document:260 - Completed chunking. Generated 3 chunks for document: 34c637eb-2f23-46b8-aa80-e428b9c1671a
2026-07-14 16:30:26 | INFO    | backend.app.services.ai_orchestrator:index_document_background:72 - CHUNK COUNT: 3
2026-07-14 16:30:26 | INFO    | backend.app.services.ai_orchestrator:index_document_background:83 - EMBEDDING START
2026-07-14 16:30:26 | INFO    | backend.app.services.model_manager:load_model:51 - Initializing new GPT instance in ModelManager...
2026-07-14 16:30:26 | INFO    | backend.app.services.ai_orchestrator:index_document_background:86 - EMBEDDING END
2026-07-14 16:30:26 | INFO    | backend.app.services.ai_orchestrator:index_document_background:90 - INDEXING START
2026-07-14 16:30:26 | INFO    | backend.app.services.storage_service:save_chunks:87 - Saving 3 chunks for document 34c637eb-2f23-46b8-aa80-e428b9c1671a to JSON store.
2026-07-14 16:30:26 | INFO    | backend.app.services.ai_orchestrator:index_document_background:95 - INDEXING END
2026-07-14 16:30:26 | INFO    | backend.app.services.ai_orchestrator:index_document_background:100 - TOTAL LATENCY: 152.48 ms
2026-07-14 16:30:27 | INFO    | backend.app.services.conversation_memory:set_active_document:93 - Session test_verification_session active document set to 34c637eb-2f23-46b8-aa80-e428b9c1671a
2026-07-14 16:30:27 | INFO    | backend.app.services.search_service:search:38 - RETRIEVAL START
2026-07-14 16:30:27 | INFO    | backend.app.services.search_service:search:39 - TOP K: 3
2026-07-14 16:30:27 | INFO    | backend.app.services.search_service:search:40 - SIMILARITY: 0.0
2026-07-14 16:30:27 | INFO    | backend.app.services.search_service:search:41 - Search mode triggered: hybrid for query: 'What is the total amount?'
2026-07-14 16:30:27 | INFO    | backend.app.services.retrieval_service:retrieve_relevant_chunks:60 - Searching 3 chunks (doc_id=34c637eb-2f23-46b8-aa80-e428b9c1671a) with threshold=0.0
2026-07-14 16:30:27 | INFO    | backend.app.services.retrieval_service:retrieve_relevant_chunks:100 - Retrieved 3 relevant chunks matching search criteria.
2026-07-14 16:30:27 | INFO    | backend.app.services.ai_orchestrator:process_chat_query:145 - CONTEXT BUILD
2026-07-14 16:30:27 | INFO    | backend.app.services.context_builder:build_context:30 - Building reasoning context for query 'What is the total amount?...' with 3 chunks.
2026-07-14 16:30:27 | INFO    | backend.app.services.context_builder:build_context:101 - Reasoning context assembled successfully. Length: 79 chars.
2026-07-14 16:30:27 | INFO    | backend.app.services.reasoning_service:reason:368 - REASONING START
2026-07-14 16:30:27 | INFO    | backend.app.services.reasoning_service:reason:369 - Reasoning query: 'What is the total amount?'
2026-07-14 16:30:27 | INFO    | backend.app.services.reasoning_service:reason:379 - Inferred intent: Invoice
2026-07-14 16:30:27 | INFO    | backend.app.services.reasoning_service:reason:530 - TOKENS GENERATED
2026-07-14 16:30:27 | INFO    | backend.app.services.reasoning_service:reason:531 - ANSWER GENERATED
2026-07-14 16:30:27 | INFO    | backend.app.services.answer_formatter:format_response:180 - Formatting final chat response. Confidence=75.60196037509333
2026-07-14 16:30:27 | INFO    | backend.app.services.answer_formatter:format_response:181 - ANSWER GENERATED
2026-07-14 16:30:27 | INFO    | backend.app.services.conversation_memory:add_message:50 - Added message to session test_verification_session from role 'user'
2026-07-14 16:30:27 | INFO    | backend.app.services.conversation_memory:add_message:50 - Added message to session test_verification_session from role 'assistant'
2026-07-14 16:30:27 | INFO    | backend.app.services.trainer_service:save_training_sample:39 - Saved training sample for doc_id 34c637eb-2f23-46b8-aa80-e428b9c1671a to D:\MYGPT\data\training_samples.jsonl
2026-07-14 16:30:27 | INFO    | backend.app.services.conversation_memory:set_active_document:93 - Session test_verification_session active document set to 34c637eb-2f23-46b8-aa80-e428b9c1671a
2026-07-14 16:30:27 | INFO    | backend.app.services.search_service:search:38 - RETRIEVAL START
2026-07-14 16:30:27 | INFO    | backend.app.services.search_service:search:39 - TOP K: 3
2026-07-14 16:30:27 | INFO    | backend.app.services.search_service:search:40 - SIMILARITY: 0.0
2026-07-14 16:30:27 | INFO    | backend.app.services.search_service:search:41 - Search mode triggered: hybrid for query: 'What is the GST tax?'
2026-07-14 16:30:27 | INFO    | backend.app.services.retrieval_service:retrieve_relevant_chunks:60 - Searching 3 chunks (doc_id=34c637eb-2f23-46b8-aa80-e428b9c1671a) with threshold=0.0
2026-07-14 16:30:27 | INFO    | backend.app.services.retrieval_service:retrieve_relevant_chunks:100 - Retrieved 3 relevant chunks matching search criteria.
2026-07-14 16:30:27 | INFO    | backend.app.services.ai_orchestrator:process_chat_query:145 - CONTEXT BUILD
2026-07-14 16:30:27 | INFO    | backend.app.services.context_builder:build_context:30 - Building reasoning context for query 'What is the GST tax?...' with 3 chunks.
2026-07-14 16:30:27 | INFO    | backend.app.services.context_builder:build_context:101 - Reasoning context assembled successfully. Length: 79 chars.
2026-07-14 16:30:27 | INFO    | backend.app.services.reasoning_service:reason:368 - REASONING START
2026-07-14 16:30:27 | INFO    | backend.app.services.reasoning_service:reason:369 - Reasoning query: 'What is the GST tax?'
2026-07-14 16:30:27 | INFO    | backend.app.services.reasoning_service:reason:379 - Inferred intent: Invoice
2026-07-14 16:30:27 | INFO    | backend.app.services.reasoning_service:reason:530 - TOKENS GENERATED
2026-07-14 16:30:27 | INFO    | backend.app.services.reasoning_service:reason:531 - ANSWER GENERATED
2026-07-14 16:30:27 | INFO    | backend.app.services.answer_formatter:format_response:180 - Formatting final chat response. Confidence=75.99539424280961
2026-07-14 16:30:27 | INFO    | backend.app.services.answer_formatter:format_response:181 - ANSWER GENERATED
2026-07-14 16:30:27 | INFO    | backend.app.services.conversation_memory:add_message:50 - Added message to session test_verification_session from role 'user'
2026-07-14 16:30:27 | INFO    | backend.app.services.conversation_memory:add_message:50 - Added message to session test_verification_session from role 'assistant'
2026-07-14 16:30:27 | INFO    | backend.app.services.trainer_service:save_training_sample:39 - Saved training sample for doc_id 34c637eb-2f23-46b8-aa80-e428b9c1671a to D:\MYGPT\data\training_samples.jsonl
2026-07-14 16:30:28 | INFO    | backend.app.services.conversation_memory:clear_history:145 - Cleared history logs for session test_verification_session
2026-07-14 16:30:28 | INFO    | backend.app.services.document_manager:delete_document:155 - Removed physical file: D:\MYGPT\data\uploads\34c637eb-2f23-46b8-aa80-e428b9c1671a.txt
2026-07-14 16:30:28 | INFO    | backend.app.services.document_manager:delete_document:162 - Removed document 34c637eb-2f23-46b8-aa80-e428b9c1671a from metadata database.
2026-07-14 16:30:28 | INFO    | backend.app.services.indexing_service:delete_document_index:61 - Deleting document index: 34c637eb-2f23-46b8-aa80-e428b9c1671a
2026-07-14 16:30:28 | INFO    | backend.app.services.storage_service:delete_chunks:110 - Deleting chunks for document 34c637eb-2f23-46b8-aa80-e428b9c1671a from JSON store.
2026-07-14 16:33:47 | INFO    | backend.app.core.logging:configure_logging:48 - Application logging successfully initialized.
2026-07-14 16:33:47 | INFO    | backend.app.services.model_manager:__init__:41 - ModelManager singleton initialized. CPU/GPU Device: cpu
2026-07-14 16:33:47 | INFO    | backend.app.services.embedding_service:__init__:33 - Initializing MyGPTEmbedding provider.
2026-07-14 16:33:49 | WARNING | backend.app.services.ocr_service:__init__:36 - Tesseract OCR is not installed or not in PATH. OCR will run in fallback mode: tesseract is not installed or it's not in your PATH. See README file for more information.
2026-07-14 16:33:49 | INFO    | backend.app.services.reasoning_service:__init__:144 - Initializing ReasoningService.
2026-07-14 16:33:49 | INFO    | backend.app.services.conversation_memory:__init__:15 - ConversationMemory service initialized.
2026-07-14 16:33:49 | INFO    | backend.app.services.ai_orchestrator:__init__:23 - Initializing AIOrchestrator with v3 extensibility slots.
2026-07-14 16:33:49 | INFO    | app.main:startup_event:61 - Initializing MyGPT services and attempting to restore checkpoints...
2026-07-14 16:33:49 | INFO    | backend.app.services.model_manager:load_latest_checkpoint:151 - Successfully restored BPETokenizer vocabulary.
2026-07-14 16:33:49 | INFO    | app.main:startup_event:68 - Pre-loading MyGPT model structure into memory...
2026-07-14 16:33:49 | INFO    | backend.app.services.model_manager:load_model:51 - Initializing new GPT instance in ModelManager...
2026-07-14 16:33:49 | INFO    | app.main:startup_event:71 - MyGPT model successfully pre-loaded on boot.
2026-07-14 16:35:45 | INFO    | backend.app.core.logging:configure_logging:48 - Application logging successfully initialized.
2026-07-14 16:35:45 | INFO    | backend.app.services.model_manager:__init__:41 - ModelManager singleton initialized. CPU/GPU Device: cpu
2026-07-14 16:35:45 | INFO    | backend.app.services.embedding_service:__init__:33 - Initializing MyGPTEmbedding provider.
2026-07-14 16:35:47 | WARNING | backend.app.services.ocr_service:__init__:36 - Tesseract OCR is not installed or not in PATH. OCR will run in fallback mode: tesseract is not installed or it's not in your PATH. See README file for more information.
2026-07-14 16:35:47 | INFO    | backend.app.services.reasoning_service:__init__:144 - Initializing ReasoningService.
2026-07-14 16:35:47 | INFO    | backend.app.services.conversation_memory:__init__:15 - ConversationMemory service initialized.
2026-07-14 16:35:47 | INFO    | backend.app.services.ai_orchestrator:__init__:23 - Initializing AIOrchestrator with v3 extensibility slots.
2026-07-14 16:35:47 | INFO    | app.main:startup_event:61 - Initializing MyGPT services and attempting to restore checkpoints...
2026-07-14 16:35:47 | INFO    | backend.app.services.model_manager:load_latest_checkpoint:151 - Successfully restored BPETokenizer vocabulary.
2026-07-14 16:35:47 | INFO    | app.main:startup_event:68 - Pre-loading MyGPT model structure into memory...
2026-07-14 16:35:47 | INFO    | backend.app.services.model_manager:load_model:51 - Initializing new GPT instance in ModelManager...
2026-07-14 16:35:47 | INFO    | app.main:startup_event:71 - MyGPT model successfully pre-loaded on boot.
2026-07-14 16:36:05 | INFO    | backend.app.services.conversation_memory:set_active_document:93 - Session 7h43wm active document set to b70380b5-5eba-46f5-abb7-115d35fd39be
2026-07-14 16:36:05 | INFO    | backend.app.services.search_service:search:38 - RETRIEVAL START
2026-07-14 16:36:05 | INFO    | backend.app.services.search_service:search:39 - TOP K: 3
2026-07-14 16:36:05 | INFO    | backend.app.services.search_service:search:40 - SIMILARITY: 0.0
2026-07-14 16:36:05 | INFO    | backend.app.services.search_service:search:41 - Search mode triggered: hybrid for query: 'Summarize this document.'
2026-07-14 16:36:05 | INFO    | backend.app.services.retrieval_service:retrieve_relevant_chunks:60 - Searching 21 chunks (doc_id=b70380b5-5eba-46f5-abb7-115d35fd39be) with threshold=0.0
2026-07-14 16:36:05 | INFO    | backend.app.services.retrieval_service:retrieve_relevant_chunks:100 - Retrieved 21 relevant chunks matching search criteria.
2026-07-14 16:36:05 | INFO    | backend.app.services.ai_orchestrator:process_chat_query:145 - CONTEXT BUILD
2026-07-14 16:36:05 | INFO    | backend.app.services.context_builder:build_context:30 - Building reasoning context for query 'Summarize this document....' with 3 chunks.
2026-07-14 16:36:05 | INFO    | backend.app.services.context_builder:build_context:101 - Reasoning context assembled successfully. Length: 1331 chars.
2026-07-14 16:36:05 | INFO    | backend.app.services.reasoning_service:reason:368 - REASONING START
2026-07-14 16:36:05 | INFO    | backend.app.services.reasoning_service:reason:369 - Reasoning query: 'Summarize this document.'
2026-07-14 16:36:05 | INFO    | backend.app.services.reasoning_service:reason:379 - Inferred intent: Summary
2026-07-14 16:36:06 | INFO    | backend.app.services.reasoning_service:reason:530 - TOKENS GENERATED
2026-07-14 16:36:06 | INFO    | backend.app.services.reasoning_service:reason:531 - ANSWER GENERATED
2026-07-14 16:36:06 | INFO    | backend.app.services.answer_formatter:format_response:180 - Formatting final chat response. Confidence=77.84757174287944
2026-07-14 16:36:06 | INFO    | backend.app.services.answer_formatter:format_response:181 - ANSWER GENERATED
2026-07-14 16:36:06 | INFO    | backend.app.services.conversation_memory:add_message:50 - Added message to session 7h43wm from role 'user'
2026-07-14 16:36:06 | INFO    | backend.app.services.conversation_memory:add_message:50 - Added message to session 7h43wm from role 'assistant'
2026-07-14 16:36:06 | INFO    | backend.app.services.trainer_service:save_training_sample:39 - Saved training sample for doc_id b70380b5-5eba-46f5-abb7-115d35fd39be to D:\MYGPT\data\training_samples.jsonl
2026-07-14 16:41:06 | INFO    | backend.app.services.conversation_memory:set_active_document:93 - Session cusz5b active document set to b70380b5-5eba-46f5-abb7-115d35fd39be
2026-07-14 16:41:06 | INFO    | backend.app.services.search_service:search:38 - RETRIEVAL START
2026-07-14 16:41:06 | INFO    | backend.app.services.search_service:search:39 - TOP K: 3
2026-07-14 16:41:06 | INFO    | backend.app.services.search_service:search:40 - SIMILARITY: 0.0
2026-07-14 16:41:06 | INFO    | backend.app.services.search_service:search:41 - Search mode triggered: hybrid for query: 'give me  the skills of hte se resuem'
2026-07-14 16:41:06 | INFO    | backend.app.services.retrieval_service:retrieve_relevant_chunks:60 - Searching 21 chunks (doc_id=b70380b5-5eba-46f5-abb7-115d35fd39be) with threshold=0.0
2026-07-14 16:41:06 | INFO    | backend.app.services.retrieval_service:retrieve_relevant_chunks:100 - Retrieved 21 relevant chunks matching search criteria.
2026-07-14 16:41:06 | INFO    | backend.app.services.ai_orchestrator:process_chat_query:145 - CONTEXT BUILD
2026-07-14 16:41:06 | INFO    | backend.app.services.context_builder:build_context:30 - Building reasoning context for query 'give me  the skills of hte se ...' with 3 chunks.
2026-07-14 16:41:06 | INFO    | backend.app.services.context_builder:build_context:101 - Reasoning context assembled successfully. Length: 1217 chars.
2026-07-14 16:41:06 | INFO    | backend.app.services.reasoning_service:reason:368 - REASONING START
2026-07-14 16:41:06 | INFO    | backend.app.services.reasoning_service:reason:369 - Reasoning query: 'give me  the skills of hte se resuem'
2026-07-14 16:41:06 | INFO    | backend.app.services.reasoning_service:reason:379 - Inferred intent: Skills
2026-07-14 16:41:07 | INFO    | backend.app.services.reasoning_service:reason:530 - TOKENS GENERATED
2026-07-14 16:41:07 | INFO    | backend.app.services.reasoning_service:reason:531 - ANSWER GENERATED
2026-07-14 16:41:07 | INFO    | backend.app.services.answer_formatter:format_response:180 - Formatting final chat response. Confidence=77.5555286112075
2026-07-14 16:41:07 | INFO    | backend.app.services.answer_formatter:format_response:181 - ANSWER GENERATED
2026-07-14 16:41:07 | INFO    | backend.app.services.conversation_memory:add_message:50 - Added message to session cusz5b from role 'user'
2026-07-14 16:41:07 | INFO    | backend.app.services.conversation_memory:add_message:50 - Added message to session cusz5b from role 'assistant'
2026-07-14 16:41:07 | INFO    | backend.app.services.trainer_service:save_training_sample:39 - Saved training sample for doc_id b70380b5-5eba-46f5-abb7-115d35fd39be to D:\MYGPT\data\training_samples.jsonl
2026-07-14 16:42:53 | INFO    | backend.app.services.conversation_memory:set_active_document:93 - Session cusz5b active document set to b70380b5-5eba-46f5-abb7-115d35fd39be
2026-07-14 16:42:53 | INFO    | backend.app.services.search_service:search:38 - RETRIEVAL START
2026-07-14 16:42:53 | INFO    | backend.app.services.search_service:search:39 - TOP K: 3
2026-07-14 16:42:53 | INFO    | backend.app.services.search_service:search:40 - SIMILARITY: 0.0
2026-07-14 16:42:53 | INFO    | backend.app.services.search_service:search:41 - Search mode triggered: hybrid for query: 'what are the certifications are there'
2026-07-14 16:42:53 | INFO    | backend.app.services.retrieval_service:retrieve_relevant_chunks:60 - Searching 21 chunks (doc_id=b70380b5-5eba-46f5-abb7-115d35fd39be) with threshold=0.0
2026-07-14 16:42:54 | INFO    | backend.app.services.retrieval_service:retrieve_relevant_chunks:100 - Retrieved 21 relevant chunks matching search criteria.
2026-07-14 16:42:54 | INFO    | backend.app.services.ai_orchestrator:process_chat_query:145 - CONTEXT BUILD
2026-07-14 16:42:54 | INFO    | backend.app.services.context_builder:build_context:30 - Building reasoning context for query 'what are the certifications ar...' with 3 chunks.
2026-07-14 16:42:54 | INFO    | backend.app.services.context_builder:build_context:101 - Reasoning context assembled successfully. Length: 1045 chars.
2026-07-14 16:42:54 | INFO    | backend.app.services.reasoning_service:reason:368 - REASONING START
2026-07-14 16:42:54 | INFO    | backend.app.services.reasoning_service:reason:369 - Reasoning query: 'what are the certifications are there'
2026-07-14 16:42:54 | INFO    | backend.app.services.reasoning_service:reason:379 - Inferred intent: Question Answering
2026-07-14 16:42:55 | INFO    | backend.app.services.reasoning_service:reason:530 - TOKENS GENERATED
2026-07-14 16:42:55 | INFO    | backend.app.services.reasoning_service:reason:531 - ANSWER GENERATED
2026-07-14 16:42:55 | INFO    | backend.app.services.answer_formatter:format_response:180 - Formatting final chat response. Confidence=75.99797070046213
2026-07-14 16:42:55 | INFO    | backend.app.services.answer_formatter:format_response:181 - ANSWER GENERATED
2026-07-14 16:42:55 | INFO    | backend.app.services.conversation_memory:add_message:50 - Added message to session cusz5b from role 'user'
2026-07-14 16:42:55 | INFO    | backend.app.services.conversation_memory:add_message:50 - Added message to session cusz5b from role 'assistant'
2026-07-14 16:42:55 | INFO    | backend.app.services.trainer_service:save_training_sample:39 - Saved training sample for doc_id b70380b5-5eba-46f5-abb7-115d35fd39be to D:\MYGPT\data\training_samples.jsonl
2026-07-14 17:31:38 | INFO    | app.main:websocket_training:149 - WebSocket client disconnected from training stream.
2026-07-14 17:31:38 | INFO    | app.main:websocket_training:149 - WebSocket client disconnected from training stream.
2026-07-14 17:31:58 | INFO    | backend.app.core.logging:configure_logging:48 - Application logging successfully initialized.
2026-07-14 17:31:58 | INFO    | backend.app.services.model_manager:__init__:41 - ModelManager singleton initialized. CPU/GPU Device: cpu
2026-07-14 17:31:58 | INFO    | backend.app.services.embedding_service:__init__:33 - Initializing MyGPTEmbedding provider.
2026-07-14 17:31:59 | WARNING | backend.app.services.ocr_service:__init__:36 - Tesseract OCR is not installed or not in PATH. OCR will run in fallback mode: tesseract is not installed or it's not in your PATH. See README file for more information.
2026-07-14 17:31:59 | INFO    | backend.app.services.reasoning_service:__init__:144 - Initializing ReasoningService.
2026-07-14 17:31:59 | INFO    | backend.app.services.conversation_memory:__init__:15 - ConversationMemory service initialized.
2026-07-14 17:31:59 | INFO    | backend.app.services.ai_orchestrator:__init__:23 - Initializing AIOrchestrator with v3 extensibility slots.
2026-07-14 17:31:59 | INFO    | app.main:startup_event:61 - Initializing MyGPT services and attempting to restore checkpoints...
2026-07-14 17:31:59 | INFO    | backend.app.services.model_manager:load_latest_checkpoint:151 - Successfully restored BPETokenizer vocabulary.
2026-07-14 17:31:59 | INFO    | app.main:startup_event:68 - Pre-loading MyGPT model structure into memory...
2026-07-14 17:31:59 | INFO    | backend.app.services.model_manager:load_model:51 - Initializing new GPT instance in ModelManager...
2026-07-14 17:31:59 | INFO    | app.main:startup_event:71 - MyGPT model successfully pre-loaded on boot.
2026-07-14 17:33:27 | INFO    | backend.app.core.logging:configure_logging:48 - Application logging successfully initialized.
2026-07-14 17:33:27 | INFO    | backend.app.services.model_manager:__init__:41 - ModelManager singleton initialized. CPU/GPU Device: cpu
2026-07-14 17:33:27 | INFO    | backend.app.services.embedding_service:__init__:33 - Initializing MyGPTEmbedding provider.
2026-07-14 17:33:29 | WARNING | backend.app.services.ocr_service:__init__:36 - Tesseract OCR is not installed or not in PATH. OCR will run in fallback mode: tesseract is not installed or it's not in your PATH. See README file for more information.
2026-07-14 17:34:00 | INFO    | backend.app.core.logging:configure_logging:48 - Application logging successfully initialized.
2026-07-14 17:34:00 | INFO    | backend.app.services.model_manager:__init__:41 - ModelManager singleton initialized. CPU/GPU Device: cpu
2026-07-14 17:34:00 | INFO    | backend.app.services.embedding_service:__init__:33 - Initializing MyGPTEmbedding provider.
2026-07-14 17:34:02 | WARNING | backend.app.services.ocr_service:__init__:36 - Tesseract OCR is not installed or not in PATH. OCR will run in fallback mode: tesseract is not installed or it's not in your PATH. See README file for more information.
2026-07-14 17:34:38 | INFO    | backend.app.core.logging:configure_logging:48 - Application logging successfully initialized.
2026-07-14 17:34:38 | INFO    | backend.app.services.model_manager:__init__:41 - ModelManager singleton initialized. CPU/GPU Device: cpu
2026-07-14 17:34:38 | INFO    | backend.app.services.embedding_service:__init__:33 - Initializing MyGPTEmbedding provider.
2026-07-14 17:34:40 | INFO    | backend.app.core.logging:configure_logging:48 - Application logging successfully initialized.
2026-07-14 17:34:40 | INFO    | backend.app.services.model_manager:__init__:41 - ModelManager singleton initialized. CPU/GPU Device: cpu
2026-07-14 17:34:40 | INFO    | backend.app.services.embedding_service:__init__:33 - Initializing MyGPTEmbedding provider.
2026-07-14 17:34:40 | WARNING | backend.app.services.ocr_service:__init__:36 - Tesseract OCR is not installed or not in PATH. OCR will run in fallback mode: tesseract is not installed or it's not in your PATH. See README file for more information.
2026-07-14 17:34:40 | INFO    | backend.app.services.reasoning_service:__init__:293 - Initializing ReasoningService.
2026-07-14 17:34:40 | INFO    | backend.app.services.conversation_memory:__init__:15 - ConversationMemory service initialized.
2026-07-14 17:34:40 | INFO    | backend.app.services.ai_orchestrator:__init__:23 - Initializing AIOrchestrator with v3 extensibility slots.
2026-07-14 17:34:40 | INFO    | backend.app.api.routers.document:upload_document:48 - API triggered upload for file test_invoice_9999.txt with chunk_size=40
2026-07-14 17:34:40 | INFO    | backend.app.services.ai_orchestrator:process_new_document:40 - UPLOAD START
2026-07-14 17:34:40 | INFO    | backend.app.services.document_manager:upload_document:73 - Saving uploaded document: test_invoice_9999.txt as 5cc9df52-04fa-4843-9a91-a7820d868efa.txt
2026-07-14 17:34:40 | INFO    | backend.app.services.ai_orchestrator:process_new_document:46 - UPLOAD END
2026-07-14 17:34:40 | INFO    | backend.app.services.ai_orchestrator:process_new_document:50 - PARSING START
2026-07-14 17:34:41 | INFO    | backend.app.services.document_parser:parse:70 - PARSING START
2026-07-14 17:34:41 | INFO    | backend.app.services.document_parser:parse:71 - Parsing document: D:\MYGPT\data\uploads\5cc9df52-04fa-4843-9a91-a7820d868efa.txt
2026-07-14 17:34:41 | INFO    | backend.app.services.document_parser:parse:119 - PARSING END
2026-07-14 17:34:41 | INFO    | backend.app.services.document_parser:parse:120 - TOTAL LATENCY (parse): 14.91 ms
2026-07-14 17:34:41 | INFO    | backend.app.services.ai_orchestrator:process_new_document:53 - PARSING END
2026-07-14 17:34:41 | INFO    | backend.app.services.ai_orchestrator:index_document_background:70 - CHUNKING START
2026-07-14 17:34:41 | INFO    | backend.app.services.chunk_service:chunk_document:97 - Chunking document: 5cc9df52-04fa-4843-9a91-a7820d868efa with size=40, overlap=50
2026-07-14 17:34:41 | INFO    | backend.app.services.chunk_service:chunk_document:260 - Completed chunking. Generated 3 chunks for document: 5cc9df52-04fa-4843-9a91-a7820d868efa
2026-07-14 17:34:41 | INFO    | backend.app.services.ai_orchestrator:index_document_background:72 - CHUNK COUNT: 3
2026-07-14 17:34:41 | INFO    | backend.app.services.ai_orchestrator:index_document_background:83 - DOCUMENT UNDERSTANDING START
2026-07-14 17:34:41 | INFO    | backend.app.services.knowledge_service:_ensure_store_exists:364 - Initialized empty JSON knowledge store at D:\MYGPT\data\knowledge_store.json
2026-07-14 17:34:41 | INFO    | backend.app.services.knowledge_service:save_knowledge:389 - Persisting structured knowledge for document: 5cc9df52-04fa-4843-9a91-a7820d868efa
2026-07-14 17:34:41 | INFO    | backend.app.services.ai_orchestrator:index_document_background:93 - DOCUMENT UNDERSTANDING END
2026-07-14 17:34:41 | INFO    | backend.app.services.ai_orchestrator:index_document_background:97 - EMBEDDING START
2026-07-14 17:34:41 | INFO    | backend.app.services.model_manager:load_model:51 - Initializing new GPT instance in ModelManager...
2026-07-14 17:34:41 | INFO    | backend.app.services.ai_orchestrator:index_document_background:100 - EMBEDDING END
2026-07-14 17:34:41 | INFO    | backend.app.services.ai_orchestrator:index_document_background:104 - INDEXING START
2026-07-14 17:34:41 | INFO    | backend.app.services.storage_service:save_chunks:87 - Saving 3 chunks for document 5cc9df52-04fa-4843-9a91-a7820d868efa to JSON store.
2026-07-14 17:34:41 | INFO    | backend.app.services.ai_orchestrator:index_document_background:109 - INDEXING END
2026-07-14 17:34:41 | INFO    | backend.app.services.ai_orchestrator:index_document_background:114 - TOTAL LATENCY: 217.28 ms
2026-07-14 17:34:41 | INFO    | backend.app.services.conversation_memory:set_active_document:93 - Session test_verification_session active document set to 5cc9df52-04fa-4843-9a91-a7820d868efa
2026-07-14 17:34:41 | INFO    | backend.app.services.search_service:search:38 - RETRIEVAL START
2026-07-14 17:34:41 | INFO    | backend.app.services.search_service:search:39 - TOP K: 3
2026-07-14 17:34:41 | INFO    | backend.app.services.search_service:search:40 - SIMILARITY: 0.0
2026-07-14 17:34:41 | INFO    | backend.app.services.search_service:search:41 - Search mode triggered: hybrid for query: 'What is the total amount?'
2026-07-14 17:34:41 | INFO    | backend.app.services.retrieval_service:retrieve_relevant_chunks:60 - Searching 3 chunks (doc_id=5cc9df52-04fa-4843-9a91-a7820d868efa) with threshold=0.0
2026-07-14 17:34:41 | INFO    | backend.app.services.retrieval_service:retrieve_relevant_chunks:100 - Retrieved 3 relevant chunks matching search criteria.
2026-07-14 17:34:41 | INFO    | backend.app.services.ai_orchestrator:process_chat_query:159 - CONTEXT BUILD
2026-07-14 17:34:41 | INFO    | backend.app.services.context_builder:build_context:30 - Building reasoning context for query 'What is the total amount?...' with 3 chunks.
2026-07-14 17:34:41 | INFO    | backend.app.services.context_builder:build_context:101 - Reasoning context assembled successfully. Length: 79 chars.
2026-07-14 17:34:41 | INFO    | backend.app.services.reasoning_service:reason:517 - REASONING START
2026-07-14 17:34:41 | INFO    | backend.app.services.reasoning_service:reason:518 - Reasoning query: 'What is the total amount?'
2026-07-14 17:34:41 | INFO    | backend.app.services.reasoning_service:reason:523 - Inferred intent: Invoice
2026-07-14 17:34:41 | INFO    | backend.app.services.reasoning_service:reason:569 - TOKENS GENERATED
2026-07-14 17:34:41 | INFO    | backend.app.services.reasoning_service:reason:570 - ANSWER GENERATED
2026-07-14 17:34:41 | INFO    | backend.app.services.answer_formatter:format_response:180 - Formatting final chat response. Confidence=90.0
2026-07-14 17:34:41 | INFO    | backend.app.services.answer_formatter:format_response:181 - ANSWER GENERATED
2026-07-14 17:34:41 | INFO    | backend.app.services.conversation_memory:add_message:50 - Added message to session test_verification_session from role 'user'
2026-07-14 17:34:41 | INFO    | backend.app.services.conversation_memory:add_message:50 - Added message to session test_verification_session from role 'assistant'
2026-07-14 17:34:41 | INFO    | backend.app.services.trainer_service:save_training_sample:39 - Saved training sample for doc_id 5cc9df52-04fa-4843-9a91-a7820d868efa to D:\MYGPT\data\training_samples.jsonl
2026-07-14 17:34:41 | INFO    | backend.app.services.conversation_memory:set_active_document:93 - Session test_verification_session active document set to 5cc9df52-04fa-4843-9a91-a7820d868efa
2026-07-14 17:34:41 | INFO    | backend.app.services.search_service:search:38 - RETRIEVAL START
2026-07-14 17:34:41 | INFO    | backend.app.services.search_service:search:39 - TOP K: 3
2026-07-14 17:34:41 | INFO    | backend.app.services.search_service:search:40 - SIMILARITY: 0.0
2026-07-14 17:34:41 | INFO    | backend.app.services.search_service:search:41 - Search mode triggered: hybrid for query: 'What is the GST tax?'
2026-07-14 17:34:41 | INFO    | backend.app.services.retrieval_service:retrieve_relevant_chunks:60 - Searching 3 chunks (doc_id=5cc9df52-04fa-4843-9a91-a7820d868efa) with threshold=0.0
2026-07-14 17:34:41 | INFO    | backend.app.services.retrieval_service:retrieve_relevant_chunks:100 - Retrieved 3 relevant chunks matching search criteria.
2026-07-14 17:34:41 | INFO    | backend.app.services.ai_orchestrator:process_chat_query:159 - CONTEXT BUILD
2026-07-14 17:34:41 | INFO    | backend.app.services.context_builder:build_context:30 - Building reasoning context for query 'What is the GST tax?...' with 3 chunks.
2026-07-14 17:34:41 | INFO    | backend.app.services.context_builder:build_context:101 - Reasoning context assembled successfully. Length: 79 chars.
2026-07-14 17:34:41 | INFO    | backend.app.services.reasoning_service:reason:517 - REASONING START
2026-07-14 17:34:41 | INFO    | backend.app.services.reasoning_service:reason:518 - Reasoning query: 'What is the GST tax?'
2026-07-14 17:34:41 | INFO    | backend.app.services.reasoning_service:reason:523 - Inferred intent: Invoice
2026-07-14 17:34:41 | INFO    | backend.app.services.reasoning_service:reason:727 - TOKENS GENERATED
2026-07-14 17:34:41 | INFO    | backend.app.services.reasoning_service:reason:728 - ANSWER GENERATED
2026-07-14 17:34:41 | INFO    | backend.app.services.answer_formatter:format_response:180 - Formatting final chat response. Confidence=73.99468595656467
2026-07-14 17:34:41 | INFO    | backend.app.services.answer_formatter:format_response:181 - ANSWER GENERATED
2026-07-14 17:34:41 | INFO    | backend.app.services.conversation_memory:add_message:50 - Added message to session test_verification_session from role 'user'
2026-07-14 17:34:41 | INFO    | backend.app.services.conversation_memory:add_message:50 - Added message to session test_verification_session from role 'assistant'
2026-07-14 17:34:41 | INFO    | backend.app.services.trainer_service:save_training_sample:39 - Saved training sample for doc_id 5cc9df52-04fa-4843-9a91-a7820d868efa to D:\MYGPT\data\training_samples.jsonl
2026-07-14 17:34:42 | WARNING | backend.app.services.ocr_service:__init__:36 - Tesseract OCR is not installed or not in PATH. OCR will run in fallback mode: tesseract is not installed or it's not in your PATH. See README file for more information.
2026-07-14 17:34:42 | INFO    | backend.app.services.reasoning_service:__init__:293 - Initializing ReasoningService.
2026-07-14 17:34:42 | INFO    | backend.app.services.conversation_memory:__init__:15 - ConversationMemory service initialized.
2026-07-14 17:34:42 | INFO    | backend.app.services.ai_orchestrator:__init__:23 - Initializing AIOrchestrator with v3 extensibility slots.
2026-07-14 17:34:42 | INFO    | app.main:startup_event:61 - Initializing MyGPT services and attempting to restore checkpoints...
2026-07-14 17:34:42 | INFO    | backend.app.services.model_manager:load_latest_checkpoint:151 - Successfully restored BPETokenizer vocabulary.
2026-07-14 17:34:42 | INFO    | app.main:startup_event:68 - Pre-loading MyGPT model structure into memory...
2026-07-14 17:34:42 | INFO    | backend.app.services.model_manager:load_model:51 - Initializing new GPT instance in ModelManager...
2026-07-14 17:34:42 | INFO    | app.main:startup_event:71 - MyGPT model successfully pre-loaded on boot.
2026-07-14 17:34:43 | INFO    | backend.app.services.conversation_memory:clear_history:145 - Cleared history logs for session test_verification_session
2026-07-14 17:34:43 | INFO    | backend.app.services.document_manager:delete_document:155 - Removed physical file: D:\MYGPT\data\uploads\5cc9df52-04fa-4843-9a91-a7820d868efa.txt
2026-07-14 17:34:43 | INFO    | backend.app.services.document_manager:delete_document:162 - Removed document 5cc9df52-04fa-4843-9a91-a7820d868efa from metadata database.
2026-07-14 17:34:43 | INFO    | backend.app.services.indexing_service:delete_document_index:61 - Deleting document index: 5cc9df52-04fa-4843-9a91-a7820d868efa
2026-07-14 17:34:43 | INFO    | backend.app.services.storage_service:delete_chunks:110 - Deleting chunks for document 5cc9df52-04fa-4843-9a91-a7820d868efa from JSON store.
2026-07-14 17:34:43 | INFO    | backend.app.services.knowledge_service:delete_knowledge:401 - Deleting structured knowledge for document: 5cc9df52-04fa-4843-9a91-a7820d868efa
2026-07-14 17:34:52 | INFO    | backend.app.services.document_manager:delete_document:155 - Removed physical file: D:\MYGPT\data\uploads\b70380b5-5eba-46f5-abb7-115d35fd39be.pdf
2026-07-14 17:34:52 | INFO    | backend.app.services.document_manager:delete_document:162 - Removed document b70380b5-5eba-46f5-abb7-115d35fd39be from metadata database.
2026-07-14 17:34:52 | INFO    | backend.app.services.indexing_service:delete_document_index:61 - Deleting document index: b70380b5-5eba-46f5-abb7-115d35fd39be
2026-07-14 17:34:52 | INFO    | backend.app.services.storage_service:delete_chunks:110 - Deleting chunks for document b70380b5-5eba-46f5-abb7-115d35fd39be from JSON store.
2026-07-14 17:34:52 | INFO    | backend.app.services.knowledge_service:delete_knowledge:401 - Deleting structured knowledge for document: b70380b5-5eba-46f5-abb7-115d35fd39be
2026-07-14 17:35:14 | INFO    | backend.app.api.routers.document:upload_document:48 - API triggered upload for file Naukri_Vijay[1y_8m].docx with chunk_size=500
2026-07-14 17:35:14 | INFO    | backend.app.services.ai_orchestrator:process_new_document:40 - UPLOAD START
2026-07-14 17:35:14 | INFO    | backend.app.services.document_manager:upload_document:73 - Saving uploaded document: Naukri_Vijay[1y_8m].docx as e08d11d7-0c84-4dc0-8ebe-a27059cd29b3.docx
2026-07-14 17:35:14 | INFO    | backend.app.services.ai_orchestrator:process_new_document:46 - UPLOAD END
2026-07-14 17:35:14 | INFO    | backend.app.services.ai_orchestrator:process_new_document:50 - PARSING START
2026-07-14 17:35:14 | INFO    | backend.app.services.document_parser:parse:70 - PARSING START
2026-07-14 17:35:15 | INFO    | backend.app.services.document_parser:parse:71 - Parsing document: D:\MYGPT\data\uploads\e08d11d7-0c84-4dc0-8ebe-a27059cd29b3.docx
2026-07-14 17:35:15 | INFO    | backend.app.services.document_parser:parse:119 - PARSING END
2026-07-14 17:35:15 | INFO    | backend.app.services.document_parser:parse:120 - TOTAL LATENCY (parse): 548.70 ms
2026-07-14 17:35:15 | INFO    | backend.app.services.ai_orchestrator:process_new_document:53 - PARSING END
2026-07-14 17:35:15 | INFO    | backend.app.services.ai_orchestrator:index_document_background:70 - CHUNKING START
2026-07-14 17:35:15 | INFO    | backend.app.services.chunk_service:chunk_document:97 - Chunking document: e08d11d7-0c84-4dc0-8ebe-a27059cd29b3 with size=500, overlap=50
2026-07-14 17:35:16 | INFO    | backend.app.services.chunk_service:chunk_document:260 - Completed chunking. Generated 9 chunks for document: e08d11d7-0c84-4dc0-8ebe-a27059cd29b3
2026-07-14 17:35:16 | INFO    | backend.app.services.ai_orchestrator:index_document_background:72 - CHUNK COUNT: 9
2026-07-14 17:35:16 | INFO    | backend.app.services.ai_orchestrator:index_document_background:83 - DOCUMENT UNDERSTANDING START
2026-07-14 17:35:16 | INFO    | backend.app.services.knowledge_service:save_knowledge:389 - Persisting structured knowledge for document: e08d11d7-0c84-4dc0-8ebe-a27059cd29b3
2026-07-14 17:35:16 | INFO    | backend.app.services.ai_orchestrator:index_document_background:93 - DOCUMENT UNDERSTANDING END
2026-07-14 17:35:16 | INFO    | backend.app.services.ai_orchestrator:index_document_background:97 - EMBEDDING START
2026-07-14 17:35:17 | INFO    | backend.app.services.ai_orchestrator:index_document_background:100 - EMBEDDING END
2026-07-14 17:35:17 | INFO    | backend.app.services.ai_orchestrator:index_document_background:104 - INDEXING START
2026-07-14 17:35:17 | INFO    | backend.app.services.storage_service:save_chunks:87 - Saving 9 chunks for document e08d11d7-0c84-4dc0-8ebe-a27059cd29b3 to JSON store.
2026-07-14 17:35:17 | INFO    | backend.app.services.ai_orchestrator:index_document_background:109 - INDEXING END
2026-07-14 17:35:17 | INFO    | backend.app.services.ai_orchestrator:index_document_background:114 - TOTAL LATENCY: 1659.93 ms
2026-07-14 17:35:26 | INFO    | backend.app.services.conversation_memory:set_active_document:93 - Session cusz5b active document set to e08d11d7-0c84-4dc0-8ebe-a27059cd29b3
2026-07-14 17:35:26 | INFO    | backend.app.services.search_service:search:38 - RETRIEVAL START
2026-07-14 17:35:26 | INFO    | backend.app.services.search_service:search:39 - TOP K: 3
2026-07-14 17:35:26 | INFO    | backend.app.services.search_service:search:40 - SIMILARITY: 0.0
2026-07-14 17:35:26 | INFO    | backend.app.services.search_service:search:41 - Search mode triggered: hybrid for query: 'Summarize this document.'
2026-07-14 17:35:26 | INFO    | backend.app.services.retrieval_service:retrieve_relevant_chunks:60 - Searching 9 chunks (doc_id=e08d11d7-0c84-4dc0-8ebe-a27059cd29b3) with threshold=0.0
2026-07-14 17:35:26 | INFO    | backend.app.services.retrieval_service:retrieve_relevant_chunks:100 - Retrieved 9 relevant chunks matching search criteria.
2026-07-14 17:35:26 | INFO    | backend.app.services.ai_orchestrator:process_chat_query:159 - CONTEXT BUILD
2026-07-14 17:35:26 | INFO    | backend.app.services.context_builder:build_context:30 - Building reasoning context for query 'Summarize this document....' with 3 chunks.
2026-07-14 17:35:26 | INFO    | backend.app.services.context_builder:build_context:101 - Reasoning context assembled successfully. Length: 1005 chars.
2026-07-14 17:35:26 | INFO    | backend.app.services.reasoning_service:reason:517 - REASONING START
2026-07-14 17:35:26 | INFO    | backend.app.services.reasoning_service:reason:518 - Reasoning query: 'Summarize this document.'
2026-07-14 17:35:26 | INFO    | backend.app.services.reasoning_service:reason:523 - Inferred intent: Summary
2026-07-14 17:35:26 | INFO    | backend.app.services.reasoning_service:reason:569 - TOKENS GENERATED
2026-07-14 17:35:26 | INFO    | backend.app.services.reasoning_service:reason:570 - ANSWER GENERATED
2026-07-14 17:35:26 | INFO    | backend.app.services.answer_formatter:format_response:180 - Formatting final chat response. Confidence=95.0
2026-07-14 17:35:26 | INFO    | backend.app.services.answer_formatter:format_response:181 - ANSWER GENERATED
2026-07-14 17:35:26 | INFO    | backend.app.services.conversation_memory:add_message:50 - Added message to session cusz5b from role 'user'
2026-07-14 17:35:26 | INFO    | backend.app.services.conversation_memory:add_message:50 - Added message to session cusz5b from role 'assistant'
2026-07-14 17:35:26 | INFO    | backend.app.services.trainer_service:save_training_sample:39 - Saved training sample for doc_id e08d11d7-0c84-4dc0-8ebe-a27059cd29b3 to D:\MYGPT\data\training_samples.jsonl
2026-07-14 17:35:35 | INFO    | app.main:websocket_training:149 - WebSocket client disconnected from training stream.
2026-07-14 17:35:35 | INFO    | app.main:websocket_training:149 - WebSocket client disconnected from training stream.
2026-07-14 17:35:51 | INFO    | backend.app.core.logging:configure_logging:48 - Application logging successfully initialized.
2026-07-14 17:35:51 | INFO    | backend.app.services.model_manager:__init__:41 - ModelManager singleton initialized. CPU/GPU Device: cpu
2026-07-14 17:35:51 | INFO    | backend.app.services.embedding_service:__init__:33 - Initializing MyGPTEmbedding provider.
2026-07-14 17:35:53 | WARNING | backend.app.services.ocr_service:__init__:36 - Tesseract OCR is not installed or not in PATH. OCR will run in fallback mode: tesseract is not installed or it's not in your PATH. See README file for more information.
2026-07-14 17:35:53 | INFO    | backend.app.services.reasoning_service:__init__:293 - Initializing ReasoningService.
2026-07-14 17:35:53 | INFO    | backend.app.services.conversation_memory:__init__:15 - ConversationMemory service initialized.
2026-07-14 17:35:53 | INFO    | backend.app.services.ai_orchestrator:__init__:23 - Initializing AIOrchestrator with v3 extensibility slots.
2026-07-14 17:35:53 | INFO    | app.main:startup_event:61 - Initializing MyGPT services and attempting to restore checkpoints...
2026-07-14 17:35:53 | INFO    | backend.app.services.model_manager:load_latest_checkpoint:151 - Successfully restored BPETokenizer vocabulary.
2026-07-14 17:35:53 | INFO    | app.main:startup_event:68 - Pre-loading MyGPT model structure into memory...
2026-07-14 17:35:53 | INFO    | backend.app.services.model_manager:load_model:51 - Initializing new GPT instance in ModelManager...
2026-07-14 17:35:53 | INFO    | app.main:startup_event:71 - MyGPT model successfully pre-loaded on boot.
2026-07-14 17:36:09 | INFO    | backend.app.services.document_manager:delete_document:155 - Removed physical file: D:\MYGPT\data\uploads\e08d11d7-0c84-4dc0-8ebe-a27059cd29b3.docx
2026-07-14 17:36:09 | INFO    | backend.app.services.document_manager:delete_document:162 - Removed document e08d11d7-0c84-4dc0-8ebe-a27059cd29b3 from metadata database.
2026-07-14 17:36:09 | INFO    | backend.app.services.indexing_service:delete_document_index:61 - Deleting document index: e08d11d7-0c84-4dc0-8ebe-a27059cd29b3
2026-07-14 17:36:09 | INFO    | backend.app.services.storage_service:delete_chunks:110 - Deleting chunks for document e08d11d7-0c84-4dc0-8ebe-a27059cd29b3 from JSON store.
2026-07-14 17:36:09 | INFO    | backend.app.services.knowledge_service:delete_knowledge:401 - Deleting structured knowledge for document: e08d11d7-0c84-4dc0-8ebe-a27059cd29b3
2026-07-14 17:36:22 | INFO    | backend.app.api.routers.document:upload_document:48 - API triggered upload for file EBO TB Topup_export_20260617_160221.xlsx with chunk_size=500
2026-07-14 17:36:22 | INFO    | backend.app.services.ai_orchestrator:process_new_document:40 - UPLOAD START
2026-07-14 17:36:22 | INFO    | backend.app.services.document_manager:upload_document:73 - Saving uploaded document: EBO TB Topup_export_20260617_160221.xlsx as 4233a541-f83e-4784-8261-8557626de16f.xlsx
2026-07-14 17:36:23 | INFO    | backend.app.services.ai_orchestrator:process_new_document:46 - UPLOAD END
2026-07-14 17:36:23 | INFO    | backend.app.services.ai_orchestrator:process_new_document:50 - PARSING START
2026-07-14 17:36:23 | INFO    | backend.app.services.document_parser:parse:70 - PARSING START
2026-07-14 17:36:23 | INFO    | backend.app.services.document_parser:parse:71 - Parsing document: D:\MYGPT\data\uploads\4233a541-f83e-4784-8261-8557626de16f.xlsx
2026-07-14 17:36:27 | INFO    | backend.app.services.document_parser:parse:119 - PARSING END
2026-07-14 17:36:27 | INFO    | backend.app.services.document_parser:parse:120 - TOTAL LATENCY (parse): 3938.35 ms
2026-07-14 17:36:27 | INFO    | backend.app.services.ai_orchestrator:process_new_document:53 - PARSING END
2026-07-14 17:36:28 | INFO    | backend.app.services.ai_orchestrator:index_document_background:70 - CHUNKING START
2026-07-14 17:36:28 | INFO    | backend.app.services.chunk_service:chunk_document:97 - Chunking document: 4233a541-f83e-4784-8261-8557626de16f with size=500, overlap=50
2026-07-14 17:36:29 | INFO    | backend.app.services.chunk_service:chunk_document:260 - Completed chunking. Generated 1 chunks for document: 4233a541-f83e-4784-8261-8557626de16f
2026-07-14 17:36:29 | INFO    | backend.app.services.ai_orchestrator:index_document_background:72 - CHUNK COUNT: 1
2026-07-14 17:36:29 | INFO    | backend.app.services.ai_orchestrator:index_document_background:83 - DOCUMENT UNDERSTANDING START
2026-07-14 17:36:34 | INFO    | backend.app.services.knowledge_service:save_knowledge:389 - Persisting structured knowledge for document: 4233a541-f83e-4784-8261-8557626de16f
2026-07-14 17:36:34 | INFO    | backend.app.services.conversation_memory:set_active_document:93 - Session cusz5b active document set to 4233a541-f83e-4784-8261-8557626de16f
2026-07-14 17:36:34 | INFO    | backend.app.services.search_service:search:38 - RETRIEVAL START
2026-07-14 17:36:34 | INFO    | backend.app.services.search_service:search:39 - TOP K: 3
2026-07-14 17:36:34 | INFO    | backend.app.services.search_service:search:40 - SIMILARITY: 0.0
2026-07-14 17:36:34 | INFO    | backend.app.services.search_service:search:41 - Search mode triggered: hybrid for query: 'Summarize this document.'
2026-07-14 17:36:34 | INFO    | backend.app.services.ai_orchestrator:index_document_background:93 - DOCUMENT UNDERSTANDING END
2026-07-14 17:36:34 | INFO    | backend.app.services.ai_orchestrator:index_document_background:97 - EMBEDDING START
2026-07-14 17:36:35 | INFO    | backend.app.services.retrieval_service:retrieve_relevant_chunks:60 - Searching 0 chunks (doc_id=4233a541-f83e-4784-8261-8557626de16f) with threshold=0.0
2026-07-14 17:36:35 | INFO    | backend.app.services.retrieval_service:retrieve_relevant_chunks:100 - Retrieved 0 relevant chunks matching search criteria.
2026-07-14 17:36:35 | INFO    | backend.app.services.ai_orchestrator:process_chat_query:159 - CONTEXT BUILD
2026-07-14 17:36:35 | INFO    | backend.app.services.context_builder:build_context:30 - Building reasoning context for query 'Summarize this document....' with 0 chunks.
2026-07-14 17:36:35 | INFO    | backend.app.services.reasoning_service:reason:517 - REASONING START
2026-07-14 17:36:35 | INFO    | backend.app.services.reasoning_service:reason:518 - Reasoning query: 'Summarize this document.'
2026-07-14 17:36:35 | INFO    | backend.app.services.reasoning_service:reason:523 - Inferred intent: Summary
2026-07-14 17:36:38 | INFO    | backend.app.services.reasoning_service:reason:569 - TOKENS GENERATED
2026-07-14 17:36:38 | INFO    | backend.app.services.reasoning_service:reason:570 - ANSWER GENERATED
2026-07-14 17:36:38 | INFO    | backend.app.services.answer_formatter:format_response:180 - Formatting final chat response. Confidence=95.0
2026-07-14 17:36:38 | INFO    | backend.app.services.answer_formatter:format_response:181 - ANSWER GENERATED
2026-07-14 17:36:39 | INFO    | backend.app.services.conversation_memory:add_message:50 - Added message to session cusz5b from role 'user'
2026-07-14 17:36:39 | INFO    | backend.app.services.conversation_memory:add_message:50 - Added message to session cusz5b from role 'assistant'
2026-07-14 17:36:40 | INFO    | backend.app.services.trainer_service:save_training_sample:59 - Saved training sample for doc_id 4233a541-f83e-4784-8261-8557626de16f to D:\MYGPT\data\training_samples.jsonl
2026-07-14 17:36:42 | INFO    | backend.app.services.ai_orchestrator:index_document_background:100 - EMBEDDING END
2026-07-14 17:36:42 | INFO    | backend.app.services.ai_orchestrator:index_document_background:104 - INDEXING START
2026-07-14 17:36:42 | INFO    | backend.app.services.storage_service:save_chunks:87 - Saving 1 chunks for document 4233a541-f83e-4784-8261-8557626de16f to JSON store.
2026-07-14 17:36:43 | INFO    | backend.app.services.ai_orchestrator:index_document_background:109 - INDEXING END
2026-07-14 17:36:43 | INFO    | backend.app.services.ai_orchestrator:index_document_background:114 - TOTAL LATENCY: 15052.93 ms
2026-07-14 17:37:23 | INFO    | backend.app.services.document_manager:delete_document:155 - Removed physical file: D:\MYGPT\data\uploads\4233a541-f83e-4784-8261-8557626de16f.xlsx
2026-07-14 17:37:23 | INFO    | backend.app.services.document_manager:delete_document:162 - Removed document 4233a541-f83e-4784-8261-8557626de16f from metadata database.
2026-07-14 17:37:23 | INFO    | backend.app.services.indexing_service:delete_document_index:61 - Deleting document index: 4233a541-f83e-4784-8261-8557626de16f
2026-07-14 17:37:23 | INFO    | backend.app.services.storage_service:delete_chunks:110 - Deleting chunks for document 4233a541-f83e-4784-8261-8557626de16f from JSON store.
2026-07-14 17:37:23 | INFO    | backend.app.services.knowledge_service:delete_knowledge:401 - Deleting structured knowledge for document: 4233a541-f83e-4784-8261-8557626de16f
2026-07-14 18:39:01 | INFO    | backend.app.api.routers.document:upload_document:48 - API triggered upload for file Media (6).jpg with chunk_size=500
2026-07-14 18:39:01 | INFO    | backend.app.services.ai_orchestrator:process_new_document:40 - UPLOAD START
2026-07-14 18:39:01 | INFO    | backend.app.services.document_manager:upload_document:73 - Saving uploaded document: Media (6).jpg as 554d7fa2-3490-484c-94d9-142fbf6887ac.jpg
2026-07-14 18:39:02 | INFO    | backend.app.services.ai_orchestrator:process_new_document:46 - UPLOAD END
2026-07-14 18:39:03 | INFO    | backend.app.services.ai_orchestrator:process_new_document:50 - PARSING START
2026-07-14 18:39:03 | INFO    | backend.app.services.document_parser:parse:70 - PARSING START
2026-07-14 18:39:03 | INFO    | backend.app.services.document_parser:parse:71 - Parsing document: D:\MYGPT\data\uploads\554d7fa2-3490-484c-94d9-142fbf6887ac.jpg
2026-07-14 18:39:03 | INFO    | backend.app.services.document_parser:parse:99 - OCR START
2026-07-14 18:39:04 | INFO    | backend.app.services.ocr_service:extract_text_from_image:49 - Running OCR on image: D:\MYGPT\data\uploads\554d7fa2-3490-484c-94d9-142fbf6887ac.jpg
2026-07-14 18:39:04 | WARNING | backend.app.services.ocr_service:extract_text_from_image:56 - Tesseract OCR unavailable. Using fallback extraction.
2026-07-14 18:39:04 | INFO    | backend.app.services.document_parser:parse:101 - OCR END
2026-07-14 18:39:04 | INFO    | backend.app.services.document_parser:parse:119 - PARSING END
2026-07-14 18:39:04 | INFO    | backend.app.services.document_parser:parse:120 - TOTAL LATENCY (parse): 1082.13 ms
2026-07-14 18:39:04 | INFO    | backend.app.services.ai_orchestrator:process_new_document:53 - PARSING END
2026-07-14 18:39:06 | INFO    | backend.app.services.ai_orchestrator:index_document_background:70 - CHUNKING START
2026-07-14 18:39:06 | INFO    | backend.app.services.chunk_service:chunk_document:97 - Chunking document: 554d7fa2-3490-484c-94d9-142fbf6887ac with size=500, overlap=50
2026-07-14 18:39:08 | INFO    | backend.app.services.chunk_service:chunk_document:260 - Completed chunking. Generated 1 chunks for document: 554d7fa2-3490-484c-94d9-142fbf6887ac
2026-07-14 18:39:08 | INFO    | backend.app.services.ai_orchestrator:index_document_background:72 - CHUNK COUNT: 1
2026-07-14 18:39:09 | INFO    | backend.app.services.ai_orchestrator:index_document_background:83 - DOCUMENT UNDERSTANDING START
2026-07-14 18:39:09 | INFO    | backend.app.services.knowledge_service:save_knowledge:389 - Persisting structured knowledge for document: 554d7fa2-3490-484c-94d9-142fbf6887ac
2026-07-14 18:39:09 | INFO    | backend.app.services.ai_orchestrator:index_document_background:93 - DOCUMENT UNDERSTANDING END
2026-07-14 18:39:09 | INFO    | backend.app.services.ai_orchestrator:index_document_background:97 - EMBEDDING START
2026-07-14 18:39:10 | INFO    | backend.app.services.ai_orchestrator:index_document_background:100 - EMBEDDING END
2026-07-14 18:39:10 | INFO    | backend.app.services.ai_orchestrator:index_document_background:104 - INDEXING START
2026-07-14 18:39:10 | INFO    | backend.app.services.storage_service:save_chunks:87 - Saving 1 chunks for document 554d7fa2-3490-484c-94d9-142fbf6887ac to JSON store.
2026-07-14 18:39:10 | INFO    | backend.app.services.ai_orchestrator:index_document_background:109 - INDEXING END
2026-07-14 18:39:10 | INFO    | backend.app.services.ai_orchestrator:index_document_background:114 - TOTAL LATENCY: 4331.00 ms
2026-07-14 18:39:28 | INFO    | backend.app.services.document_manager:delete_document:155 - Removed physical file: D:\MYGPT\data\uploads\554d7fa2-3490-484c-94d9-142fbf6887ac.jpg
2026-07-14 18:39:28 | INFO    | backend.app.services.document_manager:delete_document:162 - Removed document 554d7fa2-3490-484c-94d9-142fbf6887ac from metadata database.
2026-07-14 18:39:28 | INFO    | backend.app.services.indexing_service:delete_document_index:61 - Deleting document index: 554d7fa2-3490-484c-94d9-142fbf6887ac
2026-07-14 18:39:28 | INFO    | backend.app.services.storage_service:delete_chunks:110 - Deleting chunks for document 554d7fa2-3490-484c-94d9-142fbf6887ac from JSON store.
2026-07-14 18:39:28 | INFO    | backend.app.services.knowledge_service:delete_knowledge:401 - Deleting structured knowledge for document: 554d7fa2-3490-484c-94d9-142fbf6887ac
2026-07-14 18:39:38 | INFO    | backend.app.api.routers.document:upload_document:48 - API triggered upload for file Online Application Receipt.pdf with chunk_size=500
2026-07-14 18:39:38 | INFO    | backend.app.services.ai_orchestrator:process_new_document:40 - UPLOAD START
2026-07-14 18:39:38 | INFO    | backend.app.services.document_manager:upload_document:73 - Saving uploaded document: Online Application Receipt.pdf as 1f711d6b-edd0-44dc-8e1e-480f59a7cd7c.pdf
2026-07-14 18:39:38 | INFO    | backend.app.services.ai_orchestrator:process_new_document:46 - UPLOAD END
2026-07-14 18:39:38 | INFO    | backend.app.services.ai_orchestrator:process_new_document:50 - PARSING START
2026-07-14 18:39:38 | INFO    | backend.app.services.document_parser:parse:70 - PARSING START
2026-07-14 18:39:38 | INFO    | backend.app.services.document_parser:parse:71 - Parsing document: D:\MYGPT\data\uploads\1f711d6b-edd0-44dc-8e1e-480f59a7cd7c.pdf
2026-07-14 18:39:38 | INFO    | backend.app.services.document_parser:_parse_pdf:153 - OCR START
2026-07-14 18:39:38 | INFO    | backend.app.services.document_parser:_parse_pdf:154 - PDF appears to be scanned (no readable text layer). Dispatching to OCR...
2026-07-14 18:39:38 | INFO    | backend.app.services.ocr_service:extract_text_from_scanned_pdf:74 - Running OCR on scanned PDF: D:\MYGPT\data\uploads\1f711d6b-edd0-44dc-8e1e-480f59a7cd7c.pdf
2026-07-14 18:39:44 | INFO    | backend.app.services.document_parser:_parse_pdf:156 - OCR END
2026-07-14 18:39:44 | INFO    | backend.app.services.document_parser:parse:119 - PARSING END
2026-07-14 18:39:44 | INFO    | backend.app.services.document_parser:parse:120 - TOTAL LATENCY (parse): 6065.93 ms
2026-07-14 18:39:44 | INFO    | backend.app.services.ai_orchestrator:process_new_document:53 - PARSING END
2026-07-14 18:39:44 | INFO    | backend.app.services.ai_orchestrator:index_document_background:70 - CHUNKING START
2026-07-14 18:39:44 | INFO    | backend.app.services.chunk_service:chunk_document:97 - Chunking document: 1f711d6b-edd0-44dc-8e1e-480f59a7cd7c with size=500, overlap=50
2026-07-14 18:39:44 | INFO    | backend.app.services.chunk_service:chunk_document:260 - Completed chunking. Generated 2 chunks for document: 1f711d6b-edd0-44dc-8e1e-480f59a7cd7c
2026-07-14 18:39:44 | INFO    | backend.app.services.ai_orchestrator:index_document_background:72 - CHUNK COUNT: 2
2026-07-14 18:39:44 | INFO    | backend.app.services.ai_orchestrator:index_document_background:83 - DOCUMENT UNDERSTANDING START
2026-07-14 18:39:44 | INFO    | backend.app.services.knowledge_service:save_knowledge:389 - Persisting structured knowledge for document: 1f711d6b-edd0-44dc-8e1e-480f59a7cd7c
2026-07-14 18:39:44 | INFO    | backend.app.services.ai_orchestrator:index_document_background:93 - DOCUMENT UNDERSTANDING END
2026-07-14 18:39:44 | INFO    | backend.app.services.ai_orchestrator:index_document_background:97 - EMBEDDING START
2026-07-14 18:39:45 | INFO    | backend.app.services.ai_orchestrator:index_document_background:100 - EMBEDDING END
2026-07-14 18:39:45 | INFO    | backend.app.services.ai_orchestrator:index_document_background:104 - INDEXING START
2026-07-14 18:39:45 | INFO    | backend.app.services.storage_service:save_chunks:87 - Saving 2 chunks for document 1f711d6b-edd0-44dc-8e1e-480f59a7cd7c to JSON store.
2026-07-14 18:39:45 | INFO    | backend.app.services.ai_orchestrator:index_document_background:109 - INDEXING END
2026-07-14 18:39:45 | INFO    | backend.app.services.ai_orchestrator:index_document_background:114 - TOTAL LATENCY: 529.83 ms
2026-07-14 18:40:13 | INFO    | app.main:websocket_training:149 - WebSocket client disconnected from training stream.
2026-07-14 18:40:13 | INFO    | app.main:websocket_training:149 - WebSocket client disconnected from training stream.
2026-07-14 18:40:23 | INFO    | backend.app.services.conversation_memory:set_active_document:93 - Session fhbbxe active document set to 1f711d6b-edd0-44dc-8e1e-480f59a7cd7c
2026-07-14 18:40:23 | INFO    | backend.app.services.search_service:search:38 - RETRIEVAL START
2026-07-14 18:40:23 | INFO    | backend.app.services.search_service:search:39 - TOP K: 3
2026-07-14 18:40:23 | INFO    | backend.app.services.search_service:search:40 - SIMILARITY: 0.0
2026-07-14 18:40:23 | INFO    | backend.app.services.search_service:search:41 - Search mode triggered: hybrid for query: 'Summarize this document.'
2026-07-14 18:40:23 | INFO    | backend.app.services.retrieval_service:retrieve_relevant_chunks:60 - Searching 2 chunks (doc_id=1f711d6b-edd0-44dc-8e1e-480f59a7cd7c) with threshold=0.0
2026-07-14 18:40:23 | INFO    | backend.app.services.retrieval_service:retrieve_relevant_chunks:100 - Retrieved 2 relevant chunks matching search criteria.
2026-07-14 18:40:23 | INFO    | backend.app.services.ai_orchestrator:process_chat_query:159 - CONTEXT BUILD
2026-07-14 18:40:23 | INFO    | backend.app.services.context_builder:build_context:30 - Building reasoning context for query 'Summarize this document....' with 2 chunks.
2026-07-14 18:40:23 | INFO    | backend.app.services.context_builder:build_context:101 - Reasoning context assembled successfully. Length: 546 chars.
2026-07-14 18:40:23 | INFO    | backend.app.services.reasoning_service:reason:517 - REASONING START
2026-07-14 18:40:23 | INFO    | backend.app.services.reasoning_service:reason:518 - Reasoning query: 'Summarize this document.'
2026-07-14 18:40:23 | INFO    | backend.app.services.reasoning_service:reason:523 - Inferred intent: Summary
2026-07-14 18:40:23 | INFO    | backend.app.services.reasoning_service:reason:569 - TOKENS GENERATED
2026-07-14 18:40:23 | INFO    | backend.app.services.reasoning_service:reason:570 - ANSWER GENERATED
2026-07-14 18:40:23 | INFO    | backend.app.services.answer_formatter:format_response:180 - Formatting final chat response. Confidence=95.0
2026-07-14 18:40:23 | INFO    | backend.app.services.answer_formatter:format_response:181 - ANSWER GENERATED
2026-07-14 18:40:23 | INFO    | backend.app.services.conversation_memory:add_message:50 - Added message to session fhbbxe from role 'user'
2026-07-14 18:40:23 | INFO    | backend.app.services.conversation_memory:add_message:50 - Added message to session fhbbxe from role 'assistant'
2026-07-14 18:40:23 | INFO    | backend.app.services.trainer_service:save_training_sample:59 - Saved training sample for doc_id 1f711d6b-edd0-44dc-8e1e-480f59a7cd7c to D:\MYGPT\data\training_samples.jsonl
2026-07-14 18:44:13 | INFO    | app.main:websocket_training:149 - WebSocket client disconnected from training stream.
2026-07-14 18:44:13 | INFO    | app.main:websocket_training:149 - WebSocket client disconnected from training stream.
2026-07-14 18:46:13 | INFO    | backend.app.core.logging:configure_logging:48 - Application logging successfully initialized.
2026-07-14 18:46:13 | INFO    | backend.app.services.model_manager:__init__:41 - ModelManager singleton initialized. CPU/GPU Device: cpu
2026-07-14 18:46:14 | INFO    | backend.app.services.embedding_service:__init__:33 - Initializing MyGPTEmbedding provider.
2026-07-14 18:46:15 | WARNING | backend.app.services.ocr_service:__init__:36 - Tesseract OCR is not installed or not in PATH. OCR will run in fallback mode: tesseract is not installed or it's not in your PATH. See README file for more information.
2026-07-14 18:46:15 | INFO    | backend.app.services.reasoning_service:__init__:293 - Initializing ReasoningService.
2026-07-14 18:46:15 | INFO    | backend.app.services.conversation_memory:__init__:15 - ConversationMemory service initialized.
2026-07-14 18:46:15 | INFO    | backend.app.services.ai_orchestrator:__init__:23 - Initializing AIOrchestrator with v3 extensibility slots.
2026-07-14 18:46:15 | INFO    | backend.app.api.routers.document:upload_document:48 - API triggered upload for file test_invoice_9999.txt with chunk_size=40
2026-07-14 18:46:15 | INFO    | backend.app.services.ai_orchestrator:process_new_document:40 - UPLOAD START
2026-07-14 18:46:15 | INFO    | backend.app.services.document_manager:upload_document:73 - Saving uploaded document: test_invoice_9999.txt as 8b04a98f-7c5f-405b-8708-4bd7247d40ae.txt
2026-07-14 18:46:15 | INFO    | backend.app.services.ai_orchestrator:process_new_document:46 - UPLOAD END
2026-07-14 18:46:15 | INFO    | backend.app.services.ai_orchestrator:process_new_document:50 - PARSING START
2026-07-14 18:46:15 | INFO    | backend.app.services.document_parser:parse:70 - PARSING START
2026-07-14 18:46:15 | INFO    | backend.app.services.document_parser:parse:71 - Parsing document: D:\MYGPT\data\uploads\8b04a98f-7c5f-405b-8708-4bd7247d40ae.txt
2026-07-14 18:46:15 | ERROR   | backend.app.services.document_parser:parse:119 - Validation failed: text too short (10 words) or invalid.
2026-07-14 18:46:15 | ERROR   | backend.app.services.ai_orchestrator:process_new_document:74 - Failed to parse document 8b04a98f-7c5f-405b-8708-4bd7247d40ae: Unable to extract readable text from the uploaded document.
2026-07-14 18:46:15 | INFO    | backend.app.services.ai_orchestrator:process_new_document:75 - Validation Passed: NO
2026-07-14 18:46:15 | ERROR   | backend.app.api.routers.document:upload_document:67 - Document upload API failed: Unable to extract readable text from the uploaded document.
Traceback (most recent call last):

  File "C:\Python314\Lib\threading.py", line 1043, in _bootstrap
    self._bootstrap_inner()
    │    └ <function Thread._bootstrap_inner at 0x000001CEF8FBDBC0>
    └ <Thread(asyncio-portal-1ce8ca7b230, started daemon 13052)>
  File "C:\Python314\Lib\threading.py", line 1081, in _bootstrap_inner
    self._context.run(self.run)
    │    │        │   │    └ <function Thread.run at 0x000001CEF8FBD850>
    │    │        │   └ <Thread(asyncio-portal-1ce8ca7b230, started daemon 13052)>
    │    │        └ <method 'run' of '_contextvars.Context' objects>
    │    └ <_contextvars.Context object at 0x000001CE8CA8CE40>
    └ <Thread(asyncio-portal-1ce8ca7b230, started daemon 13052)>
  File "C:\Python314\Lib\threading.py", line 1023, in run
    self._target(*self._args, **self._kwargs)
    │    │        │    │        │    └ {}
    │    │        │    │        └ <Thread(asyncio-portal-1ce8ca7b230, started daemon 13052)>
    │    │        │    └ ()
    │    │        └ <Thread(asyncio-portal-1ce8ca7b230, started daemon 13052)>
    │    └ <function start_blocking_portal.<locals>.run_blocking_portal at 0x000001CE8CAB4720>
    └ <Thread(asyncio-portal-1ce8ca7b230, started daemon 13052)>
  File "D:\MYGPT\venv\Lib\site-packages\anyio\from_thread.py", line 536, in run_blocking_portal
    run_eventloop(
    └ <function run at 0x000001CEF8FBF5E0>
  File "D:\MYGPT\venv\Lib\site-packages\anyio\_core\_eventloop.py", line 83, in run
    return async_backend.run(func, args, {}, backend_options)
           │             │   │     │         └ {}
           │             │   │     └ ()
           │             │   └ <function start_blocking_portal.<locals>.run_portal at 0x000001CE8CAB45C0>
           │             └ <classmethod(<function AsyncIOBackend.run at 0x000001CE8CB2BD70>)>
           └ <class 'anyio._backends._asyncio.AsyncIOBackend'>
  File "D:\MYGPT\venv\Lib\site-packages\anyio\_backends\_asyncio.py", line 2481, in run
    return runner.run(wrapper())
           │      │   └ <function start_blocking_portal.<locals>.run_portal at 0x000001CE8CAB57A0>
           │      └ <function Runner.run at 0x000001CEFA6EE1F0>
           └ <asyncio.runners.Runner object at 0x000001CE8CA7A7B0>
  File "C:\Python314\Lib\asyncio\runners.py", line 127, in run
    return self._loop.run_until_complete(task)
           │    │     │                  └ <Task pending name='anyio.from_thread.start_blocking_portal.<locals>.run_portal' coro=<start_blocking_portal.<locals>.run_por...
           │    │     └ <function BaseEventLoop.run_until_complete at 0x000001CEFA6FA560>
           │    └ <ProactorEventLoop running=True closed=False debug=False>
           └ <asyncio.runners.Runner object at 0x000001CE8CA7A7B0>
  File "C:\Python314\Lib\asyncio\base_events.py", line 706, in run_until_complete
    self.run_forever()
    │    └ <function BaseEventLoop.run_forever at 0x000001CEFA6FA4B0>
    └ <ProactorEventLoop running=True closed=False debug=False>
  File "C:\Python314\Lib\asyncio\base_events.py", line 677, in run_forever
    self._run_once()
    │    └ <function BaseEventLoop._run_once at 0x000001CEFA6EC670>
    └ <ProactorEventLoop running=True closed=False debug=False>
  File "C:\Python314\Lib\asyncio\base_events.py", line 2046, in _run_once
    handle._run()
    │      └ <function Handle._run at 0x000001CEFA74C0F0>
    └ <Handle <_asyncio.TaskStepMethWrapper object at 0x000001CE8CAA63E0>()>
  File "C:\Python314\Lib\asyncio\events.py", line 94, in _run
    self._context.run(self._callback, *self._args)
    │    │            │    │           │    └ <member '_args' of 'Handle' objects>
    │    │            │    │           └ <Handle <_asyncio.TaskStepMethWrapper object at 0x000001CE8CAA63E0>()>
    │    │            │    └ <member '_callback' of 'Handle' objects>
    │    │            └ <Handle <_asyncio.TaskStepMethWrapper object at 0x000001CE8CAA63E0>()>
    │    └ <member '_context' of 'Handle' objects>
    └ <Handle <_asyncio.TaskStepMethWrapper object at 0x000001CE8CAA63E0>()>
  File "D:\MYGPT\venv\Lib\site-packages\anyio\_core\_tasks.py", line 275, in _run_coro
    retval = await self._coro
                   │    └ <member '_coro' of 'TaskHandle' objects>
                   └ <TaskHandle pending name='anyio.from_thread.BlockingPortal._call_func' coro=<coroutine object BlockingPortal._call_func at 0x...
  File "D:\MYGPT\venv\Lib\site-packages\anyio\from_thread.py", line 263, in _call_func
    retval = await retval_or_awaitable
                   └ <coroutine object FastAPI.__call__ at 0x000001CE8CA4EB40>
  File "D:\MYGPT\venv\Lib\site-packages\fastapi\applications.py", line 1163, in __call__
    await super().__call__(scope, receive, send)
                           │      │        └ <function _TestClientTransport.handle_request.<locals>.send at 0x000001CE8CAB4460>
                           │      └ <function _TestClientTransport.handle_request.<locals>.receive at 0x000001CE8CA97D70>
                           └ {'type': 'http', 'http_version': '1.1', 'method': 'POST', 'path': '/api/documents/upload', 'raw_path': b'/api/documents/uploa...
  File "D:\MYGPT\venv\Lib\site-packages\starlette\applications.py", line 90, in __call__
    await self.middleware_stack(scope, receive, send)
          │    │                │      │        └ <function _TestClientTransport.handle_request.<locals>.send at 0x000001CE8CAB4460>
          │    │                │      └ <function _TestClientTransport.handle_request.<locals>.receive at 0x000001CE8CA97D70>
          │    │                └ {'type': 'http', 'http_version': '1.1', 'method': 'POST', 'path': '/api/documents/upload', 'raw_path': b'/api/documents/uploa...
          │    └ <starlette.middleware.errors.ServerErrorMiddleware object at 0x000001CE8CA7BE00>
          └ <fastapi.applications.FastAPI object at 0x000001CE8CA78C20>
  File "D:\MYGPT\venv\Lib\site-packages\starlette\middleware\errors.py", line 164, in __call__
    await self.app(scope, receive, _send)
          │    │   │      │        └ <function ServerErrorMiddleware.__call__.<locals>._send at 0x000001CE8CB340F0>
          │    │   │      └ <function _TestClientTransport.handle_request.<locals>.receive at 0x000001CE8CA97D70>
          │    │   └ {'type': 'http', 'http_version': '1.1', 'method': 'POST', 'path': '/api/documents/upload', 'raw_path': b'/api/documents/uploa...
          │    └ <starlette.middleware.cors.CORSMiddleware object at 0x000001CE8CA7BCB0>
          └ <starlette.middleware.errors.ServerErrorMiddleware object at 0x000001CE8CA7BE00>
  File "D:\MYGPT\venv\Lib\site-packages\starlette\middleware\cors.py", line 88, in __call__
    await self.app(scope, receive, send)
          │    │   │      │        └ <function ServerErrorMiddleware.__call__.<locals>._send at 0x000001CE8CB340F0>
          │    │   │      └ <function _TestClientTransport.handle_request.<locals>.receive at 0x000001CE8CA97D70>
          │    │   └ {'type': 'http', 'http_version': '1.1', 'method': 'POST', 'path': '/api/documents/upload', 'raw_path': b'/api/documents/uploa...
          │    └ <starlette.middleware.exceptions.ExceptionMiddleware object at 0x000001CE8CA7B4D0>
          └ <starlette.middleware.cors.CORSMiddleware object at 0x000001CE8CA7BCB0>
  File "D:\MYGPT\venv\Lib\site-packages\starlette\middleware\exceptions.py", line 63, in __call__
    await wrap_app_handling_exceptions(self.app, conn)(scope, receive, send)
          │                            │    │    │     │      │        └ <function ServerErrorMiddleware.__call__.<locals>._send at 0x000001CE8CB340F0>
          │                            │    │    │     │      └ <function _TestClientTransport.handle_request.<locals>.receive at 0x000001CE8CA97D70>
          │                            │    │    │     └ {'type': 'http', 'http_version': '1.1', 'method': 'POST', 'path': '/api/documents/upload', 'raw_path': b'/api/documents/uploa...
          │                            │    │    └ <starlette.requests.Request object at 0x000001CE8CB381A0>
          │                            │    └ <fastapi.middleware.asyncexitstack.AsyncExitStackMiddleware object at 0x000001CE8CA7B380>
          │                            └ <starlette.middleware.exceptions.ExceptionMiddleware object at 0x000001CE8CA7B4D0>
          └ <function wrap_app_handling_exceptions at 0x000001CEFA204880>
  File "D:\MYGPT\venv\Lib\site-packages\starlette\_exception_handler.py", line 42, in wrapped_app
    await app(scope, receive, sender)
          │   │      │        └ <function wrap_app_handling_exceptions.<locals>.wrapped_app.<locals>.sender at 0x000001CE8CB343B0>
          │   │      └ <function _TestClientTransport.handle_request.<locals>.receive at 0x000001CE8CA97D70>
          │   └ {'type': 'http', 'http_version': '1.1', 'method': 'POST', 'path': '/api/documents/upload', 'raw_path': b'/api/documents/uploa...
          └ <fastapi.middleware.asyncexitstack.AsyncExitStackMiddleware object at 0x000001CE8CA7B380>
  File "D:\MYGPT\venv\Lib\site-packages\fastapi\middleware\asyncexitstack.py", line 18, in __call__
    await self.app(scope, receive, send)
          │    │   │      │        └ <function wrap_app_handling_exceptions.<locals>.wrapped_app.<locals>.sender at 0x000001CE8CB343B0>
          │    │   │      └ <function _TestClientTransport.handle_request.<locals>.receive at 0x000001CE8CA97D70>
          │    │   └ {'type': 'http', 'http_version': '1.1', 'method': 'POST', 'path': '/api/documents/upload', 'raw_path': b'/api/documents/uploa...
          │    └ <fastapi.routing.APIRouter object at 0x000001CE8A27F570>
          └ <fastapi.middleware.asyncexitstack.AsyncExitStackMiddleware object at 0x000001CE8CA7B380>
  File "D:\MYGPT\venv\Lib\site-packages\starlette\routing.py", line 660, in __call__
    await self.middleware_stack(scope, receive, send)
          │    │                │      │        └ <function wrap_app_handling_exceptions.<locals>.wrapped_app.<locals>.sender at 0x000001CE8CB343B0>
          │    │                │      └ <function _TestClientTransport.handle_request.<locals>.receive at 0x000001CE8CA97D70>
          │    │                └ {'type': 'http', 'http_version': '1.1', 'method': 'POST', 'path': '/api/documents/upload', 'raw_path': b'/api/documents/uploa...
          │    └ <bound method APIRouter.app of <fastapi.routing.APIRouter object at 0x000001CE8A27F570>>
          └ <fastapi.routing.APIRouter object at 0x000001CE8A27F570>
  File "D:\MYGPT\venv\Lib\site-packages\fastapi\routing.py", line 2683, in app
    await route.handle(scope, receive, send)
          │     │      │      │        └ <function wrap_app_handling_exceptions.<locals>.wrapped_app.<locals>.sender at 0x000001CE8CB343B0>
          │     │      │      └ <function _TestClientTransport.handle_request.<locals>.receive at 0x000001CE8CA97D70>
          │     │      └ {'type': 'http', 'http_version': '1.1', 'method': 'POST', 'path': '/api/documents/upload', 'raw_path': b'/api/documents/uploa...
          │     └ <function _IncludedRouter.handle at 0x000001CEFA261A60>
          └ _IncludedRouter(original_router=<fastapi.routing.APIRouter object at 0x000001CE8CA60490>, include_context=_RouterIncludeConte...
  File "D:\MYGPT\venv\Lib\site-packages\fastapi\routing.py", line 1753, in handle
    await self.original_router.handle(scope, receive, send)
          │    │               │      │      │        └ <function wrap_app_handling_exceptions.<locals>.wrapped_app.<locals>.sender at 0x000001CE8CB343B0>
          │    │               │      │      └ <function _TestClientTransport.handle_request.<locals>.receive at 0x000001CE8CA97D70>
          │    │               │      └ {'type': 'http', 'http_version': '1.1', 'method': 'POST', 'path': '/api/documents/upload', 'raw_path': b'/api/documents/uploa...
          │    │               └ <function APIRouter.handle at 0x000001CEFA265C70>
          │    └ <fastapi.routing.APIRouter object at 0x000001CE8CA60490>
          └ _IncludedRouter(original_router=<fastapi.routing.APIRouter object at 0x000001CE8CA60490>, include_context=_RouterIncludeConte...
  File "D:\MYGPT\venv\Lib\site-packages\fastapi\routing.py", line 2738, in handle
    await included_router._handle_selected(scope, receive, send)
          │               │                │      │        └ <function wrap_app_handling_exceptions.<locals>.wrapped_app.<locals>.sender at 0x000001CE8CB343B0>
          │               │                │      └ <function _TestClientTransport.handle_request.<locals>.receive at 0x000001CE8CA97D70>
          │               │                └ {'type': 'http', 'http_version': '1.1', 'method': 'POST', 'path': '/api/documents/upload', 'raw_path': b'/api/documents/uploa...
          │               └ <function _IncludedRouter._handle_selected at 0x000001CEFA261BC0>
          └ _IncludedRouter(original_router=<fastapi.routing.APIRouter object at 0x000001CE8CA60490>, include_context=_RouterIncludeConte...
  File "D:\MYGPT\venv\Lib\site-packages\fastapi\routing.py", line 1773, in _handle_selected
    await original_route.handle(scope, receive, send)
          │              │      │      │        └ <function wrap_app_handling_exceptions.<locals>.wrapped_app.<locals>.sender at 0x000001CE8CB343B0>
          │              │      │      └ <function _TestClientTransport.handle_request.<locals>.receive at 0x000001CE8CA97D70>
          │              │      └ {'type': 'http', 'http_version': '1.1', 'method': 'POST', 'path': '/api/documents/upload', 'raw_path': b'/api/documents/uploa...
          │              └ <function APIRoute.handle at 0x000001CEFA232820>
          └ APIRoute(path='/documents/upload', name='upload_document', methods=['POST'])
  File "D:\MYGPT\venv\Lib\site-packages\fastapi\routing.py", line 1264, in handle
    await app(scope, receive, send)
          │   │      │        └ <function wrap_app_handling_exceptions.<locals>.wrapped_app.<locals>.sender at 0x000001CE8CB343B0>
          │   │      └ <function _TestClientTransport.handle_request.<locals>.receive at 0x000001CE8CA97D70>
          │   └ {'type': 'http', 'http_version': '1.1', 'method': 'POST', 'path': '/api/documents/upload', 'raw_path': b'/api/documents/uploa...
          └ <function request_response.<locals>.app at 0x000001CE8CB34510>
  File "D:\MYGPT\venv\Lib\site-packages\fastapi\routing.py", line 150, in app
    await wrap_app_handling_exceptions(app, request)(scope, receive, send)
          │                            │    │        │      │        └ <function wrap_app_handling_exceptions.<locals>.wrapped_app.<locals>.sender at 0x000001CE8CB343B0>
          │                            │    │        │      └ <function _TestClientTransport.handle_request.<locals>.receive at 0x000001CE8CA97D70>
          │                            │    │        └ {'type': 'http', 'http_version': '1.1', 'method': 'POST', 'path': '/api/documents/upload', 'raw_path': b'/api/documents/uploa...
          │                            │    └ <starlette.requests.Request object at 0x000001CE8CB896D0>
          │                            └ <function request_response.<locals>.app.<locals>.app at 0x000001CE8CB34670>
          └ <function wrap_app_handling_exceptions at 0x000001CEFA204880>
  File "D:\MYGPT\venv\Lib\site-packages\starlette\_exception_handler.py", line 42, in wrapped_app
    await app(scope, receive, sender)
          │   │      │        └ <function wrap_app_handling_exceptions.<locals>.wrapped_app.<locals>.sender at 0x000001CE8CB34930>
          │   │      └ <function _TestClientTransport.handle_request.<locals>.receive at 0x000001CE8CA97D70>
          │   └ {'type': 'http', 'http_version': '1.1', 'method': 'POST', 'path': '/api/documents/upload', 'raw_path': b'/api/documents/uploa...
          └ <function request_response.<locals>.app.<locals>.app at 0x000001CE8CB34670>
  File "D:\MYGPT\venv\Lib\site-packages\fastapi\routing.py", line 136, in app
    response = await f(request)
                     │ └ <starlette.requests.Request object at 0x000001CE8CB896D0>
                     └ <function get_request_handler.<locals>.app at 0x000001CE8CB2FD70>
  File "D:\MYGPT\venv\Lib\site-packages\fastapi\routing.py", line 690, in app
    raw_response = await run_endpoint_function(
                         └ <function run_endpoint_function at 0x000001CEFA230D50>
  File "D:\MYGPT\venv\Lib\site-packages\fastapi\routing.py", line 344, in run_endpoint_function
    return await dependant.call(**values)
                 │         │      └ {'file': UploadFile(filename='test_invoice_9999.txt', size=71, headers=Headers({'content-disposition': 'form-data; name="file...
                 │         └ <function upload_document at 0x000001CE8CA73E20>
                 └ Dependant(path_params=[], query_params=[], header_params=[], cookie_params=[], body_params=[ModelField(field_info=File(Pydant...

> File "D:\MYGPT\backend\app\api\routers\document.py", line 51, in upload_document
    doc_meta, parsed_doc = ai_orchestrator.process_new_document(
                           │               └ <function AIOrchestrator.process_new_document at 0x000001CE8CA738A0>
                           └ <backend.app.services.ai_orchestrator.AIOrchestrator object at 0x000001CE8CA78AD0>

  File "D:\MYGPT\backend\app\services\ai_orchestrator.py", line 77, in process_new_document
    raise e

  File "D:\MYGPT\backend\app\services\ai_orchestrator.py", line 52, in process_new_document
    parsed_doc = document_parser.parse(doc_meta["file_path"])
                 │               │     └ {'id': '8b04a98f-7c5f-405b-8708-4bd7247d40ae', 'filename': 'test_invoice_9999.txt', 'file_path': 'D:\\MYGPT\\data\\uploads\\8...
                 │               └ <function DocumentParser.parse at 0x000001CE8CA6FCC0>
                 └ <backend.app.services.document_parser.DocumentParser object at 0x000001CE8C8E7E00>

  File "D:\MYGPT\backend\app\services\document_parser.py", line 120, in parse
    raise ValueError("Unable to extract readable text from the uploaded document.")

ValueError: Unable to extract readable text from the uploaded document.
2026-07-14 18:46:42 | INFO    | backend.app.core.logging:configure_logging:48 - Application logging successfully initialized.
2026-07-14 18:46:42 | INFO    | backend.app.services.model_manager:__init__:41 - ModelManager singleton initialized. CPU/GPU Device: cpu
2026-07-14 18:46:42 | INFO    | backend.app.services.embedding_service:__init__:33 - Initializing MyGPTEmbedding provider.
2026-07-14 18:46:44 | WARNING | backend.app.services.ocr_service:__init__:36 - Tesseract OCR is not installed or not in PATH. OCR will run in fallback mode: tesseract is not installed or it's not in your PATH. See README file for more information.
2026-07-14 18:46:44 | INFO    | backend.app.services.reasoning_service:__init__:293 - Initializing ReasoningService.
2026-07-14 18:46:44 | INFO    | backend.app.services.conversation_memory:__init__:15 - ConversationMemory service initialized.
2026-07-14 18:46:44 | INFO    | backend.app.services.ai_orchestrator:__init__:23 - Initializing AIOrchestrator with v3 extensibility slots.
2026-07-14 18:46:44 | INFO    | backend.app.api.routers.document:upload_document:48 - API triggered upload for file test_invoice_9999.txt with chunk_size=40
2026-07-14 18:46:44 | INFO    | backend.app.services.ai_orchestrator:process_new_document:40 - UPLOAD START
2026-07-14 18:46:44 | INFO    | backend.app.services.document_manager:upload_document:73 - Saving uploaded document: test_invoice_9999.txt as b315acf0-6841-4976-8dc3-a000864e8b68.txt
2026-07-14 18:46:44 | INFO    | backend.app.services.ai_orchestrator:process_new_document:46 - UPLOAD END
2026-07-14 18:46:44 | INFO    | backend.app.services.ai_orchestrator:process_new_document:50 - PARSING START
2026-07-14 18:46:44 | INFO    | backend.app.services.document_parser:parse:70 - PARSING START
2026-07-14 18:46:44 | INFO    | backend.app.services.document_parser:parse:71 - Parsing document: D:\MYGPT\data\uploads\b315acf0-6841-4976-8dc3-a000864e8b68.txt
2026-07-14 18:46:44 | INFO    | backend.app.services.document_parser:parse:128 - PARSING END
2026-07-14 18:46:44 | INFO    | backend.app.services.document_parser:parse:129 - TOTAL LATENCY (parse): 9.65 ms
2026-07-14 18:46:44 | INFO    | backend.app.services.ai_orchestrator:process_new_document:53 - PARSING END
2026-07-14 18:46:44 | INFO    | backend.app.services.ai_orchestrator:process_new_document:60 - ========================================
2026-07-14 18:46:44 | INFO    | backend.app.services.ai_orchestrator:process_new_document:61 - INGESTION DEBUG METRICS
2026-07-14 18:46:44 | INFO    | backend.app.services.ai_orchestrator:process_new_document:62 - ========================================
2026-07-14 18:46:44 | INFO    | backend.app.services.ai_orchestrator:process_new_document:63 - DOCUMENT TYPE: .TXT
2026-07-14 18:46:44 | INFO    | backend.app.services.ai_orchestrator:process_new_document:64 - Extracted Characters: 71
2026-07-14 18:46:44 | INFO    | backend.app.services.ai_orchestrator:process_new_document:65 - Extracted Words: 10
2026-07-14 18:46:44 | INFO    | backend.app.services.ai_orchestrator:process_new_document:66 - Validation Passed: YES
2026-07-14 18:46:44 | INFO    | backend.app.services.ai_orchestrator:process_new_document:67 - Execution Time: 33.60 ms
2026-07-14 18:46:44 | INFO    | backend.app.services.ai_orchestrator:process_new_document:68 - ========================================
2026-07-14 18:46:44 | INFO    | backend.app.services.ai_orchestrator:index_document_background:86 - CHUNKING START
2026-07-14 18:46:44 | INFO    | backend.app.services.chunk_service:chunk_document:97 - Chunking document: b315acf0-6841-4976-8dc3-a000864e8b68 with size=40, overlap=50
2026-07-14 18:46:44 | INFO    | backend.app.services.chunk_service:chunk_document:260 - Completed chunking. Generated 3 chunks for document: b315acf0-6841-4976-8dc3-a000864e8b68
2026-07-14 18:46:44 | INFO    | backend.app.services.ai_orchestrator:index_document_background:88 - CHUNK COUNT: 3
2026-07-14 18:46:44 | INFO    | backend.app.services.ai_orchestrator:index_document_background:99 - DOCUMENT UNDERSTANDING START
2026-07-14 18:46:44 | INFO    | backend.app.services.knowledge_service:save_knowledge:389 - Persisting structured knowledge for document: b315acf0-6841-4976-8dc3-a000864e8b68
2026-07-14 18:46:44 | INFO    | backend.app.services.ai_orchestrator:index_document_background:109 - DOCUMENT UNDERSTANDING END
2026-07-14 18:46:44 | INFO    | backend.app.services.ai_orchestrator:index_document_background:110 - Knowledge Built: YES
2026-07-14 18:46:44 | INFO    | backend.app.services.ai_orchestrator:index_document_background:114 - EMBEDDING START
2026-07-14 18:46:44 | INFO    | backend.app.services.model_manager:load_model:51 - Initializing new GPT instance in ModelManager...
2026-07-14 18:46:44 | INFO    | backend.app.services.ai_orchestrator:index_document_background:117 - EMBEDDING END
2026-07-14 18:46:44 | INFO    | backend.app.services.ai_orchestrator:index_document_background:121 - INDEXING START
2026-07-14 18:46:44 | INFO    | backend.app.services.storage_service:save_chunks:87 - Saving 3 chunks for document b315acf0-6841-4976-8dc3-a000864e8b68 to JSON store.
2026-07-14 18:46:44 | INFO    | backend.app.services.ai_orchestrator:index_document_background:126 - INDEXING END
2026-07-14 18:46:44 | INFO    | backend.app.services.ai_orchestrator:index_document_background:127 - Indexed Chunks: 3
2026-07-14 18:46:44 | INFO    | backend.app.services.ai_orchestrator:index_document_background:132 - TOTAL LATENCY: 127.72 ms
2026-07-14 18:46:45 | INFO    | backend.app.services.conversation_memory:set_active_document:93 - Session test_verification_session active document set to b315acf0-6841-4976-8dc3-a000864e8b68
2026-07-14 18:46:45 | INFO    | backend.app.services.search_service:search:38 - RETRIEVAL START
2026-07-14 18:46:45 | INFO    | backend.app.services.search_service:search:39 - TOP K: 3
2026-07-14 18:46:45 | INFO    | backend.app.services.search_service:search:40 - SIMILARITY: 0.0
2026-07-14 18:46:45 | INFO    | backend.app.services.search_service:search:41 - Search mode triggered: hybrid for query: 'What is the total amount?'
2026-07-14 18:46:45 | INFO    | backend.app.services.retrieval_service:retrieve_relevant_chunks:60 - Searching 3 chunks (doc_id=b315acf0-6841-4976-8dc3-a000864e8b68) with threshold=0.0
2026-07-14 18:46:45 | INFO    | backend.app.services.retrieval_service:retrieve_relevant_chunks:100 - Retrieved 3 relevant chunks matching search criteria.
2026-07-14 18:46:45 | INFO    | backend.app.services.ai_orchestrator:process_chat_query:177 - CONTEXT BUILD
2026-07-14 18:46:45 | INFO    | backend.app.services.context_builder:build_context:30 - Building reasoning context for query 'What is the total amount?...' with 3 chunks.
2026-07-14 18:46:45 | INFO    | backend.app.services.context_builder:build_context:101 - Reasoning context assembled successfully. Length: 79 chars.
2026-07-14 18:46:45 | INFO    | backend.app.services.reasoning_service:reason:517 - REASONING START
2026-07-14 18:46:45 | INFO    | backend.app.services.reasoning_service:reason:518 - Reasoning query: 'What is the total amount?'
2026-07-14 18:46:45 | INFO    | backend.app.services.reasoning_service:reason:523 - Inferred intent: Invoice
2026-07-14 18:46:45 | INFO    | backend.app.services.reasoning_service:reason:569 - TOKENS GENERATED
2026-07-14 18:46:45 | INFO    | backend.app.services.reasoning_service:reason:570 - ANSWER GENERATED
2026-07-14 18:46:45 | INFO    | backend.app.services.answer_formatter:format_response:180 - Formatting final chat response. Confidence=90.0
2026-07-14 18:46:45 | INFO    | backend.app.services.answer_formatter:format_response:181 - ANSWER GENERATED
2026-07-14 18:46:45 | INFO    | backend.app.services.conversation_memory:add_message:50 - Added message to session test_verification_session from role 'user'
2026-07-14 18:46:45 | INFO    | backend.app.services.conversation_memory:add_message:50 - Added message to session test_verification_session from role 'assistant'
2026-07-14 18:46:45 | INFO    | backend.app.services.trainer_service:save_training_sample:59 - Saved training sample for doc_id b315acf0-6841-4976-8dc3-a000864e8b68 to D:\MYGPT\data\training_samples.jsonl
2026-07-14 18:46:45 | INFO    | backend.app.services.conversation_memory:set_active_document:93 - Session test_verification_session active document set to b315acf0-6841-4976-8dc3-a000864e8b68
2026-07-14 18:46:45 | INFO    | backend.app.services.search_service:search:38 - RETRIEVAL START
2026-07-14 18:46:45 | INFO    | backend.app.services.search_service:search:39 - TOP K: 3
2026-07-14 18:46:45 | INFO    | backend.app.services.search_service:search:40 - SIMILARITY: 0.0
2026-07-14 18:46:45 | INFO    | backend.app.services.search_service:search:41 - Search mode triggered: hybrid for query: 'What is the GST tax?'
2026-07-14 18:46:45 | INFO    | backend.app.services.retrieval_service:retrieve_relevant_chunks:60 - Searching 3 chunks (doc_id=b315acf0-6841-4976-8dc3-a000864e8b68) with threshold=0.0
2026-07-14 18:46:45 | INFO    | backend.app.services.retrieval_service:retrieve_relevant_chunks:100 - Retrieved 3 relevant chunks matching search criteria.
2026-07-14 18:46:45 | INFO    | backend.app.services.ai_orchestrator:process_chat_query:177 - CONTEXT BUILD
2026-07-14 18:46:45 | INFO    | backend.app.services.context_builder:build_context:30 - Building reasoning context for query 'What is the GST tax?...' with 3 chunks.
2026-07-14 18:46:45 | INFO    | backend.app.services.context_builder:build_context:101 - Reasoning context assembled successfully. Length: 79 chars.
2026-07-14 18:46:45 | INFO    | backend.app.services.reasoning_service:reason:517 - REASONING START
2026-07-14 18:46:45 | INFO    | backend.app.services.reasoning_service:reason:518 - Reasoning query: 'What is the GST tax?'
2026-07-14 18:46:45 | INFO    | backend.app.services.reasoning_service:reason:523 - Inferred intent: Invoice
2026-07-14 18:46:45 | INFO    | backend.app.services.reasoning_service:reason:727 - TOKENS GENERATED
2026-07-14 18:46:45 | INFO    | backend.app.services.reasoning_service:reason:728 - ANSWER GENERATED
2026-07-14 18:46:45 | INFO    | backend.app.services.answer_formatter:format_response:180 - Formatting final chat response. Confidence=73.9930002249874
2026-07-14 18:46:45 | INFO    | backend.app.services.answer_formatter:format_response:181 - ANSWER GENERATED
2026-07-14 18:46:45 | INFO    | backend.app.services.conversation_memory:add_message:50 - Added message to session test_verification_session from role 'user'
2026-07-14 18:46:45 | INFO    | backend.app.services.conversation_memory:add_message:50 - Added message to session test_verification_session from role 'assistant'
2026-07-14 18:46:45 | INFO    | backend.app.services.trainer_service:save_training_sample:59 - Saved training sample for doc_id b315acf0-6841-4976-8dc3-a000864e8b68 to D:\MYGPT\data\training_samples.jsonl
2026-07-14 18:46:46 | INFO    | backend.app.services.conversation_memory:clear_history:145 - Cleared history logs for session test_verification_session
2026-07-14 18:46:46 | INFO    | backend.app.services.document_manager:delete_document:155 - Removed physical file: D:\MYGPT\data\uploads\b315acf0-6841-4976-8dc3-a000864e8b68.txt
2026-07-14 18:46:46 | INFO    | backend.app.services.document_manager:delete_document:162 - Removed document b315acf0-6841-4976-8dc3-a000864e8b68 from metadata database.
2026-07-14 18:46:46 | INFO    | backend.app.services.indexing_service:delete_document_index:61 - Deleting document index: b315acf0-6841-4976-8dc3-a000864e8b68
2026-07-14 18:46:46 | INFO    | backend.app.services.storage_service:delete_chunks:110 - Deleting chunks for document b315acf0-6841-4976-8dc3-a000864e8b68 from JSON store.
2026-07-14 18:46:46 | INFO    | backend.app.services.knowledge_service:delete_knowledge:401 - Deleting structured knowledge for document: b315acf0-6841-4976-8dc3-a000864e8b68
2026-07-14 18:48:24 | INFO    | backend.app.core.logging:configure_logging:48 - Application logging successfully initialized.
2026-07-14 18:48:24 | INFO    | backend.app.services.model_manager:__init__:41 - ModelManager singleton initialized. CPU/GPU Device: cpu
2026-07-14 18:48:24 | INFO    | backend.app.services.embedding_service:__init__:33 - Initializing MyGPTEmbedding provider.
2026-07-14 18:48:25 | WARNING | backend.app.services.ocr_service:__init__:36 - Tesseract OCR is not installed or not in PATH. OCR will run in fallback mode: tesseract is not installed or it's not in your PATH. See README file for more information.
2026-07-14 18:48:25 | INFO    | backend.app.services.reasoning_service:__init__:293 - Initializing ReasoningService.
2026-07-14 18:48:25 | INFO    | backend.app.services.conversation_memory:__init__:15 - ConversationMemory service initialized.
2026-07-14 18:48:25 | INFO    | backend.app.services.ai_orchestrator:__init__:23 - Initializing AIOrchestrator with v3 extensibility slots.
2026-07-14 18:48:25 | INFO    | app.main:startup_event:61 - Initializing MyGPT services and attempting to restore checkpoints...
2026-07-14 18:48:25 | INFO    | backend.app.services.model_manager:load_latest_checkpoint:151 - Successfully restored BPETokenizer vocabulary.
2026-07-14 18:48:25 | INFO    | app.main:startup_event:68 - Pre-loading MyGPT model structure into memory...
2026-07-14 18:48:25 | INFO    | backend.app.services.model_manager:load_model:51 - Initializing new GPT instance in ModelManager...
2026-07-14 18:48:26 | INFO    | app.main:startup_event:71 - MyGPT model successfully pre-loaded on boot.
2026-07-14 18:48:53 | INFO    | backend.app.services.conversation_memory:set_active_document:93 - Session fhbbxe active document set to 1f711d6b-edd0-44dc-8e1e-480f59a7cd7c
2026-07-14 18:48:53 | INFO    | backend.app.services.search_service:search:38 - RETRIEVAL START
2026-07-14 18:48:53 | INFO    | backend.app.services.search_service:search:39 - TOP K: 3
2026-07-14 18:48:53 | INFO    | backend.app.services.search_service:search:40 - SIMILARITY: 0.0
2026-07-14 18:48:53 | INFO    | backend.app.services.search_service:search:41 - Search mode triggered: hybrid for query: 'What is the main conclusion of the document?'
2026-07-14 18:48:53 | INFO    | backend.app.services.retrieval_service:retrieve_relevant_chunks:60 - Searching 2 chunks (doc_id=1f711d6b-edd0-44dc-8e1e-480f59a7cd7c) with threshold=0.0
2026-07-14 18:48:53 | INFO    | backend.app.services.retrieval_service:retrieve_relevant_chunks:100 - Retrieved 2 relevant chunks matching search criteria.
2026-07-14 18:48:53 | INFO    | backend.app.services.ai_orchestrator:process_chat_query:177 - CONTEXT BUILD
2026-07-14 18:48:53 | INFO    | backend.app.services.context_builder:build_context:30 - Building reasoning context for query 'What is the main conclusion of...' with 2 chunks.
2026-07-14 18:48:53 | INFO    | backend.app.services.context_builder:build_context:101 - Reasoning context assembled successfully. Length: 546 chars.
2026-07-14 18:48:53 | INFO    | backend.app.services.reasoning_service:reason:517 - REASONING START
2026-07-14 18:48:53 | INFO    | backend.app.services.reasoning_service:reason:518 - Reasoning query: 'What is the main conclusion of the document?'
2026-07-14 18:48:53 | INFO    | backend.app.services.reasoning_service:reason:523 - Inferred intent: Summary
2026-07-14 18:48:54 | INFO    | backend.app.services.reasoning_service:reason:569 - TOKENS GENERATED
2026-07-14 18:48:54 | INFO    | backend.app.services.reasoning_service:reason:570 - ANSWER GENERATED
2026-07-14 18:48:54 | INFO    | backend.app.services.answer_formatter:format_response:180 - Formatting final chat response. Confidence=95.0
2026-07-14 18:48:54 | INFO    | backend.app.services.answer_formatter:format_response:181 - ANSWER GENERATED
2026-07-14 18:48:54 | INFO    | backend.app.services.conversation_memory:add_message:50 - Added message to session fhbbxe from role 'user'
2026-07-14 18:48:54 | INFO    | backend.app.services.conversation_memory:add_message:50 - Added message to session fhbbxe from role 'assistant'
2026-07-14 18:48:54 | INFO    | backend.app.services.trainer_service:save_training_sample:59 - Saved training sample for doc_id 1f711d6b-edd0-44dc-8e1e-480f59a7cd7c to D:\MYGPT\data\training_samples.jsonl
2026-07-14 18:49:15 | INFO    | backend.app.services.document_manager:delete_document:155 - Removed physical file: D:\MYGPT\data\uploads\1f711d6b-edd0-44dc-8e1e-480f59a7cd7c.pdf
2026-07-14 18:49:15 | INFO    | backend.app.services.document_manager:delete_document:162 - Removed document 1f711d6b-edd0-44dc-8e1e-480f59a7cd7c from metadata database.
2026-07-14 18:49:15 | INFO    | backend.app.services.indexing_service:delete_document_index:61 - Deleting document index: 1f711d6b-edd0-44dc-8e1e-480f59a7cd7c
2026-07-14 18:49:15 | INFO    | backend.app.services.storage_service:delete_chunks:110 - Deleting chunks for document 1f711d6b-edd0-44dc-8e1e-480f59a7cd7c from JSON store.
2026-07-14 18:49:15 | INFO    | backend.app.services.knowledge_service:delete_knowledge:401 - Deleting structured knowledge for document: 1f711d6b-edd0-44dc-8e1e-480f59a7cd7c
2026-07-14 18:49:19 | INFO    | backend.app.services.document_manager:delete_document:155 - Removed physical file: D:\MYGPT\data\uploads\8b04a98f-7c5f-405b-8708-4bd7247d40ae.txt
2026-07-14 18:49:19 | INFO    | backend.app.services.document_manager:delete_document:162 - Removed document 8b04a98f-7c5f-405b-8708-4bd7247d40ae from metadata database.
2026-07-14 18:49:19 | INFO    | backend.app.services.indexing_service:delete_document_index:61 - Deleting document index: 8b04a98f-7c5f-405b-8708-4bd7247d40ae
2026-07-14 18:49:19 | INFO    | backend.app.services.storage_service:delete_chunks:110 - Deleting chunks for document 8b04a98f-7c5f-405b-8708-4bd7247d40ae from JSON store.
2026-07-14 18:49:19 | INFO    | backend.app.services.knowledge_service:delete_knowledge:401 - Deleting structured knowledge for document: 8b04a98f-7c5f-405b-8708-4bd7247d40ae
2026-07-14 18:49:33 | INFO    | backend.app.api.routers.document:upload_document:48 - API triggered upload for file Mohamed_Fazil_Resume.docx with chunk_size=500
2026-07-14 18:49:33 | INFO    | backend.app.services.ai_orchestrator:process_new_document:40 - UPLOAD START
2026-07-14 18:49:33 | INFO    | backend.app.services.document_manager:upload_document:73 - Saving uploaded document: Mohamed_Fazil_Resume.docx as e9d937f5-184a-4110-9cf3-827b2e7a6938.docx
2026-07-14 18:49:33 | INFO    | backend.app.services.ai_orchestrator:process_new_document:46 - UPLOAD END
2026-07-14 18:49:33 | INFO    | backend.app.services.ai_orchestrator:process_new_document:50 - PARSING START
2026-07-14 18:49:33 | INFO    | backend.app.services.document_parser:parse:70 - PARSING START
2026-07-14 18:49:33 | INFO    | backend.app.services.document_parser:parse:71 - Parsing document: D:\MYGPT\data\uploads\e9d937f5-184a-4110-9cf3-827b2e7a6938.docx
2026-07-14 18:49:34 | INFO    | backend.app.services.document_parser:parse:128 - PARSING END
2026-07-14 18:49:34 | INFO    | backend.app.services.document_parser:parse:129 - TOTAL LATENCY (parse): 481.23 ms
2026-07-14 18:49:34 | INFO    | backend.app.services.ai_orchestrator:process_new_document:53 - PARSING END
2026-07-14 18:49:34 | INFO    | backend.app.services.ai_orchestrator:process_new_document:60 - ========================================
2026-07-14 18:49:34 | INFO    | backend.app.services.ai_orchestrator:process_new_document:61 - INGESTION DEBUG METRICS
2026-07-14 18:49:34 | INFO    | backend.app.services.ai_orchestrator:process_new_document:62 - ========================================
2026-07-14 18:49:34 | INFO    | backend.app.services.ai_orchestrator:process_new_document:63 - DOCUMENT TYPE: .DOCX
2026-07-14 18:49:34 | INFO    | backend.app.services.ai_orchestrator:process_new_document:64 - Extracted Characters: 4254
2026-07-14 18:49:34 | INFO    | backend.app.services.ai_orchestrator:process_new_document:65 - Extracted Words: 553
2026-07-14 18:49:34 | INFO    | backend.app.services.ai_orchestrator:process_new_document:66 - Validation Passed: YES
2026-07-14 18:49:34 | INFO    | backend.app.services.ai_orchestrator:process_new_document:67 - Execution Time: 1267.62 ms
2026-07-14 18:49:34 | INFO    | backend.app.services.ai_orchestrator:process_new_document:68 - ========================================
2026-07-14 18:49:34 | INFO    | backend.app.services.ai_orchestrator:index_document_background:86 - CHUNKING START
2026-07-14 18:49:34 | INFO    | backend.app.services.chunk_service:chunk_document:97 - Chunking document: e9d937f5-184a-4110-9cf3-827b2e7a6938 with size=500, overlap=50
2026-07-14 18:49:40 | INFO    | backend.app.services.chunk_service:chunk_document:260 - Completed chunking. Generated 25 chunks for document: e9d937f5-184a-4110-9cf3-827b2e7a6938
2026-07-14 18:49:40 | INFO    | backend.app.services.ai_orchestrator:index_document_background:88 - CHUNK COUNT: 25
2026-07-14 18:49:41 | INFO    | backend.app.services.ai_orchestrator:index_document_background:99 - DOCUMENT UNDERSTANDING START
2026-07-14 18:49:41 | INFO    | backend.app.services.knowledge_service:save_knowledge:389 - Persisting structured knowledge for document: e9d937f5-184a-4110-9cf3-827b2e7a6938
2026-07-14 18:49:41 | INFO    | backend.app.services.ai_orchestrator:index_document_background:109 - DOCUMENT UNDERSTANDING END
2026-07-14 18:49:41 | INFO    | backend.app.services.ai_orchestrator:index_document_background:110 - Knowledge Built: YES
2026-07-14 18:49:41 | INFO    | backend.app.services.ai_orchestrator:index_document_background:114 - EMBEDDING START
2026-07-14 18:49:52 | INFO    | backend.app.services.ai_orchestrator:index_document_background:117 - EMBEDDING END
2026-07-14 18:49:52 | INFO    | backend.app.services.ai_orchestrator:index_document_background:121 - INDEXING START
2026-07-14 18:49:52 | INFO    | backend.app.services.storage_service:save_chunks:87 - Saving 25 chunks for document e9d937f5-184a-4110-9cf3-827b2e7a6938 to JSON store.
2026-07-14 18:49:52 | INFO    | backend.app.services.ai_orchestrator:index_document_background:126 - INDEXING END
2026-07-14 18:49:52 | INFO    | backend.app.services.ai_orchestrator:index_document_background:127 - Indexed Chunks: 25
2026-07-14 18:49:52 | INFO    | backend.app.services.ai_orchestrator:index_document_background:132 - TOTAL LATENCY: 17408.34 ms
2026-07-14 18:50:09 | INFO    | backend.app.services.conversation_memory:set_active_document:93 - Session fhbbxe active document set to e9d937f5-184a-4110-9cf3-827b2e7a6938
2026-07-14 18:50:09 | INFO    | backend.app.services.search_service:search:38 - RETRIEVAL START
2026-07-14 18:50:09 | INFO    | backend.app.services.search_service:search:39 - TOP K: 3
2026-07-14 18:50:09 | INFO    | backend.app.services.search_service:search:40 - SIMILARITY: 0.0
2026-07-14 18:50:09 | INFO    | backend.app.services.search_service:search:41 - Search mode triggered: hybrid for query: 'What is the main conclusion of the document?'
2026-07-14 18:50:09 | INFO    | backend.app.services.retrieval_service:retrieve_relevant_chunks:60 - Searching 25 chunks (doc_id=e9d937f5-184a-4110-9cf3-827b2e7a6938) with threshold=0.0
2026-07-14 18:50:10 | INFO    | backend.app.services.retrieval_service:retrieve_relevant_chunks:100 - Retrieved 25 relevant chunks matching search criteria.
2026-07-14 18:50:10 | INFO    | backend.app.services.ai_orchestrator:process_chat_query:177 - CONTEXT BUILD
2026-07-14 18:50:10 | INFO    | backend.app.services.context_builder:build_context:30 - Building reasoning context for query 'What is the main conclusion of...' with 3 chunks.
2026-07-14 18:50:10 | INFO    | backend.app.services.context_builder:build_context:101 - Reasoning context assembled successfully. Length: 930 chars.
2026-07-14 18:50:10 | INFO    | backend.app.services.reasoning_service:reason:517 - REASONING START
2026-07-14 18:50:10 | INFO    | backend.app.services.reasoning_service:reason:518 - Reasoning query: 'What is the main conclusion of the document?'
2026-07-14 18:50:10 | INFO    | backend.app.services.reasoning_service:reason:523 - Inferred intent: Summary
2026-07-14 18:50:11 | INFO    | backend.app.services.reasoning_service:reason:569 - TOKENS GENERATED
2026-07-14 18:50:11 | INFO    | backend.app.services.reasoning_service:reason:570 - ANSWER GENERATED
2026-07-14 18:50:11 | INFO    | backend.app.services.answer_formatter:format_response:180 - Formatting final chat response. Confidence=95.0
2026-07-14 18:50:11 | INFO    | backend.app.services.answer_formatter:format_response:181 - ANSWER GENERATED
2026-07-14 18:50:11 | INFO    | backend.app.services.conversation_memory:add_message:50 - Added message to session fhbbxe from role 'user'
2026-07-14 18:50:11 | INFO    | backend.app.services.conversation_memory:add_message:50 - Added message to session fhbbxe from role 'assistant'
2026-07-14 18:50:12 | INFO    | backend.app.services.trainer_service:save_training_sample:59 - Saved training sample for doc_id e9d937f5-184a-4110-9cf3-827b2e7a6938 to D:\MYGPT\data\training_samples.jsonl
2026-07-14 18:51:09 | INFO    | backend.app.services.conversation_memory:set_active_document:93 - Session fhbbxe active document set to e9d937f5-184a-4110-9cf3-827b2e7a6938
2026-07-14 18:51:09 | INFO    | backend.app.services.search_service:search:38 - RETRIEVAL START
2026-07-14 18:51:09 | INFO    | backend.app.services.search_service:search:39 - TOP K: 3
2026-07-14 18:51:09 | INFO    | backend.app.services.search_service:search:40 - SIMILARITY: 0.0
2026-07-14 18:51:09 | INFO    | backend.app.services.search_service:search:41 - Search mode triggered: hybrid for query: 'Can you expand on the section discussing MOHAMED?'
2026-07-14 18:51:09 | INFO    | backend.app.services.retrieval_service:retrieve_relevant_chunks:60 - Searching 25 chunks (doc_id=e9d937f5-184a-4110-9cf3-827b2e7a6938) with threshold=0.0
2026-07-14 18:51:09 | INFO    | backend.app.services.retrieval_service:retrieve_relevant_chunks:100 - Retrieved 25 relevant chunks matching search criteria.
2026-07-14 18:51:09 | INFO    | backend.app.services.ai_orchestrator:process_chat_query:177 - CONTEXT BUILD
2026-07-14 18:51:09 | INFO    | backend.app.services.context_builder:build_context:30 - Building reasoning context for query 'Can you expand on the section ...' with 3 chunks.
2026-07-14 18:51:09 | INFO    | backend.app.services.context_builder:build_context:101 - Reasoning context assembled successfully. Length: 1080 chars.
2026-07-14 18:51:09 | INFO    | backend.app.services.reasoning_service:reason:517 - REASONING START
2026-07-14 18:51:09 | INFO    | backend.app.services.reasoning_service:reason:518 - Reasoning query: 'Can you expand on the section discussing MOHAMED?'
2026-07-14 18:51:09 | INFO    | backend.app.services.reasoning_service:reason:523 - Inferred intent: Question Answering
2026-07-14 18:51:09 | INFO    | backend.app.services.reasoning_service:reason:569 - TOKENS GENERATED
2026-07-14 18:51:09 | INFO    | backend.app.services.reasoning_service:reason:570 - ANSWER GENERATED
2026-07-14 18:51:09 | INFO    | backend.app.services.answer_formatter:format_response:180 - Formatting final chat response. Confidence=85.0
2026-07-14 18:51:09 | INFO    | backend.app.services.answer_formatter:format_response:181 - ANSWER GENERATED
2026-07-14 18:51:09 | INFO    | backend.app.services.conversation_memory:add_message:50 - Added message to session fhbbxe from role 'user'
2026-07-14 18:51:09 | INFO    | backend.app.services.conversation_memory:add_message:50 - Added message to session fhbbxe from role 'assistant'
2026-07-14 18:51:09 | INFO    | backend.app.services.trainer_service:save_training_sample:59 - Saved training sample for doc_id e9d937f5-184a-4110-9cf3-827b2e7a6938 to D:\MYGPT\data\training_samples.jsonl
2026-07-14 18:51:42 | INFO    | backend.app.services.conversation_memory:set_active_document:93 - Session fhbbxe active document set to e9d937f5-184a-4110-9cf3-827b2e7a6938
2026-07-14 18:51:42 | INFO    | backend.app.services.search_service:search:38 - RETRIEVAL START
2026-07-14 18:51:42 | INFO    | backend.app.services.search_service:search:39 - TOP K: 3
2026-07-14 18:51:42 | INFO    | backend.app.services.search_service:search:40 - SIMILARITY: 0.0
2026-07-14 18:51:42 | INFO    | backend.app.services.search_service:search:41 - Search mode triggered: hybrid for query: 'What is the context of this information?'
2026-07-14 18:51:42 | INFO    | backend.app.services.retrieval_service:retrieve_relevant_chunks:60 - Searching 25 chunks (doc_id=e9d937f5-184a-4110-9cf3-827b2e7a6938) with threshold=0.0
2026-07-14 18:51:45 | INFO    | backend.app.services.retrieval_service:retrieve_relevant_chunks:100 - Retrieved 25 relevant chunks matching search criteria.
2026-07-14 18:51:45 | INFO    | backend.app.services.ai_orchestrator:process_chat_query:177 - CONTEXT BUILD
2026-07-14 18:51:45 | INFO    | backend.app.services.context_builder:build_context:30 - Building reasoning context for query 'What is the context of this in...' with 3 chunks.
2026-07-14 18:51:45 | INFO    | backend.app.services.context_builder:build_context:101 - Reasoning context assembled successfully. Length: 930 chars.
2026-07-14 18:51:45 | INFO    | backend.app.services.reasoning_service:reason:517 - REASONING START
2026-07-14 18:51:45 | INFO    | backend.app.services.reasoning_service:reason:518 - Reasoning query: 'What is the context of this information?'
2026-07-14 18:51:45 | INFO    | backend.app.services.reasoning_service:reason:523 - Inferred intent: Question Answering
2026-07-14 18:51:47 | INFO    | backend.app.services.reasoning_service:reason:727 - TOKENS GENERATED
2026-07-14 18:51:47 | INFO    | backend.app.services.reasoning_service:reason:728 - ANSWER GENERATED
2026-07-14 18:51:47 | INFO    | backend.app.services.answer_formatter:format_response:180 - Formatting final chat response. Confidence=72.85438850448371
2026-07-14 18:51:47 | INFO    | backend.app.services.answer_formatter:format_response:181 - ANSWER GENERATED
2026-07-14 18:51:47 | INFO    | backend.app.services.conversation_memory:add_message:50 - Added message to session fhbbxe from role 'user'
2026-07-14 18:51:47 | INFO    | backend.app.services.conversation_memory:add_message:50 - Added message to session fhbbxe from role 'assistant'
2026-07-14 18:51:47 | INFO    | backend.app.services.trainer_service:save_training_sample:59 - Saved training sample for doc_id e9d937f5-184a-4110-9cf3-827b2e7a6938 to D:\MYGPT\data\training_samples.jsonl
2026-07-14 18:54:55 | INFO    | app.main:websocket_training:149 - WebSocket client disconnected from training stream.
2026-07-14 18:54:55 | INFO    | app.main:websocket_training:149 - WebSocket client disconnected from training stream.
2026-07-14 18:55:02 | INFO    | backend.app.core.logging:configure_logging:48 - Application logging successfully initialized.
2026-07-14 18:55:02 | INFO    | backend.app.services.model_manager:__init__:41 - ModelManager singleton initialized. CPU/GPU Device: cpu
2026-07-14 18:55:02 | INFO    | backend.app.services.embedding_service:__init__:33 - Initializing MyGPTEmbedding provider.
2026-07-14 18:55:03 | WARNING | backend.app.services.ocr_service:__init__:36 - Tesseract OCR is not installed or not in PATH. OCR will run in fallback mode: tesseract is not installed or it's not in your PATH. See README file for more information.
2026-07-14 18:55:03 | INFO    | backend.app.services.reasoning_service:__init__:293 - Initializing ReasoningService.
2026-07-14 18:55:03 | INFO    | backend.app.services.conversation_memory:__init__:15 - ConversationMemory service initialized.
2026-07-14 18:55:03 | INFO    | backend.app.services.ai_orchestrator:__init__:23 - Initializing AIOrchestrator with v3 extensibility slots.
2026-07-14 18:55:03 | INFO    | app.main:startup_event:61 - Initializing MyGPT services and attempting to restore checkpoints...
2026-07-14 18:55:03 | INFO    | backend.app.services.model_manager:load_latest_checkpoint:151 - Successfully restored BPETokenizer vocabulary.
2026-07-14 18:55:03 | INFO    | app.main:startup_event:68 - Pre-loading MyGPT model structure into memory...
2026-07-14 18:55:03 | INFO    | backend.app.services.model_manager:load_model:51 - Initializing new GPT instance in ModelManager...
2026-07-14 18:55:03 | INFO    | app.main:startup_event:71 - MyGPT model successfully pre-loaded on boot.
2026-07-14 18:55:34 | INFO    | app.main:websocket_training:149 - WebSocket client disconnected from training stream.
2026-07-14 18:55:34 | INFO    | app.main:websocket_training:149 - WebSocket client disconnected from training stream.
2026-07-14 18:55:40 | INFO    | backend.app.core.logging:configure_logging:48 - Application logging successfully initialized.
2026-07-14 18:55:40 | INFO    | backend.app.services.model_manager:__init__:41 - ModelManager singleton initialized. CPU/GPU Device: cpu
2026-07-14 18:55:40 | INFO    | backend.app.services.embedding_service:__init__:33 - Initializing MyGPTEmbedding provider.
2026-07-14 18:55:42 | WARNING | backend.app.services.ocr_service:__init__:36 - Tesseract OCR is not installed or not in PATH. OCR will run in fallback mode: tesseract is not installed or it's not in your PATH. See README file for more information.
2026-07-14 18:55:42 | INFO    | backend.app.services.reasoning_service:__init__:293 - Initializing ReasoningService.
2026-07-14 18:55:42 | INFO    | backend.app.services.conversation_memory:__init__:15 - ConversationMemory service initialized.
2026-07-14 18:55:42 | INFO    | backend.app.services.ai_orchestrator:__init__:23 - Initializing AIOrchestrator with v3 extensibility slots.
2026-07-14 18:55:42 | INFO    | app.main:startup_event:61 - Initializing MyGPT services and attempting to restore checkpoints...
2026-07-14 18:55:42 | INFO    | backend.app.services.model_manager:load_latest_checkpoint:151 - Successfully restored BPETokenizer vocabulary.
2026-07-14 18:55:42 | INFO    | app.main:startup_event:68 - Pre-loading MyGPT model structure into memory...
2026-07-14 18:55:42 | INFO    | backend.app.services.model_manager:load_model:51 - Initializing new GPT instance in ModelManager...
2026-07-14 18:55:42 | INFO    | app.main:startup_event:71 - MyGPT model successfully pre-loaded on boot.
2026-07-14 18:56:30 | INFO    | app.main:websocket_training:149 - WebSocket client disconnected from training stream.
2026-07-14 18:56:30 | INFO    | app.main:websocket_training:149 - WebSocket client disconnected from training stream.
2026-07-14 18:56:38 | INFO    | backend.app.core.logging:configure_logging:48 - Application logging successfully initialized.
2026-07-14 18:56:38 | INFO    | backend.app.services.model_manager:__init__:41 - ModelManager singleton initialized. CPU/GPU Device: cpu
2026-07-14 18:56:38 | INFO    | backend.app.services.embedding_service:__init__:33 - Initializing MyGPTEmbedding provider.
2026-07-14 18:56:39 | WARNING | backend.app.services.ocr_service:__init__:36 - Tesseract OCR is not installed or not in PATH. OCR will run in fallback mode: tesseract is not installed or it's not in your PATH. See README file for more information.
2026-07-14 18:56:39 | INFO    | backend.app.services.reasoning_service:__init__:452 - Initializing ReasoningService.
2026-07-14 18:56:39 | INFO    | backend.app.services.conversation_memory:__init__:15 - ConversationMemory service initialized.
2026-07-14 18:56:39 | INFO    | backend.app.services.ai_orchestrator:__init__:23 - Initializing AIOrchestrator with v3 extensibility slots.
2026-07-14 18:56:39 | INFO    | app.main:startup_event:61 - Initializing MyGPT services and attempting to restore checkpoints...
2026-07-14 18:56:39 | INFO    | backend.app.services.model_manager:load_latest_checkpoint:151 - Successfully restored BPETokenizer vocabulary.
2026-07-14 18:56:39 | INFO    | app.main:startup_event:68 - Pre-loading MyGPT model structure into memory...
2026-07-14 18:56:39 | INFO    | backend.app.services.model_manager:load_model:51 - Initializing new GPT instance in ModelManager...
2026-07-14 18:56:39 | INFO    | app.main:startup_event:71 - MyGPT model successfully pre-loaded on boot.
2026-07-14 18:56:59 | INFO    | app.main:websocket_training:149 - WebSocket client disconnected from training stream.
2026-07-14 18:56:59 | INFO    | app.main:websocket_training:149 - WebSocket client disconnected from training stream.
2026-07-14 18:57:07 | INFO    | backend.app.core.logging:configure_logging:48 - Application logging successfully initialized.
2026-07-14 18:57:07 | INFO    | backend.app.services.model_manager:__init__:41 - ModelManager singleton initialized. CPU/GPU Device: cpu
2026-07-14 18:57:07 | INFO    | backend.app.services.embedding_service:__init__:33 - Initializing MyGPTEmbedding provider.
2026-07-14 18:57:08 | WARNING | backend.app.services.ocr_service:__init__:36 - Tesseract OCR is not installed or not in PATH. OCR will run in fallback mode: tesseract is not installed or it's not in your PATH. See README file for more information.
2026-07-14 18:57:08 | INFO    | backend.app.services.reasoning_service:__init__:452 - Initializing ReasoningService.
2026-07-14 18:57:08 | INFO    | backend.app.services.conversation_memory:__init__:15 - ConversationMemory service initialized.
2026-07-14 18:57:08 | INFO    | backend.app.services.ai_orchestrator:__init__:23 - Initializing AIOrchestrator with v3 extensibility slots.
2026-07-14 18:57:08 | INFO    | app.main:startup_event:61 - Initializing MyGPT services and attempting to restore checkpoints...
2026-07-14 18:57:08 | INFO    | backend.app.services.model_manager:load_latest_checkpoint:151 - Successfully restored BPETokenizer vocabulary.
2026-07-14 18:57:08 | INFO    | app.main:startup_event:68 - Pre-loading MyGPT model structure into memory...
2026-07-14 18:57:08 | INFO    | backend.app.services.model_manager:load_model:51 - Initializing new GPT instance in ModelManager...
2026-07-14 18:57:08 | INFO    | app.main:startup_event:71 - MyGPT model successfully pre-loaded on boot.
2026-07-14 18:57:20 | INFO    | app.main:websocket_training:149 - WebSocket client disconnected from training stream.
2026-07-14 18:57:20 | INFO    | app.main:websocket_training:149 - WebSocket client disconnected from training stream.
2026-07-14 18:57:27 | INFO    | backend.app.core.logging:configure_logging:48 - Application logging successfully initialized.
2026-07-14 18:57:27 | INFO    | backend.app.services.model_manager:__init__:41 - ModelManager singleton initialized. CPU/GPU Device: cpu
2026-07-14 18:57:27 | INFO    | backend.app.services.embedding_service:__init__:33 - Initializing MyGPTEmbedding provider.
2026-07-14 18:57:28 | WARNING | backend.app.services.ocr_service:__init__:36 - Tesseract OCR is not installed or not in PATH. OCR will run in fallback mode: tesseract is not installed or it's not in your PATH. See README file for more information.
2026-07-14 18:57:28 | INFO    | backend.app.services.reasoning_service:__init__:452 - Initializing ReasoningService.
2026-07-14 18:57:28 | INFO    | backend.app.services.conversation_memory:__init__:15 - ConversationMemory service initialized.
2026-07-14 18:57:28 | INFO    | backend.app.services.ai_orchestrator:__init__:23 - Initializing AIOrchestrator with v3 extensibility slots.
2026-07-14 18:57:28 | INFO    | app.main:startup_event:61 - Initializing MyGPT services and attempting to restore checkpoints...
2026-07-14 18:57:28 | INFO    | backend.app.services.model_manager:load_latest_checkpoint:151 - Successfully restored BPETokenizer vocabulary.
2026-07-14 18:57:28 | INFO    | app.main:startup_event:68 - Pre-loading MyGPT model structure into memory...
2026-07-14 18:57:28 | INFO    | backend.app.services.model_manager:load_model:51 - Initializing new GPT instance in ModelManager...
2026-07-14 18:57:29 | INFO    | app.main:startup_event:71 - MyGPT model successfully pre-loaded on boot.
2026-07-14 18:59:23 | INFO    | backend.app.services.document_manager:delete_document:155 - Removed physical file: D:\MYGPT\data\uploads\e9d937f5-184a-4110-9cf3-827b2e7a6938.docx
2026-07-14 18:59:23 | INFO    | backend.app.services.document_manager:delete_document:162 - Removed document e9d937f5-184a-4110-9cf3-827b2e7a6938 from metadata database.
2026-07-14 18:59:23 | INFO    | backend.app.services.indexing_service:delete_document_index:61 - Deleting document index: e9d937f5-184a-4110-9cf3-827b2e7a6938
2026-07-14 18:59:23 | INFO    | backend.app.services.storage_service:delete_chunks:110 - Deleting chunks for document e9d937f5-184a-4110-9cf3-827b2e7a6938 from JSON store.
2026-07-14 18:59:23 | INFO    | backend.app.services.knowledge_service:delete_knowledge:401 - Deleting structured knowledge for document: e9d937f5-184a-4110-9cf3-827b2e7a6938
2026-07-14 18:59:41 | INFO    | backend.app.api.routers.document:upload_document:48 - API triggered upload for file Mohamed_Fazil_Resume.pdf with chunk_size=500
2026-07-14 18:59:41 | INFO    | backend.app.services.ai_orchestrator:process_new_document:40 - UPLOAD START
2026-07-14 18:59:41 | INFO    | backend.app.services.document_manager:upload_document:73 - Saving uploaded document: Mohamed_Fazil_Resume.pdf as 0573c63c-60bd-40f4-b4a6-07470b82b02d.pdf
2026-07-14 18:59:41 | INFO    | backend.app.services.ai_orchestrator:process_new_document:46 - UPLOAD END
2026-07-14 18:59:41 | INFO    | backend.app.services.ai_orchestrator:process_new_document:50 - PARSING START
2026-07-14 18:59:41 | INFO    | backend.app.services.document_parser:parse:136 - PARSING START
2026-07-14 18:59:41 | INFO    | backend.app.services.document_parser:parse:137 - Parsing document: D:\MYGPT\data\uploads\0573c63c-60bd-40f4-b4a6-07470b82b02d.pdf
2026-07-14 18:59:42 | INFO    | backend.app.services.document_parser:parse:194 - PARSING END
2026-07-14 18:59:42 | INFO    | backend.app.services.document_parser:parse:195 - TOTAL LATENCY (parse): 1000.48 ms
2026-07-14 18:59:43 | INFO    | backend.app.services.ai_orchestrator:process_new_document:53 - PARSING END
2026-07-14 18:59:43 | INFO    | backend.app.services.ai_orchestrator:process_new_document:60 - ========================================
2026-07-14 18:59:43 | INFO    | backend.app.services.ai_orchestrator:process_new_document:61 - INGESTION DEBUG METRICS
2026-07-14 18:59:43 | INFO    | backend.app.services.ai_orchestrator:process_new_document:62 - ========================================
2026-07-14 18:59:43 | INFO    | backend.app.services.ai_orchestrator:process_new_document:63 - DOCUMENT TYPE: .PDF
2026-07-14 18:59:43 | INFO    | backend.app.services.ai_orchestrator:process_new_document:64 - Extracted Characters: 4326
2026-07-14 18:59:43 | INFO    | backend.app.services.ai_orchestrator:process_new_document:65 - Extracted Words: 629
2026-07-14 18:59:43 | INFO    | backend.app.services.ai_orchestrator:process_new_document:66 - Validation Passed: YES
2026-07-14 18:59:43 | INFO    | backend.app.services.ai_orchestrator:process_new_document:67 - Execution Time: 1323.82 ms
2026-07-14 18:59:43 | INFO    | backend.app.services.ai_orchestrator:process_new_document:68 - ========================================
2026-07-14 18:59:43 | INFO    | backend.app.services.ai_orchestrator:index_document_background:86 - CHUNKING START
2026-07-14 18:59:43 | INFO    | backend.app.services.chunk_service:chunk_document:97 - Chunking document: 0573c63c-60bd-40f4-b4a6-07470b82b02d with size=500, overlap=50
2026-07-14 18:59:44 | INFO    | backend.app.services.chunk_service:chunk_document:260 - Completed chunking. Generated 2 chunks for document: 0573c63c-60bd-40f4-b4a6-07470b82b02d
2026-07-14 18:59:44 | INFO    | backend.app.services.ai_orchestrator:index_document_background:88 - CHUNK COUNT: 2
2026-07-14 18:59:44 | INFO    | backend.app.services.ai_orchestrator:index_document_background:99 - DOCUMENT UNDERSTANDING START
2026-07-14 18:59:45 | INFO    | backend.app.services.knowledge_service:save_knowledge:389 - Persisting structured knowledge for document: 0573c63c-60bd-40f4-b4a6-07470b82b02d
2026-07-14 18:59:45 | INFO    | backend.app.services.ai_orchestrator:index_document_background:109 - DOCUMENT UNDERSTANDING END
2026-07-14 18:59:45 | INFO    | backend.app.services.ai_orchestrator:index_document_background:110 - Knowledge Built: YES
2026-07-14 18:59:45 | INFO    | backend.app.services.ai_orchestrator:index_document_background:114 - EMBEDDING START
2026-07-14 18:59:46 | INFO    | backend.app.services.ai_orchestrator:index_document_background:117 - EMBEDDING END
2026-07-14 18:59:47 | INFO    | backend.app.services.ai_orchestrator:index_document_background:121 - INDEXING START
2026-07-14 18:59:47 | INFO    | backend.app.services.storage_service:save_chunks:87 - Saving 2 chunks for document 0573c63c-60bd-40f4-b4a6-07470b82b02d to JSON store.
2026-07-14 18:59:47 | INFO    | backend.app.services.ai_orchestrator:index_document_background:126 - INDEXING END
2026-07-14 18:59:47 | INFO    | backend.app.services.ai_orchestrator:index_document_background:127 - Indexed Chunks: 2
2026-07-14 18:59:47 | INFO    | backend.app.services.ai_orchestrator:index_document_background:132 - TOTAL LATENCY: 3989.62 ms
2026-07-14 18:59:53 | INFO    | backend.app.services.conversation_memory:set_active_document:93 - Session fhbbxe active document set to 0573c63c-60bd-40f4-b4a6-07470b82b02d
2026-07-14 18:59:53 | INFO    | backend.app.services.search_service:search:38 - RETRIEVAL START
2026-07-14 18:59:53 | INFO    | backend.app.services.search_service:search:39 - TOP K: 3
2026-07-14 18:59:53 | INFO    | backend.app.services.search_service:search:40 - SIMILARITY: 0.0
2026-07-14 18:59:53 | INFO    | backend.app.services.search_service:search:41 - Search mode triggered: hybrid for query: 'Summarize this document.'
2026-07-14 18:59:54 | INFO    | backend.app.services.retrieval_service:retrieve_relevant_chunks:107 - Searching 2 chunks (doc_id=0573c63c-60bd-40f4-b4a6-07470b82b02d) with threshold=0.0
2026-07-14 18:59:55 | INFO    | backend.app.services.retrieval_service:retrieve_relevant_chunks:154 - Retrieved 2 relevant chunks (after overlap dedup) matching search criteria.
2026-07-14 18:59:55 | INFO    | backend.app.services.ai_orchestrator:process_chat_query:177 - CONTEXT BUILD
2026-07-14 18:59:55 | INFO    | backend.app.services.context_builder:build_context:30 - Building reasoning context for query 'Summarize this document....' with 2 chunks.
2026-07-14 18:59:55 | INFO    | backend.app.services.context_builder:build_context:101 - Reasoning context assembled successfully. Length: 2515 chars.
2026-07-14 18:59:55 | INFO    | backend.app.services.reasoning_service:reason:676 - REASONING START
2026-07-14 18:59:55 | INFO    | backend.app.services.reasoning_service:reason:677 - Reasoning query: 'Summarize this document.'
2026-07-14 18:59:55 | INFO    | backend.app.services.reasoning_service:reason:682 - Inferred intent: Summary
2026-07-14 18:59:56 | INFO    | backend.app.services.reasoning_service:reason:728 - TOKENS GENERATED
2026-07-14 18:59:56 | INFO    | backend.app.services.reasoning_service:reason:729 - ANSWER GENERATED
2026-07-14 18:59:56 | INFO    | backend.app.services.answer_formatter:format_response:222 - Formatting final chat response. Confidence=95.0
2026-07-14 18:59:56 | INFO    | backend.app.services.answer_formatter:format_response:223 - ANSWER GENERATED
2026-07-14 18:59:56 | INFO    | backend.app.services.conversation_memory:add_message:50 - Added message to session fhbbxe from role 'user'
2026-07-14 18:59:56 | INFO    | backend.app.services.conversation_memory:add_message:50 - Added message to session fhbbxe from role 'assistant'
2026-07-14 18:59:56 | INFO    | backend.app.services.trainer_service:save_training_sample:59 - Saved training sample for doc_id 0573c63c-60bd-40f4-b4a6-07470b82b02d to D:\MYGPT\data\training_samples.jsonl
2026-07-14 19:00:37 | INFO    | backend.app.services.conversation_memory:set_active_document:93 - Session fhbbxe active document set to 0573c63c-60bd-40f4-b4a6-07470b82b02d
2026-07-14 19:00:37 | INFO    | backend.app.services.search_service:search:38 - RETRIEVAL START
2026-07-14 19:00:37 | INFO    | backend.app.services.search_service:search:39 - TOP K: 3
2026-07-14 19:00:37 | INFO    | backend.app.services.search_service:search:40 - SIMILARITY: 0.0
2026-07-14 19:00:37 | INFO    | backend.app.services.search_service:search:41 - Search mode triggered: hybrid for query: 'Can you expand on the section discussing MOHAMED?'
2026-07-14 19:00:37 | INFO    | backend.app.services.retrieval_service:retrieve_relevant_chunks:107 - Searching 2 chunks (doc_id=0573c63c-60bd-40f4-b4a6-07470b82b02d) with threshold=0.0
2026-07-14 19:00:37 | INFO    | backend.app.services.retrieval_service:retrieve_relevant_chunks:154 - Retrieved 2 relevant chunks (after overlap dedup) matching search criteria.
2026-07-14 19:00:37 | INFO    | backend.app.services.ai_orchestrator:process_chat_query:177 - CONTEXT BUILD
2026-07-14 19:00:37 | INFO    | backend.app.services.context_builder:build_context:30 - Building reasoning context for query 'Can you expand on the section ...' with 2 chunks.
2026-07-14 19:00:37 | INFO    | backend.app.services.context_builder:build_context:101 - Reasoning context assembled successfully. Length: 1515 chars.
2026-07-14 19:00:37 | INFO    | backend.app.services.reasoning_service:reason:676 - REASONING START
2026-07-14 19:00:37 | INFO    | backend.app.services.reasoning_service:reason:677 - Reasoning query: 'Can you expand on the section discussing MOHAMED?'
2026-07-14 19:00:37 | INFO    | backend.app.services.reasoning_service:reason:682 - Inferred intent: Question Answering
2026-07-14 19:00:37 | INFO    | backend.app.services.reasoning_service:reason:728 - TOKENS GENERATED
2026-07-14 19:00:37 | INFO    | backend.app.services.reasoning_service:reason:729 - ANSWER GENERATED
2026-07-14 19:00:37 | INFO    | backend.app.services.answer_formatter:format_response:222 - Formatting final chat response. Confidence=85.0
2026-07-14 19:00:37 | INFO    | backend.app.services.answer_formatter:format_response:223 - ANSWER GENERATED
2026-07-14 19:00:37 | INFO    | backend.app.services.conversation_memory:add_message:50 - Added message to session fhbbxe from role 'user'
2026-07-14 19:00:37 | INFO    | backend.app.services.conversation_memory:add_message:50 - Added message to session fhbbxe from role 'assistant'
2026-07-14 19:00:37 | INFO    | backend.app.services.trainer_service:save_training_sample:59 - Saved training sample for doc_id 0573c63c-60bd-40f4-b4a6-07470b82b02d to D:\MYGPT\data\training_samples.jsonl
2026-07-14 19:08:29 | INFO    | app.main:websocket_training:149 - WebSocket client disconnected from training stream.
2026-07-14 19:08:29 | INFO    | app.main:websocket_training:149 - WebSocket client disconnected from training stream.
2026-07-15 10:35:54 | INFO    | backend.app.core.logging:configure_logging:48 - Application logging successfully initialized.
2026-07-15 10:35:54 | INFO    | backend.app.services.model_manager:__init__:41 - ModelManager singleton initialized. CPU/GPU Device: cpu
2026-07-15 10:35:54 | INFO    | backend.app.services.embedding_service:__init__:33 - Initializing MyGPTEmbedding provider.
2026-07-15 10:35:59 | WARNING | backend.app.services.ocr_service:__init__:36 - Tesseract OCR is not installed or not in PATH. OCR will run in fallback mode: tesseract is not installed or it's not in your PATH. See README file for more information.
2026-07-15 10:35:59 | INFO    | backend.app.services.reasoning_service:__init__:452 - Initializing ReasoningService.
2026-07-15 10:35:59 | INFO    | backend.app.services.conversation_memory:__init__:15 - ConversationMemory service initialized.
2026-07-15 10:35:59 | INFO    | backend.app.services.ai_orchestrator:__init__:23 - Initializing AIOrchestrator with v3 extensibility slots.
2026-07-15 10:35:59 | INFO    | app.main:startup_event:61 - Initializing MyGPT services and attempting to restore checkpoints...
2026-07-15 10:35:59 | INFO    | backend.app.services.model_manager:load_latest_checkpoint:151 - Successfully restored BPETokenizer vocabulary.
2026-07-15 10:35:59 | INFO    | app.main:startup_event:68 - Pre-loading MyGPT model structure into memory...
2026-07-15 10:35:59 | INFO    | backend.app.services.model_manager:load_model:51 - Initializing new GPT instance in ModelManager...
2026-07-15 10:35:59 | INFO    | app.main:startup_event:71 - MyGPT model successfully pre-loaded on boot.
2026-07-15 10:37:04 | INFO    | backend.app.api.routers.document:upload_document:48 - API triggered upload for file Fazil_Resume_New.pdf with chunk_size=500
2026-07-15 10:37:04 | INFO    | backend.app.services.ai_orchestrator:process_new_document:40 - UPLOAD START
2026-07-15 10:37:04 | INFO    | backend.app.services.document_manager:upload_document:73 - Saving uploaded document: Fazil_Resume_New.pdf as 056a6829-2553-4c92-9bcb-d131329f8bee.pdf
2026-07-15 10:37:04 | INFO    | backend.app.services.ai_orchestrator:process_new_document:46 - UPLOAD END
2026-07-15 10:37:04 | INFO    | backend.app.services.ai_orchestrator:process_new_document:50 - PARSING START
2026-07-15 10:37:04 | INFO    | backend.app.services.document_parser:parse:136 - PARSING START
2026-07-15 10:37:04 | INFO    | backend.app.services.document_parser:parse:137 - Parsing document: D:\MYGPT\data\uploads\056a6829-2553-4c92-9bcb-d131329f8bee.pdf
2026-07-15 10:37:05 | INFO    | backend.app.services.document_parser:parse:194 - PARSING END
2026-07-15 10:37:05 | INFO    | backend.app.services.document_parser:parse:195 - TOTAL LATENCY (parse): 1098.34 ms
2026-07-15 10:37:05 | INFO    | backend.app.services.ai_orchestrator:process_new_document:53 - PARSING END
2026-07-15 10:37:05 | INFO    | backend.app.services.ai_orchestrator:process_new_document:60 - ========================================
2026-07-15 10:37:06 | INFO    | backend.app.services.ai_orchestrator:process_new_document:61 - INGESTION DEBUG METRICS
2026-07-15 10:37:06 | INFO    | backend.app.services.ai_orchestrator:process_new_document:62 - ========================================
2026-07-15 10:37:06 | INFO    | backend.app.services.ai_orchestrator:process_new_document:63 - DOCUMENT TYPE: .PDF
2026-07-15 10:37:06 | INFO    | backend.app.services.ai_orchestrator:process_new_document:64 - Extracted Characters: 3046
2026-07-15 10:37:06 | INFO    | backend.app.services.ai_orchestrator:process_new_document:65 - Extracted Words: 392
2026-07-15 10:37:06 | INFO    | backend.app.services.ai_orchestrator:process_new_document:66 - Validation Passed: YES
2026-07-15 10:37:06 | INFO    | backend.app.services.ai_orchestrator:process_new_document:67 - Execution Time: 1866.42 ms
2026-07-15 10:37:06 | INFO    | backend.app.services.ai_orchestrator:process_new_document:68 - ========================================
2026-07-15 10:37:07 | INFO    | backend.app.services.ai_orchestrator:index_document_background:86 - CHUNKING START
2026-07-15 10:37:07 | INFO    | backend.app.services.chunk_service:chunk_document:97 - Chunking document: 056a6829-2553-4c92-9bcb-d131329f8bee with size=500, overlap=50
2026-07-15 10:37:08 | INFO    | backend.app.services.chunk_service:chunk_document:260 - Completed chunking. Generated 4 chunks for document: 056a6829-2553-4c92-9bcb-d131329f8bee
2026-07-15 10:37:08 | INFO    | backend.app.services.ai_orchestrator:index_document_background:88 - CHUNK COUNT: 4
2026-07-15 10:37:08 | INFO    | backend.app.services.ai_orchestrator:index_document_background:99 - DOCUMENT UNDERSTANDING START
2026-07-15 10:37:09 | INFO    | backend.app.services.knowledge_service:save_knowledge:389 - Persisting structured knowledge for document: 056a6829-2553-4c92-9bcb-d131329f8bee
2026-07-15 10:37:09 | INFO    | backend.app.services.ai_orchestrator:index_document_background:109 - DOCUMENT UNDERSTANDING END
2026-07-15 10:37:09 | INFO    | backend.app.services.ai_orchestrator:index_document_background:110 - Knowledge Built: YES
2026-07-15 10:37:09 | INFO    | backend.app.services.ai_orchestrator:index_document_background:114 - EMBEDDING START
2026-07-15 10:37:13 | INFO    | backend.app.services.ai_orchestrator:index_document_background:117 - EMBEDDING END
2026-07-15 10:37:13 | INFO    | backend.app.services.ai_orchestrator:index_document_background:121 - INDEXING START
2026-07-15 10:37:13 | INFO    | backend.app.services.storage_service:save_chunks:87 - Saving 4 chunks for document 056a6829-2553-4c92-9bcb-d131329f8bee to JSON store.
2026-07-15 10:37:13 | INFO    | backend.app.services.ai_orchestrator:index_document_background:126 - INDEXING END
2026-07-15 10:37:13 | INFO    | backend.app.services.ai_orchestrator:index_document_background:127 - Indexed Chunks: 4
2026-07-15 10:37:13 | INFO    | backend.app.services.ai_orchestrator:index_document_background:132 - TOTAL LATENCY: 6057.77 ms
2026-07-15 10:37:59 | INFO    | backend.app.services.document_manager:delete_document:155 - Removed physical file: D:\MYGPT\data\uploads\0573c63c-60bd-40f4-b4a6-07470b82b02d.pdf
2026-07-15 10:37:59 | INFO    | backend.app.services.document_manager:delete_document:162 - Removed document 0573c63c-60bd-40f4-b4a6-07470b82b02d from metadata database.
2026-07-15 10:37:59 | INFO    | backend.app.services.indexing_service:delete_document_index:61 - Deleting document index: 0573c63c-60bd-40f4-b4a6-07470b82b02d
2026-07-15 10:37:59 | INFO    | backend.app.services.storage_service:delete_chunks:110 - Deleting chunks for document 0573c63c-60bd-40f4-b4a6-07470b82b02d from JSON store.
2026-07-15 10:37:59 | INFO    | backend.app.services.knowledge_service:delete_knowledge:401 - Deleting structured knowledge for document: 0573c63c-60bd-40f4-b4a6-07470b82b02d
2026-07-15 10:38:09 | INFO    | backend.app.services.conversation_memory:set_active_document:93 - Session qkhhyej active document set to 056a6829-2553-4c92-9bcb-d131329f8bee
2026-07-15 10:38:09 | INFO    | backend.app.services.search_service:search:38 - RETRIEVAL START
2026-07-15 10:38:09 | INFO    | backend.app.services.search_service:search:39 - TOP K: 3
2026-07-15 10:38:09 | INFO    | backend.app.services.search_service:search:40 - SIMILARITY: 0.0
2026-07-15 10:38:09 | INFO    | backend.app.services.search_service:search:41 - Search mode triggered: hybrid for query: 'Summarize this document.'
2026-07-15 10:38:09 | INFO    | backend.app.services.retrieval_service:retrieve_relevant_chunks:107 - Searching 4 chunks (doc_id=056a6829-2553-4c92-9bcb-d131329f8bee) with threshold=0.0
2026-07-15 10:38:09 | INFO    | backend.app.services.retrieval_service:retrieve_relevant_chunks:154 - Retrieved 3 relevant chunks (after overlap dedup) matching search criteria.
2026-07-15 10:38:09 | INFO    | backend.app.services.ai_orchestrator:process_chat_query:177 - CONTEXT BUILD
2026-07-15 10:38:09 | INFO    | backend.app.services.context_builder:build_context:30 - Building reasoning context for query 'Summarize this document....' with 3 chunks.
2026-07-15 10:38:09 | INFO    | backend.app.services.context_builder:build_context:101 - Reasoning context assembled successfully. Length: 2515 chars.
2026-07-15 10:38:09 | INFO    | backend.app.services.reasoning_service:reason:676 - REASONING START
2026-07-15 10:38:09 | INFO    | backend.app.services.reasoning_service:reason:677 - Reasoning query: 'Summarize this document.'
2026-07-15 10:38:09 | INFO    | backend.app.services.reasoning_service:reason:682 - Inferred intent: Summary
2026-07-15 10:38:09 | INFO    | backend.app.services.reasoning_service:reason:728 - TOKENS GENERATED
2026-07-15 10:38:09 | INFO    | backend.app.services.reasoning_service:reason:729 - ANSWER GENERATED
2026-07-15 10:38:09 | INFO    | backend.app.services.answer_formatter:format_response:222 - Formatting final chat response. Confidence=95.0
2026-07-15 10:38:09 | INFO    | backend.app.services.answer_formatter:format_response:223 - ANSWER GENERATED
2026-07-15 10:38:09 | INFO    | backend.app.services.conversation_memory:add_message:50 - Added message to session qkhhyej from role 'user'
2026-07-15 10:38:09 | INFO    | backend.app.services.conversation_memory:add_message:50 - Added message to session qkhhyej from role 'assistant'
2026-07-15 10:38:09 | INFO    | backend.app.services.trainer_service:save_training_sample:59 - Saved training sample for doc_id 056a6829-2553-4c92-9bcb-d131329f8bee to D:\MYGPT\data\training_samples.jsonl
2026-07-15 10:40:22 | INFO    | app.main:websocket_training:149 - WebSocket client disconnected from training stream.
2026-07-15 10:40:24 | INFO    | app.main:websocket_training:149 - WebSocket client disconnected from training stream.
2026-07-15 10:46:16 | INFO    | backend.app.services.conversation_memory:set_active_document:93 - Session kvfxz active document set to 056a6829-2553-4c92-9bcb-d131329f8bee
2026-07-15 10:46:16 | INFO    | backend.app.services.search_service:search:38 - RETRIEVAL START
2026-07-15 10:46:16 | INFO    | backend.app.services.search_service:search:39 - TOP K: 3
2026-07-15 10:46:16 | INFO    | backend.app.services.search_service:search:40 - SIMILARITY: 0.0
2026-07-15 10:46:16 | INFO    | backend.app.services.search_service:search:41 - Search mode triggered: hybrid for query: 'What are the important points?'
2026-07-15 10:46:17 | INFO    | backend.app.services.retrieval_service:retrieve_relevant_chunks:107 - Searching 4 chunks (doc_id=056a6829-2553-4c92-9bcb-d131329f8bee) with threshold=0.0
2026-07-15 10:46:17 | INFO    | backend.app.services.retrieval_service:retrieve_relevant_chunks:154 - Retrieved 3 relevant chunks (after overlap dedup) matching search criteria.
2026-07-15 10:46:17 | INFO    | backend.app.services.ai_orchestrator:process_chat_query:177 - CONTEXT BUILD
2026-07-15 10:46:17 | INFO    | backend.app.services.context_builder:build_context:30 - Building reasoning context for query 'What are the important points?...' with 3 chunks.
2026-07-15 10:46:17 | INFO    | backend.app.services.context_builder:build_context:101 - Reasoning context assembled successfully. Length: 1515 chars.
2026-07-15 10:46:17 | INFO    | backend.app.services.reasoning_service:reason:676 - REASONING START
2026-07-15 10:46:17 | INFO    | backend.app.services.reasoning_service:reason:677 - Reasoning query: 'What are the important points?'
2026-07-15 10:46:17 | INFO    | backend.app.services.reasoning_service:reason:682 - Inferred intent: Question Answering
2026-07-15 10:46:17 | INFO    | backend.app.services.reasoning_service:reason:913 - TOKENS GENERATED
2026-07-15 10:46:17 | INFO    | backend.app.services.reasoning_service:reason:914 - ANSWER GENERATED
2026-07-15 10:46:17 | INFO    | backend.app.services.answer_formatter:format_response:222 - Formatting final chat response. Confidence=65.88335104564753
2026-07-15 10:46:17 | INFO    | backend.app.services.answer_formatter:format_response:223 - ANSWER GENERATED
2026-07-15 10:46:17 | INFO    | backend.app.services.conversation_memory:add_message:50 - Added message to session kvfxz from role 'user'
2026-07-15 10:46:17 | INFO    | backend.app.services.conversation_memory:add_message:50 - Added message to session kvfxz from role 'assistant'
2026-07-15 10:46:17 | INFO    | backend.app.services.trainer_service:save_training_sample:59 - Saved training sample for doc_id 056a6829-2553-4c92-9bcb-d131329f8bee to D:\MYGPT\data\training_samples.jsonl
2026-07-15 10:49:30 | INFO    | backend.app.services.conversation_memory:set_active_document:93 - Session kvfxz active document set to 056a6829-2553-4c92-9bcb-d131329f8bee
2026-07-15 10:49:30 | INFO    | backend.app.services.search_service:search:38 - RETRIEVAL START
2026-07-15 10:49:30 | INFO    | backend.app.services.search_service:search:39 - TOP K: 3
2026-07-15 10:49:30 | INFO    | backend.app.services.search_service:search:40 - SIMILARITY: 0.0
2026-07-15 10:49:30 | INFO    | backend.app.services.search_service:search:41 - Search mode triggered: hybrid for query: 'Can you provide more details about Based?'
2026-07-15 10:49:30 | INFO    | backend.app.services.retrieval_service:retrieve_relevant_chunks:107 - Searching 4 chunks (doc_id=056a6829-2553-4c92-9bcb-d131329f8bee) with threshold=0.0
2026-07-15 10:49:30 | INFO    | backend.app.services.retrieval_service:retrieve_relevant_chunks:154 - Retrieved 4 relevant chunks (after overlap dedup) matching search criteria.
2026-07-15 10:49:30 | INFO    | backend.app.services.ai_orchestrator:process_chat_query:177 - CONTEXT BUILD
2026-07-15 10:49:30 | INFO    | backend.app.services.context_builder:build_context:30 - Building reasoning context for query 'Can you provide more details a...' with 3 chunks.
2026-07-15 10:49:30 | INFO    | backend.app.services.context_builder:build_context:101 - Reasoning context assembled successfully. Length: 1515 chars.
2026-07-15 10:49:30 | INFO    | backend.app.services.reasoning_service:reason:676 - REASONING START
2026-07-15 10:49:30 | INFO    | backend.app.services.reasoning_service:reason:677 - Reasoning query: 'Can you provide more details about Based?'
2026-07-15 10:49:30 | INFO    | backend.app.services.reasoning_service:reason:682 - Inferred intent: Question Answering
2026-07-15 10:49:31 | INFO    | backend.app.services.reasoning_service:reason:913 - TOKENS GENERATED
2026-07-15 10:49:31 | INFO    | backend.app.services.reasoning_service:reason:914 - ANSWER GENERATED
2026-07-15 10:49:31 | INFO    | backend.app.services.answer_formatter:format_response:222 - Formatting final chat response. Confidence=72.85557210597293
2026-07-15 10:49:31 | INFO    | backend.app.services.answer_formatter:format_response:223 - ANSWER GENERATED
2026-07-15 10:49:31 | INFO    | backend.app.services.conversation_memory:add_message:50 - Added message to session kvfxz from role 'user'
2026-07-15 10:49:31 | INFO    | backend.app.services.conversation_memory:add_message:50 - Added message to session kvfxz from role 'assistant'
2026-07-15 10:49:31 | INFO    | backend.app.services.trainer_service:save_training_sample:59 - Saved training sample for doc_id 056a6829-2553-4c92-9bcb-d131329f8bee to D:\MYGPT\data\training_samples.jsonl
2026-07-15 12:47:12 | INFO    | backend.app.services.document_manager:delete_document:155 - Removed physical file: D:\MYGPT\data\uploads\056a6829-2553-4c92-9bcb-d131329f8bee.pdf
2026-07-15 12:47:12 | INFO    | backend.app.services.document_manager:delete_document:162 - Removed document 056a6829-2553-4c92-9bcb-d131329f8bee from metadata database.
2026-07-15 12:47:12 | INFO    | backend.app.services.indexing_service:delete_document_index:61 - Deleting document index: 056a6829-2553-4c92-9bcb-d131329f8bee
2026-07-15 12:47:12 | INFO    | backend.app.services.storage_service:delete_chunks:110 - Deleting chunks for document 056a6829-2553-4c92-9bcb-d131329f8bee from JSON store.
2026-07-15 12:47:12 | INFO    | backend.app.services.knowledge_service:delete_knowledge:401 - Deleting structured knowledge for document: 056a6829-2553-4c92-9bcb-d131329f8bee
2026-07-15 12:47:35 | INFO    | backend.app.api.routers.document:upload_document:48 - API triggered upload for file saravana resume new - Copy.pdf with chunk_size=500
2026-07-15 12:47:35 | INFO    | backend.app.services.ai_orchestrator:process_new_document:40 - UPLOAD START
2026-07-15 12:47:35 | INFO    | backend.app.services.document_manager:upload_document:73 - Saving uploaded document: saravana resume new - Copy.pdf as 0673c891-6f6f-4c16-87db-e41abbaf2735.pdf
2026-07-15 12:47:35 | INFO    | backend.app.services.ai_orchestrator:process_new_document:46 - UPLOAD END
2026-07-15 12:47:35 | INFO    | backend.app.services.ai_orchestrator:process_new_document:50 - PARSING START
2026-07-15 12:47:35 | INFO    | backend.app.services.document_parser:parse:136 - PARSING START
2026-07-15 12:47:35 | INFO    | backend.app.services.document_parser:parse:137 - Parsing document: D:\MYGPT\data\uploads\0673c891-6f6f-4c16-87db-e41abbaf2735.pdf
2026-07-15 12:47:36 | INFO    | backend.app.services.document_parser:parse:194 - PARSING END
2026-07-15 12:47:36 | INFO    | backend.app.services.document_parser:parse:195 - TOTAL LATENCY (parse): 1393.00 ms
2026-07-15 12:47:37 | INFO    | backend.app.services.ai_orchestrator:process_new_document:53 - PARSING END
2026-07-15 12:47:37 | INFO    | backend.app.services.ai_orchestrator:process_new_document:60 - ========================================
2026-07-15 12:47:37 | INFO    | backend.app.services.ai_orchestrator:process_new_document:61 - INGESTION DEBUG METRICS
2026-07-15 12:47:37 | INFO    | backend.app.services.ai_orchestrator:process_new_document:62 - ========================================
2026-07-15 12:47:37 | INFO    | backend.app.services.ai_orchestrator:process_new_document:63 - DOCUMENT TYPE: .PDF
2026-07-15 12:47:37 | INFO    | backend.app.services.ai_orchestrator:process_new_document:64 - Extracted Characters: 1668
2026-07-15 12:47:37 | INFO    | backend.app.services.ai_orchestrator:process_new_document:65 - Extracted Words: 236
2026-07-15 12:47:37 | INFO    | backend.app.services.ai_orchestrator:process_new_document:66 - Validation Passed: YES
2026-07-15 12:47:37 | INFO    | backend.app.services.ai_orchestrator:process_new_document:67 - Execution Time: 1925.82 ms
2026-07-15 12:47:37 | INFO    | backend.app.services.ai_orchestrator:process_new_document:68 - ========================================
2026-07-15 12:47:37 | INFO    | backend.app.services.ai_orchestrator:index_document_background:86 - CHUNKING START
2026-07-15 12:47:37 | INFO    | backend.app.services.chunk_service:chunk_document:97 - Chunking document: 0673c891-6f6f-4c16-87db-e41abbaf2735 with size=500, overlap=50
2026-07-15 12:47:38 | INFO    | backend.app.services.chunk_service:chunk_document:260 - Completed chunking. Generated 2 chunks for document: 0673c891-6f6f-4c16-87db-e41abbaf2735
2026-07-15 12:47:38 | INFO    | backend.app.services.ai_orchestrator:index_document_background:88 - CHUNK COUNT: 2
2026-07-15 12:47:38 | INFO    | backend.app.services.ai_orchestrator:index_document_background:99 - DOCUMENT UNDERSTANDING START
2026-07-15 12:47:38 | INFO    | backend.app.services.knowledge_service:save_knowledge:389 - Persisting structured knowledge for document: 0673c891-6f6f-4c16-87db-e41abbaf2735
2026-07-15 12:47:38 | INFO    | backend.app.services.ai_orchestrator:index_document_background:109 - DOCUMENT UNDERSTANDING END
2026-07-15 12:47:38 | INFO    | backend.app.services.ai_orchestrator:index_document_background:110 - Knowledge Built: YES
2026-07-15 12:47:39 | INFO    | backend.app.services.ai_orchestrator:index_document_background:114 - EMBEDDING START
2026-07-15 12:47:40 | INFO    | backend.app.services.ai_orchestrator:index_document_background:117 - EMBEDDING END
2026-07-15 12:47:40 | INFO    | backend.app.services.ai_orchestrator:index_document_background:121 - INDEXING START
2026-07-15 12:47:40 | INFO    | backend.app.services.storage_service:save_chunks:87 - Saving 2 chunks for document 0673c891-6f6f-4c16-87db-e41abbaf2735 to JSON store.
2026-07-15 12:47:40 | INFO    | backend.app.services.ai_orchestrator:index_document_background:126 - INDEXING END
2026-07-15 12:47:40 | INFO    | backend.app.services.ai_orchestrator:index_document_background:127 - Indexed Chunks: 2
2026-07-15 12:47:40 | INFO    | backend.app.services.ai_orchestrator:index_document_background:132 - TOTAL LATENCY: 2658.85 ms
2026-07-15 12:47:50 | INFO    | backend.app.services.conversation_memory:clear_history:145 - Cleared history logs for session kvfxz
2026-07-15 12:47:51 | INFO    | backend.app.services.conversation_memory:clear_history:145 - Cleared history logs for session kvfxz
2026-07-15 12:47:52 | INFO    | backend.app.services.conversation_memory:clear_history:145 - Cleared history logs for session kvfxz
2026-07-15 12:47:58 | INFO    | backend.app.services.conversation_memory:set_active_document:93 - Session kvfxz active document set to 0673c891-6f6f-4c16-87db-e41abbaf2735
2026-07-15 12:47:58 | INFO    | backend.app.services.search_service:search:38 - RETRIEVAL START
2026-07-15 12:47:58 | INFO    | backend.app.services.search_service:search:39 - TOP K: 3
2026-07-15 12:47:58 | INFO    | backend.app.services.search_service:search:40 - SIMILARITY: 0.0
2026-07-15 12:47:58 | INFO    | backend.app.services.search_service:search:41 - Search mode triggered: hybrid for query: 'What are the important points?'
2026-07-15 12:47:59 | INFO    | backend.app.services.retrieval_service:retrieve_relevant_chunks:107 - Searching 2 chunks (doc_id=0673c891-6f6f-4c16-87db-e41abbaf2735) with threshold=0.0
2026-07-15 12:47:59 | INFO    | backend.app.services.retrieval_service:retrieve_relevant_chunks:154 - Retrieved 2 relevant chunks (after overlap dedup) matching search criteria.
2026-07-15 12:47:59 | INFO    | backend.app.services.ai_orchestrator:process_chat_query:177 - CONTEXT BUILD
2026-07-15 12:47:59 | INFO    | backend.app.services.context_builder:build_context:30 - Building reasoning context for query 'What are the important points?...' with 2 chunks.
2026-07-15 12:47:59 | INFO    | backend.app.services.context_builder:build_context:101 - Reasoning context assembled successfully. Length: 1515 chars.
2026-07-15 12:47:59 | INFO    | backend.app.services.reasoning_service:reason:676 - REASONING START
2026-07-15 12:47:59 | INFO    | backend.app.services.reasoning_service:reason:677 - Reasoning query: 'What are the important points?'
2026-07-15 12:47:59 | INFO    | backend.app.services.reasoning_service:reason:682 - Inferred intent: Question Answering
2026-07-15 12:47:59 | INFO    | backend.app.services.reasoning_service:reason:728 - TOKENS GENERATED
2026-07-15 12:47:59 | INFO    | backend.app.services.reasoning_service:reason:729 - ANSWER GENERATED
2026-07-15 12:47:59 | INFO    | backend.app.services.answer_formatter:format_response:222 - Formatting final chat response. Confidence=85.0
2026-07-15 12:47:59 | INFO    | backend.app.services.answer_formatter:format_response:223 - ANSWER GENERATED
2026-07-15 12:47:59 | INFO    | backend.app.services.conversation_memory:add_message:50 - Added message to session kvfxz from role 'user'
2026-07-15 12:47:59 | INFO    | backend.app.services.conversation_memory:add_message:50 - Added message to session kvfxz from role 'assistant'
2026-07-15 12:47:59 | INFO    | backend.app.services.trainer_service:save_training_sample:59 - Saved training sample for doc_id 0673c891-6f6f-4c16-87db-e41abbaf2735 to D:\MYGPT\data\training_samples.jsonl
2026-07-15 12:48:10 | INFO    | backend.app.services.conversation_memory:set_active_document:93 - Session kvfxz active document set to 0673c891-6f6f-4c16-87db-e41abbaf2735
2026-07-15 12:48:10 | INFO    | backend.app.services.search_service:search:38 - RETRIEVAL START
2026-07-15 12:48:10 | INFO    | backend.app.services.search_service:search:39 - TOP K: 3
2026-07-15 12:48:10 | INFO    | backend.app.services.search_service:search:40 - SIMILARITY: 0.0
2026-07-15 12:48:10 | INFO    | backend.app.services.search_service:search:41 - Search mode triggered: hybrid for query: 'Can you provide more details about Based?'
2026-07-15 12:48:10 | INFO    | backend.app.services.retrieval_service:retrieve_relevant_chunks:107 - Searching 2 chunks (doc_id=0673c891-6f6f-4c16-87db-e41abbaf2735) with threshold=0.0
2026-07-15 12:48:10 | INFO    | backend.app.services.retrieval_service:retrieve_relevant_chunks:154 - Retrieved 2 relevant chunks (after overlap dedup) matching search criteria.
2026-07-15 12:48:10 | INFO    | backend.app.services.ai_orchestrator:process_chat_query:177 - CONTEXT BUILD
2026-07-15 12:48:10 | INFO    | backend.app.services.context_builder:build_context:30 - Building reasoning context for query 'Can you provide more details a...' with 2 chunks.
2026-07-15 12:48:10 | INFO    | backend.app.services.context_builder:build_context:101 - Reasoning context assembled successfully. Length: 1515 chars.
2026-07-15 12:48:10 | INFO    | backend.app.services.reasoning_service:reason:676 - REASONING START
2026-07-15 12:48:10 | INFO    | backend.app.services.reasoning_service:reason:677 - Reasoning query: 'Can you provide more details about Based?'
2026-07-15 12:48:10 | INFO    | backend.app.services.reasoning_service:reason:682 - Inferred intent: Question Answering
2026-07-15 12:48:10 | INFO    | backend.app.services.reasoning_service:reason:728 - TOKENS GENERATED
2026-07-15 12:48:10 | INFO    | backend.app.services.reasoning_service:reason:729 - ANSWER GENERATED
2026-07-15 12:48:10 | INFO    | backend.app.services.answer_formatter:format_response:222 - Formatting final chat response. Confidence=85.0
2026-07-15 12:48:10 | INFO    | backend.app.services.answer_formatter:format_response:223 - ANSWER GENERATED
2026-07-15 12:48:10 | INFO    | backend.app.services.conversation_memory:add_message:50 - Added message to session kvfxz from role 'user'
2026-07-15 12:48:10 | INFO    | backend.app.services.conversation_memory:add_message:50 - Added message to session kvfxz from role 'assistant'
2026-07-15 12:48:10 | INFO    | backend.app.services.trainer_service:save_training_sample:59 - Saved training sample for doc_id 0673c891-6f6f-4c16-87db-e41abbaf2735 to D:\MYGPT\data\training_samples.jsonl
2026-07-15 12:48:17 | INFO    | backend.app.services.conversation_memory:set_active_document:93 - Session kvfxz active document set to 0673c891-6f6f-4c16-87db-e41abbaf2735
2026-07-15 12:48:17 | INFO    | backend.app.services.search_service:search:38 - RETRIEVAL START
2026-07-15 12:48:17 | INFO    | backend.app.services.search_service:search:39 - TOP K: 3
2026-07-15 12:48:17 | INFO    | backend.app.services.search_service:search:40 - SIMILARITY: 0.0
2026-07-15 12:48:17 | INFO    | backend.app.services.search_service:search:41 - Search mode triggered: hybrid for query: 'How does the document describe uploaded?'
2026-07-15 12:48:17 | INFO    | backend.app.services.retrieval_service:retrieve_relevant_chunks:107 - Searching 2 chunks (doc_id=0673c891-6f6f-4c16-87db-e41abbaf2735) with threshold=0.0
2026-07-15 12:48:17 | INFO    | backend.app.services.retrieval_service:retrieve_relevant_chunks:154 - Retrieved 2 relevant chunks (after overlap dedup) matching search criteria.
2026-07-15 12:48:17 | INFO    | backend.app.services.ai_orchestrator:process_chat_query:177 - CONTEXT BUILD
2026-07-15 12:48:17 | INFO    | backend.app.services.context_builder:build_context:30 - Building reasoning context for query 'How does the document describe...' with 2 chunks.
2026-07-15 12:48:17 | INFO    | backend.app.services.context_builder:build_context:101 - Reasoning context assembled successfully. Length: 1515 chars.
2026-07-15 12:48:17 | INFO    | backend.app.services.reasoning_service:reason:676 - REASONING START
2026-07-15 12:48:17 | INFO    | backend.app.services.reasoning_service:reason:677 - Reasoning query: 'How does the document describe uploaded?'
2026-07-15 12:48:17 | INFO    | backend.app.services.reasoning_service:reason:682 - Inferred intent: Explanation
2026-07-15 12:48:17 | INFO    | backend.app.services.reasoning_service:reason:728 - TOKENS GENERATED
2026-07-15 12:48:17 | INFO    | backend.app.services.reasoning_service:reason:729 - ANSWER GENERATED
2026-07-15 12:48:17 | INFO    | backend.app.services.answer_formatter:format_response:222 - Formatting final chat response. Confidence=85.0
2026-07-15 12:48:17 | INFO    | backend.app.services.answer_formatter:format_response:223 - ANSWER GENERATED
2026-07-15 12:48:17 | INFO    | backend.app.services.conversation_memory:add_message:50 - Added message to session kvfxz from role 'user'
2026-07-15 12:48:17 | INFO    | backend.app.services.conversation_memory:add_message:50 - Added message to session kvfxz from role 'assistant'
2026-07-15 12:48:17 | INFO    | backend.app.services.trainer_service:save_training_sample:59 - Saved training sample for doc_id 0673c891-6f6f-4c16-87db-e41abbaf2735 to D:\MYGPT\data\training_samples.jsonl
2026-07-15 12:48:21 | INFO    | backend.app.services.conversation_memory:set_active_document:93 - Session kvfxz active document set to 0673c891-6f6f-4c16-87db-e41abbaf2735
2026-07-15 12:48:21 | INFO    | backend.app.services.search_service:search:38 - RETRIEVAL START
2026-07-15 12:48:21 | INFO    | backend.app.services.search_service:search:39 - TOP K: 3
2026-07-15 12:48:21 | INFO    | backend.app.services.search_service:search:40 - SIMILARITY: 0.0
2026-07-15 12:48:21 | INFO    | backend.app.services.search_service:search:41 - Search mode triggered: hybrid for query: 'What is the context of this information?'
2026-07-15 12:48:21 | INFO    | backend.app.services.retrieval_service:retrieve_relevant_chunks:107 - Searching 2 chunks (doc_id=0673c891-6f6f-4c16-87db-e41abbaf2735) with threshold=0.0
2026-07-15 12:48:21 | INFO    | backend.app.services.retrieval_service:retrieve_relevant_chunks:154 - Retrieved 2 relevant chunks (after overlap dedup) matching search criteria.
2026-07-15 12:48:21 | INFO    | backend.app.services.ai_orchestrator:process_chat_query:177 - CONTEXT BUILD
2026-07-15 12:48:21 | INFO    | backend.app.services.context_builder:build_context:30 - Building reasoning context for query 'What is the context of this in...' with 2 chunks.
2026-07-15 12:48:21 | INFO    | backend.app.services.context_builder:build_context:101 - Reasoning context assembled successfully. Length: 1515 chars.
2026-07-15 12:48:21 | INFO    | backend.app.services.reasoning_service:reason:676 - REASONING START
2026-07-15 12:48:21 | INFO    | backend.app.services.reasoning_service:reason:677 - Reasoning query: 'What is the context of this information?'
2026-07-15 12:48:21 | INFO    | backend.app.services.reasoning_service:reason:682 - Inferred intent: Question Answering
2026-07-15 12:48:21 | INFO    | backend.app.services.reasoning_service:reason:728 - TOKENS GENERATED
2026-07-15 12:48:21 | INFO    | backend.app.services.reasoning_service:reason:729 - ANSWER GENERATED
2026-07-15 12:48:21 | INFO    | backend.app.services.answer_formatter:format_response:222 - Formatting final chat response. Confidence=85.0
2026-07-15 12:48:21 | INFO    | backend.app.services.answer_formatter:format_response:223 - ANSWER GENERATED
2026-07-15 12:48:21 | INFO    | backend.app.services.conversation_memory:add_message:50 - Added message to session kvfxz from role 'user'
2026-07-15 12:48:21 | INFO    | backend.app.services.conversation_memory:add_message:50 - Added message to session kvfxz from role 'assistant'
2026-07-15 12:48:21 | INFO    | backend.app.services.trainer_service:save_training_sample:59 - Saved training sample for doc_id 0673c891-6f6f-4c16-87db-e41abbaf2735 to D:\MYGPT\data\training_samples.jsonl
2026-07-15 12:48:34 | INFO    | backend.app.services.conversation_memory:set_active_document:93 - Session kvfxz active document set to 0673c891-6f6f-4c16-87db-e41abbaf2735
2026-07-15 12:48:34 | INFO    | backend.app.services.search_service:search:38 - RETRIEVAL START
2026-07-15 12:48:34 | INFO    | backend.app.services.search_service:search:39 - TOP K: 3
2026-07-15 12:48:34 | INFO    | backend.app.services.search_service:search:40 - SIMILARITY: 0.0
2026-07-15 12:48:34 | INFO    | backend.app.services.search_service:search:41 - Search mode triggered: hybrid for query: 'summarize this'
2026-07-15 12:48:34 | INFO    | backend.app.services.retrieval_service:retrieve_relevant_chunks:107 - Searching 2 chunks (doc_id=0673c891-6f6f-4c16-87db-e41abbaf2735) with threshold=0.0
2026-07-15 12:48:34 | INFO    | backend.app.services.retrieval_service:retrieve_relevant_chunks:154 - Retrieved 2 relevant chunks (after overlap dedup) matching search criteria.
2026-07-15 12:48:34 | INFO    | backend.app.services.ai_orchestrator:process_chat_query:177 - CONTEXT BUILD
2026-07-15 12:48:34 | INFO    | backend.app.services.context_builder:build_context:30 - Building reasoning context for query 'summarize this...' with 2 chunks.
2026-07-15 12:48:34 | INFO    | backend.app.services.context_builder:build_context:101 - Reasoning context assembled successfully. Length: 1667 chars.
2026-07-15 12:48:34 | INFO    | backend.app.services.reasoning_service:reason:676 - REASONING START
2026-07-15 12:48:34 | INFO    | backend.app.services.reasoning_service:reason:677 - Reasoning query: 'summarize this'
2026-07-15 12:48:34 | INFO    | backend.app.services.reasoning_service:reason:682 - Inferred intent: Summary
2026-07-15 12:48:34 | INFO    | backend.app.services.reasoning_service:reason:728 - TOKENS GENERATED
2026-07-15 12:48:34 | INFO    | backend.app.services.reasoning_service:reason:729 - ANSWER GENERATED
2026-07-15 12:48:34 | INFO    | backend.app.services.answer_formatter:format_response:222 - Formatting final chat response. Confidence=95.0
2026-07-15 12:48:34 | INFO    | backend.app.services.answer_formatter:format_response:223 - ANSWER GENERATED
2026-07-15 12:48:34 | INFO    | backend.app.services.conversation_memory:add_message:50 - Added message to session kvfxz from role 'user'
2026-07-15 12:48:34 | INFO    | backend.app.services.conversation_memory:add_message:50 - Added message to session kvfxz from role 'assistant'
2026-07-15 12:48:34 | INFO    | backend.app.services.trainer_service:save_training_sample:59 - Saved training sample for doc_id 0673c891-6f6f-4c16-87db-e41abbaf2735 to D:\MYGPT\data\training_samples.jsonl
2026-07-15 12:48:50 | INFO    | backend.app.services.conversation_memory:set_active_document:93 - Session kvfxz active document set to 0673c891-6f6f-4c16-87db-e41abbaf2735
2026-07-15 12:48:50 | INFO    | backend.app.services.search_service:search:38 - RETRIEVAL START
2026-07-15 12:48:50 | INFO    | backend.app.services.search_service:search:39 - TOP K: 3
2026-07-15 12:48:50 | INFO    | backend.app.services.search_service:search:40 - SIMILARITY: 0.0
2026-07-15 12:48:50 | INFO    | backend.app.services.search_service:search:41 - Search mode triggered: hybrid for query: 'What is the main conclusion of the document?'
2026-07-15 12:48:50 | INFO    | backend.app.services.retrieval_service:retrieve_relevant_chunks:107 - Searching 2 chunks (doc_id=0673c891-6f6f-4c16-87db-e41abbaf2735) with threshold=0.0
2026-07-15 12:48:50 | INFO    | backend.app.services.retrieval_service:retrieve_relevant_chunks:154 - Retrieved 2 relevant chunks (after overlap dedup) matching search criteria.
2026-07-15 12:48:50 | INFO    | backend.app.services.ai_orchestrator:process_chat_query:177 - CONTEXT BUILD
2026-07-15 12:48:50 | INFO    | backend.app.services.context_builder:build_context:30 - Building reasoning context for query 'What is the main conclusion of...' with 2 chunks.
2026-07-15 12:48:50 | INFO    | backend.app.services.context_builder:build_context:101 - Reasoning context assembled successfully. Length: 1667 chars.
2026-07-15 12:48:50 | INFO    | backend.app.services.reasoning_service:reason:676 - REASONING START
2026-07-15 12:48:50 | INFO    | backend.app.services.reasoning_service:reason:677 - Reasoning query: 'What is the main conclusion of the document?'
2026-07-15 12:48:50 | INFO    | backend.app.services.reasoning_service:reason:682 - Inferred intent: Summary
2026-07-15 12:48:50 | INFO    | backend.app.services.reasoning_service:reason:728 - TOKENS GENERATED
2026-07-15 12:48:50 | INFO    | backend.app.services.reasoning_service:reason:729 - ANSWER GENERATED
2026-07-15 12:48:50 | INFO    | backend.app.services.answer_formatter:format_response:222 - Formatting final chat response. Confidence=95.0
2026-07-15 12:48:50 | INFO    | backend.app.services.answer_formatter:format_response:223 - ANSWER GENERATED
2026-07-15 12:48:50 | INFO    | backend.app.services.conversation_memory:add_message:50 - Added message to session kvfxz from role 'user'
2026-07-15 12:48:50 | INFO    | backend.app.services.conversation_memory:add_message:50 - Added message to session kvfxz from role 'assistant'
2026-07-15 12:48:50 | INFO    | backend.app.services.trainer_service:save_training_sample:59 - Saved training sample for doc_id 0673c891-6f6f-4c16-87db-e41abbaf2735 to D:\MYGPT\data\training_samples.jsonl
2026-07-15 12:49:03 | INFO    | backend.app.services.conversation_memory:set_active_document:93 - Session kvfxz active document set to 0673c891-6f6f-4c16-87db-e41abbaf2735
2026-07-15 12:49:03 | INFO    | backend.app.services.search_service:search:38 - RETRIEVAL START
2026-07-15 12:49:03 | INFO    | backend.app.services.search_service:search:39 - TOP K: 3
2026-07-15 12:49:03 | INFO    | backend.app.services.search_service:search:40 - SIMILARITY: 0.0
2026-07-15 12:49:03 | INFO    | backend.app.services.search_service:search:41 - Search mode triggered: hybrid for query: 'What is the main conclusion of the document?'
2026-07-15 12:49:03 | INFO    | backend.app.services.retrieval_service:retrieve_relevant_chunks:107 - Searching 2 chunks (doc_id=0673c891-6f6f-4c16-87db-e41abbaf2735) with threshold=0.0
2026-07-15 12:49:03 | INFO    | backend.app.services.retrieval_service:retrieve_relevant_chunks:154 - Retrieved 2 relevant chunks (after overlap dedup) matching search criteria.
2026-07-15 12:49:03 | INFO    | backend.app.services.ai_orchestrator:process_chat_query:177 - CONTEXT BUILD
2026-07-15 12:49:03 | INFO    | backend.app.services.context_builder:build_context:30 - Building reasoning context for query 'What is the main conclusion of...' with 2 chunks.
2026-07-15 12:49:03 | INFO    | backend.app.services.context_builder:build_context:101 - Reasoning context assembled successfully. Length: 1667 chars.
2026-07-15 12:49:03 | INFO    | backend.app.services.reasoning_service:reason:676 - REASONING START
2026-07-15 12:49:03 | INFO    | backend.app.services.reasoning_service:reason:677 - Reasoning query: 'What is the main conclusion of the document?'
2026-07-15 12:49:03 | INFO    | backend.app.services.reasoning_service:reason:682 - Inferred intent: Summary
2026-07-15 12:49:03 | INFO    | backend.app.services.reasoning_service:reason:728 - TOKENS GENERATED
2026-07-15 12:49:03 | INFO    | backend.app.services.reasoning_service:reason:729 - ANSWER GENERATED
2026-07-15 12:49:03 | INFO    | backend.app.services.answer_formatter:format_response:222 - Formatting final chat response. Confidence=95.0
2026-07-15 12:49:03 | INFO    | backend.app.services.answer_formatter:format_response:223 - ANSWER GENERATED
2026-07-15 12:49:03 | INFO    | backend.app.services.conversation_memory:add_message:50 - Added message to session kvfxz from role 'user'
2026-07-15 12:49:03 | INFO    | backend.app.services.conversation_memory:add_message:50 - Added message to session kvfxz from role 'assistant'
2026-07-15 12:49:03 | INFO    | backend.app.services.trainer_service:save_training_sample:59 - Saved training sample for doc_id 0673c891-6f6f-4c16-87db-e41abbaf2735 to D:\MYGPT\data\training_samples.jsonl
2026-07-15 12:49:33 | INFO    | backend.app.services.conversation_memory:set_active_document:93 - Session kvfxz active document set to 0673c891-6f6f-4c16-87db-e41abbaf2735
2026-07-15 12:49:33 | INFO    | backend.app.services.search_service:search:38 - RETRIEVAL START
2026-07-15 12:49:33 | INFO    | backend.app.services.search_service:search:39 - TOP K: 3
2026-07-15 12:49:33 | INFO    | backend.app.services.search_service:search:40 - SIMILARITY: 0.0
2026-07-15 12:49:33 | INFO    | backend.app.services.search_service:search:41 - Search mode triggered: hybrid for query: 'i  the summarization for 3 liens'
2026-07-15 12:49:33 | INFO    | backend.app.services.retrieval_service:retrieve_relevant_chunks:107 - Searching 2 chunks (doc_id=0673c891-6f6f-4c16-87db-e41abbaf2735) with threshold=0.0
2026-07-15 12:49:33 | INFO    | backend.app.services.retrieval_service:retrieve_relevant_chunks:154 - Retrieved 2 relevant chunks (after overlap dedup) matching search criteria.
2026-07-15 12:49:33 | INFO    | backend.app.services.ai_orchestrator:process_chat_query:177 - CONTEXT BUILD
2026-07-15 12:49:33 | INFO    | backend.app.services.context_builder:build_context:30 - Building reasoning context for query 'i  the summarization for 3 lie...' with 2 chunks.
2026-07-15 12:49:34 | INFO    | backend.app.services.context_builder:build_context:101 - Reasoning context assembled successfully. Length: 1515 chars.
2026-07-15 12:49:34 | INFO    | backend.app.services.reasoning_service:reason:676 - REASONING START
2026-07-15 12:49:34 | INFO    | backend.app.services.reasoning_service:reason:677 - Reasoning query: 'i  the summarization for 3 liens'
2026-07-15 12:49:34 | INFO    | backend.app.services.reasoning_service:reason:682 - Inferred intent: Question Answering
2026-07-15 12:49:34 | INFO    | backend.app.services.reasoning_service:reason:728 - TOKENS GENERATED
2026-07-15 12:49:34 | INFO    | backend.app.services.reasoning_service:reason:729 - ANSWER GENERATED
2026-07-15 12:49:34 | INFO    | backend.app.services.answer_formatter:format_response:222 - Formatting final chat response. Confidence=85.0
2026-07-15 12:49:34 | INFO    | backend.app.services.answer_formatter:format_response:223 - ANSWER GENERATED
2026-07-15 12:49:34 | INFO    | backend.app.services.conversation_memory:add_message:50 - Added message to session kvfxz from role 'user'
2026-07-15 12:49:34 | INFO    | backend.app.services.conversation_memory:add_message:50 - Added message to session kvfxz from role 'assistant'
2026-07-15 12:49:34 | INFO    | backend.app.services.trainer_service:save_training_sample:59 - Saved training sample for doc_id 0673c891-6f6f-4c16-87db-e41abbaf2735 to D:\MYGPT\data\training_samples.jsonl
2026-07-15 12:52:11 | INFO    | app.main:websocket_training:149 - WebSocket client disconnected from training stream.
2026-07-15 12:52:11 | INFO    | app.main:websocket_training:149 - WebSocket client disconnected from training stream.
2026-07-15 12:57:12 | INFO    | backend.app.core.logging:configure_logging:48 - Application logging successfully initialized.
2026-07-15 12:57:12 | INFO    | backend.app.services.model_manager:__init__:41 - ModelManager singleton initialized. CPU/GPU Device: cpu
2026-07-15 12:57:13 | INFO    | backend.app.services.embedding_service:__init__:33 - Initializing MyGPTEmbedding provider.
2026-07-15 12:57:22 | WARNING | backend.app.services.ocr_service:__init__:36 - Tesseract OCR is not installed or not in PATH. OCR will run in fallback mode: tesseract is not installed or it's not in your PATH. See README file for more information.
2026-07-15 12:57:22 | INFO    | backend.app.services.reasoning_service:__init__:452 - Initializing ReasoningService.
2026-07-15 12:57:23 | INFO    | backend.app.services.conversation_memory:__init__:15 - ConversationMemory service initialized.
2026-07-15 12:57:23 | INFO    | backend.app.services.ai_orchestrator:__init__:23 - Initializing AIOrchestrator with v3 extensibility slots.
2026-07-15 12:57:23 | INFO    | app.main:startup_event:61 - Initializing MyGPT services and attempting to restore checkpoints...
2026-07-15 12:57:23 | INFO    | backend.app.services.model_manager:load_latest_checkpoint:151 - Successfully restored BPETokenizer vocabulary.
2026-07-15 12:57:23 | INFO    | app.main:startup_event:68 - Pre-loading MyGPT model structure into memory...
2026-07-15 12:57:23 | INFO    | backend.app.services.model_manager:load_model:51 - Initializing new GPT instance in ModelManager...
2026-07-15 12:57:23 | INFO    | app.main:startup_event:71 - MyGPT model successfully pre-loaded on boot.
2026-07-15 12:57:36 | INFO    | backend.app.api.routers.document:upload_document:48 - API triggered upload for file Naukri_KeerthanaAnburaj[3y_6m].pdf with chunk_size=500
2026-07-15 12:57:36 | INFO    | backend.app.services.ai_orchestrator:process_new_document:40 - UPLOAD START
2026-07-15 12:57:36 | INFO    | backend.app.services.document_manager:upload_document:73 - Saving uploaded document: Naukri_KeerthanaAnburaj[3y_6m].pdf as 828205f4-2192-465f-8347-a2e87741b6c0.pdf
2026-07-15 12:57:36 | INFO    | backend.app.services.ai_orchestrator:process_new_document:46 - UPLOAD END
2026-07-15 12:57:36 | INFO    | backend.app.services.ai_orchestrator:process_new_document:50 - PARSING START
2026-07-15 12:57:36 | INFO    | backend.app.services.document_parser:parse:136 - PARSING START
2026-07-15 12:57:36 | INFO    | backend.app.services.document_parser:parse:137 - Parsing document: D:\MYGPT\data\uploads\828205f4-2192-465f-8347-a2e87741b6c0.pdf
2026-07-15 12:57:41 | INFO    | backend.app.services.document_parser:parse:212 - PARSING END
2026-07-15 12:57:41 | INFO    | backend.app.services.document_parser:parse:213 - TOTAL LATENCY (parse): 5001.58 ms
2026-07-15 12:57:41 | INFO    | backend.app.services.ai_orchestrator:process_new_document:53 - PARSING END
2026-07-15 12:57:41 | INFO    | backend.app.services.ai_orchestrator:process_new_document:60 - ========================================
2026-07-15 12:57:41 | INFO    | backend.app.services.ai_orchestrator:process_new_document:61 - INGESTION DEBUG METRICS
2026-07-15 12:57:41 | INFO    | backend.app.services.ai_orchestrator:process_new_document:62 - ========================================
2026-07-15 12:57:41 | INFO    | backend.app.services.ai_orchestrator:process_new_document:63 - DOCUMENT TYPE: .PDF
2026-07-15 12:57:41 | INFO    | backend.app.services.ai_orchestrator:process_new_document:64 - Extracted Characters: 6098
2026-07-15 12:57:41 | INFO    | backend.app.services.ai_orchestrator:process_new_document:65 - Extracted Words: 783
2026-07-15 12:57:41 | INFO    | backend.app.services.ai_orchestrator:process_new_document:66 - Validation Passed: YES
2026-07-15 12:57:41 | INFO    | backend.app.services.ai_orchestrator:process_new_document:67 - Execution Time: 5203.62 ms
2026-07-15 12:57:41 | INFO    | backend.app.services.ai_orchestrator:process_new_document:68 - ========================================
2026-07-15 12:57:41 | INFO    | backend.app.services.ai_orchestrator:index_document_background:86 - CHUNKING START
2026-07-15 12:57:41 | INFO    | backend.app.services.chunk_service:chunk_document:97 - Chunking document: 828205f4-2192-465f-8347-a2e87741b6c0 with size=500, overlap=50
2026-07-15 12:57:42 | INFO    | backend.app.services.chunk_service:chunk_document:260 - Completed chunking. Generated 12 chunks for document: 828205f4-2192-465f-8347-a2e87741b6c0
2026-07-15 12:57:42 | INFO    | backend.app.services.ai_orchestrator:index_document_background:88 - CHUNK COUNT: 12
2026-07-15 12:57:42 | INFO    | backend.app.services.ai_orchestrator:index_document_background:99 - DOCUMENT UNDERSTANDING START
2026-07-15 12:57:42 | INFO    | backend.app.services.knowledge_service:save_knowledge:389 - Persisting structured knowledge for document: 828205f4-2192-465f-8347-a2e87741b6c0
2026-07-15 12:57:42 | INFO    | backend.app.services.ai_orchestrator:index_document_background:109 - DOCUMENT UNDERSTANDING END
2026-07-15 12:57:42 | INFO    | backend.app.services.ai_orchestrator:index_document_background:110 - Knowledge Built: YES
2026-07-15 12:57:42 | INFO    | backend.app.services.ai_orchestrator:index_document_background:114 - EMBEDDING START
2026-07-15 12:57:43 | INFO    | backend.app.services.ai_orchestrator:index_document_background:117 - EMBEDDING END
2026-07-15 12:57:43 | INFO    | backend.app.services.ai_orchestrator:index_document_background:121 - INDEXING START
2026-07-15 12:57:43 | INFO    | backend.app.services.storage_service:save_chunks:87 - Saving 12 chunks for document 828205f4-2192-465f-8347-a2e87741b6c0 to JSON store.
2026-07-15 12:57:43 | INFO    | backend.app.services.ai_orchestrator:index_document_background:126 - INDEXING END
2026-07-15 12:57:43 | INFO    | backend.app.services.ai_orchestrator:index_document_background:127 - Indexed Chunks: 12
2026-07-15 12:57:43 | INFO    | backend.app.services.ai_orchestrator:index_document_background:132 - TOTAL LATENCY: 1889.26 ms
2026-07-15 12:57:50 | INFO    | backend.app.services.document_manager:delete_document:155 - Removed physical file: D:\MYGPT\data\uploads\0673c891-6f6f-4c16-87db-e41abbaf2735.pdf
2026-07-15 12:57:50 | INFO    | backend.app.services.document_manager:delete_document:162 - Removed document 0673c891-6f6f-4c16-87db-e41abbaf2735 from metadata database.
2026-07-15 12:57:50 | INFO    | backend.app.services.indexing_service:delete_document_index:61 - Deleting document index: 0673c891-6f6f-4c16-87db-e41abbaf2735
2026-07-15 12:57:50 | INFO    | backend.app.services.storage_service:delete_chunks:110 - Deleting chunks for document 0673c891-6f6f-4c16-87db-e41abbaf2735 from JSON store.
2026-07-15 12:57:50 | INFO    | backend.app.services.knowledge_service:delete_knowledge:401 - Deleting structured knowledge for document: 0673c891-6f6f-4c16-87db-e41abbaf2735
2026-07-15 12:58:08 | INFO    | backend.app.services.conversation_memory:set_active_document:93 - Session zbhq8 active document set to 828205f4-2192-465f-8347-a2e87741b6c0
2026-07-15 12:58:08 | INFO    | backend.app.services.search_service:search:38 - RETRIEVAL START
2026-07-15 12:58:08 | INFO    | backend.app.services.search_service:search:39 - TOP K: 3
2026-07-15 12:58:08 | INFO    | backend.app.services.search_service:search:40 - SIMILARITY: 0.0
2026-07-15 12:58:08 | INFO    | backend.app.services.search_service:search:41 - Search mode triggered: hybrid for query: 'is this person will oft for the frontend dveloper role'
2026-07-15 12:58:08 | INFO    | backend.app.services.retrieval_service:retrieve_relevant_chunks:107 - Searching 12 chunks (doc_id=828205f4-2192-465f-8347-a2e87741b6c0) with threshold=0.0
2026-07-15 12:58:08 | INFO    | backend.app.services.retrieval_service:retrieve_relevant_chunks:154 - Retrieved 12 relevant chunks (after overlap dedup) matching search criteria.
2026-07-15 12:58:08 | INFO    | backend.app.services.ai_orchestrator:process_chat_query:177 - CONTEXT BUILD
2026-07-15 12:58:08 | INFO    | backend.app.services.context_builder:build_context:30 - Building reasoning context for query 'is this person will oft for th...' with 3 chunks.
2026-07-15 12:58:08 | INFO    | backend.app.services.context_builder:build_context:101 - Reasoning context assembled successfully. Length: 1084 chars.
2026-07-15 12:58:08 | INFO    | backend.app.services.reasoning_service:reason:676 - REASONING START
2026-07-15 12:58:08 | INFO    | backend.app.services.reasoning_service:reason:677 - Reasoning query: 'is this person will oft for the frontend dveloper role'
2026-07-15 12:58:08 | INFO    | backend.app.services.reasoning_service:reason:682 - Inferred intent: Experience
2026-07-15 12:58:08 | INFO    | backend.app.services.reasoning_service:reason:728 - TOKENS GENERATED
2026-07-15 12:58:08 | INFO    | backend.app.services.reasoning_service:reason:729 - ANSWER GENERATED
2026-07-15 12:58:08 | INFO    | backend.app.services.answer_formatter:format_response:222 - Formatting final chat response. Confidence=95.0
2026-07-15 12:58:08 | INFO    | backend.app.services.answer_formatter:format_response:223 - ANSWER GENERATED
2026-07-15 12:58:08 | INFO    | backend.app.services.conversation_memory:add_message:50 - Added message to session zbhq8 from role 'user'
2026-07-15 12:58:08 | INFO    | backend.app.services.conversation_memory:add_message:50 - Added message to session zbhq8 from role 'assistant'
2026-07-15 12:58:08 | INFO    | backend.app.services.trainer_service:save_training_sample:59 - Saved training sample for doc_id 828205f4-2192-465f-8347-a2e87741b6c0 to D:\MYGPT\data\training_samples.jsonl
2026-07-15 12:58:33 | INFO    | app.main:websocket_training:149 - WebSocket client disconnected from training stream.
2026-07-15 12:58:33 | INFO    | app.main:websocket_training:149 - WebSocket client disconnected from training stream.
2026-07-15 12:58:48 | INFO    | backend.app.core.logging:configure_logging:48 - Application logging successfully initialized.
2026-07-15 12:58:48 | INFO    | backend.app.services.model_manager:__init__:41 - ModelManager singleton initialized. CPU/GPU Device: cpu
2026-07-15 12:58:48 | INFO    | backend.app.services.embedding_service:__init__:33 - Initializing MyGPTEmbedding provider.
2026-07-15 12:58:50 | WARNING | backend.app.services.ocr_service:__init__:36 - Tesseract OCR is not installed or not in PATH. OCR will run in fallback mode: tesseract is not installed or it's not in your PATH. See README file for more information.
2026-07-15 12:58:51 | INFO    | backend.app.services.reasoning_service:__init__:452 - Initializing ReasoningService.
2026-07-15 12:58:51 | INFO    | backend.app.services.conversation_memory:__init__:15 - ConversationMemory service initialized.
2026-07-15 12:58:51 | INFO    | backend.app.services.ai_orchestrator:__init__:23 - Initializing AIOrchestrator with v3 extensibility slots.
2026-07-15 12:58:51 | INFO    | app.main:startup_event:61 - Initializing MyGPT services and attempting to restore checkpoints...
2026-07-15 12:58:51 | INFO    | backend.app.services.model_manager:load_latest_checkpoint:151 - Successfully restored BPETokenizer vocabulary.
2026-07-15 12:58:51 | INFO    | app.main:startup_event:68 - Pre-loading MyGPT model structure into memory...
2026-07-15 12:58:51 | INFO    | backend.app.services.model_manager:load_model:51 - Initializing new GPT instance in ModelManager...
2026-07-15 12:58:51 | INFO    | app.main:startup_event:71 - MyGPT model successfully pre-loaded on boot.
2026-07-15 12:59:26 | INFO    | backend.app.services.conversation_memory:set_active_document:93 - Session zbhq8 active document set to 828205f4-2192-465f-8347-a2e87741b6c0
2026-07-15 12:59:26 | INFO    | backend.app.services.search_service:search:38 - RETRIEVAL START
2026-07-15 12:59:26 | INFO    | backend.app.services.search_service:search:39 - TOP K: 3
2026-07-15 12:59:26 | INFO    | backend.app.services.search_service:search:40 - SIMILARITY: 0.0
2026-07-15 12:59:26 | INFO    | backend.app.services.search_service:search:41 - Search mode triggered: hybrid for query: 'which rolei  this resume will suitable'
2026-07-15 12:59:27 | INFO    | backend.app.services.retrieval_service:retrieve_relevant_chunks:107 - Searching 12 chunks (doc_id=828205f4-2192-465f-8347-a2e87741b6c0) with threshold=0.0
2026-07-15 12:59:27 | INFO    | backend.app.services.retrieval_service:retrieve_relevant_chunks:154 - Retrieved 12 relevant chunks (after overlap dedup) matching search criteria.
2026-07-15 12:59:27 | INFO    | backend.app.services.ai_orchestrator:process_chat_query:177 - CONTEXT BUILD
2026-07-15 12:59:27 | INFO    | backend.app.services.context_builder:build_context:30 - Building reasoning context for query 'which rolei  this resume will ...' with 3 chunks.
2026-07-15 12:59:27 | INFO    | backend.app.services.context_builder:build_context:101 - Reasoning context assembled successfully. Length: 1351 chars.
2026-07-15 12:59:27 | INFO    | backend.app.services.reasoning_service:reason:676 - REASONING START
2026-07-15 12:59:27 | INFO    | backend.app.services.reasoning_service:reason:677 - Reasoning query: 'which rolei  this resume will suitable'
2026-07-15 12:59:27 | INFO    | backend.app.services.reasoning_service:reason:682 - Inferred intent: Resume
2026-07-15 12:59:27 | INFO    | backend.app.services.reasoning_service:reason:913 - TOKENS GENERATED
2026-07-15 12:59:27 | INFO    | backend.app.services.reasoning_service:reason:914 - ANSWER GENERATED
2026-07-15 12:59:27 | INFO    | backend.app.services.answer_formatter:format_response:222 - Formatting final chat response. Confidence=69.94812174910857
2026-07-15 12:59:27 | INFO    | backend.app.services.answer_formatter:format_response:223 - ANSWER GENERATED
2026-07-15 12:59:27 | INFO    | backend.app.services.conversation_memory:add_message:50 - Added message to session zbhq8 from role 'user'
2026-07-15 12:59:27 | INFO    | backend.app.services.conversation_memory:add_message:50 - Added message to session zbhq8 from role 'assistant'
2026-07-15 12:59:27 | INFO    | backend.app.services.trainer_service:save_training_sample:59 - Saved training sample for doc_id 828205f4-2192-465f-8347-a2e87741b6c0 to D:\MYGPT\data\training_samples.jsonl
2026-07-15 13:01:11 | INFO    | backend.app.services.conversation_memory:set_active_document:93 - Session zbhq8 active document set to 828205f4-2192-465f-8347-a2e87741b6c0
2026-07-15 13:01:11 | INFO    | backend.app.services.search_service:search:38 - RETRIEVAL START
2026-07-15 13:01:11 | INFO    | backend.app.services.search_service:search:39 - TOP K: 3
2026-07-15 13:01:11 | INFO    | backend.app.services.search_service:search:40 - SIMILARITY: 0.0
2026-07-15 13:01:11 | INFO    | backend.app.services.search_service:search:41 - Search mode triggered: hybrid for query: 'he is hte mael or female'
2026-07-15 13:01:11 | INFO    | backend.app.services.retrieval_service:retrieve_relevant_chunks:107 - Searching 12 chunks (doc_id=828205f4-2192-465f-8347-a2e87741b6c0) with threshold=0.0
2026-07-15 13:01:12 | INFO    | backend.app.services.retrieval_service:retrieve_relevant_chunks:154 - Retrieved 12 relevant chunks (after overlap dedup) matching search criteria.
2026-07-15 13:01:12 | INFO    | backend.app.services.ai_orchestrator:process_chat_query:177 - CONTEXT BUILD
2026-07-15 13:01:12 | INFO    | backend.app.services.context_builder:build_context:30 - Building reasoning context for query 'he is hte mael or female...' with 3 chunks.
2026-07-15 13:01:12 | INFO    | backend.app.services.context_builder:build_context:101 - Reasoning context assembled successfully. Length: 1322 chars.
2026-07-15 13:01:12 | INFO    | backend.app.services.reasoning_service:reason:676 - REASONING START
2026-07-15 13:01:12 | INFO    | backend.app.services.reasoning_service:reason:677 - Reasoning query: 'he is hte mael or female'
2026-07-15 13:01:12 | INFO    | backend.app.services.reasoning_service:reason:682 - Inferred intent: Question Answering
2026-07-15 13:01:14 | INFO    | backend.app.services.reasoning_service:reason:913 - TOKENS GENERATED
2026-07-15 13:01:14 | INFO    | backend.app.services.reasoning_service:reason:914 - ANSWER GENERATED
2026-07-15 13:01:14 | INFO    | backend.app.services.answer_formatter:format_response:222 - Formatting final chat response. Confidence=69.99748927273978
2026-07-15 13:01:14 | INFO    | backend.app.services.answer_formatter:format_response:223 - ANSWER GENERATED
2026-07-15 13:01:14 | INFO    | backend.app.services.conversation_memory:add_message:50 - Added message to session zbhq8 from role 'user'
2026-07-15 13:01:14 | INFO    | backend.app.services.conversation_memory:add_message:50 - Added message to session zbhq8 from role 'assistant'
2026-07-15 13:01:15 | INFO    | backend.app.services.trainer_service:save_training_sample:59 - Saved training sample for doc_id 828205f4-2192-465f-8347-a2e87741b6c0 to D:\MYGPT\data\training_samples.jsonl
2026-07-15 13:03:09 | INFO    | backend.app.services.conversation_memory:set_active_document:93 - Session zbhq8 active document set to 828205f4-2192-465f-8347-a2e87741b6c0
2026-07-15 13:03:10 | INFO    | backend.app.services.search_service:search:38 - RETRIEVAL START
2026-07-15 13:03:10 | INFO    | backend.app.services.search_service:search:39 - TOP K: 3
2026-07-15 13:03:10 | INFO    | backend.app.services.search_service:search:40 - SIMILARITY: 0.0
2026-07-15 13:03:10 | INFO    | backend.app.services.search_service:search:41 - Search mode triggered: hybrid for query: 'is he fit for the  which domain \'
2026-07-15 13:03:10 | INFO    | backend.app.services.retrieval_service:retrieve_relevant_chunks:107 - Searching 12 chunks (doc_id=828205f4-2192-465f-8347-a2e87741b6c0) with threshold=0.0
2026-07-15 13:03:12 | INFO    | backend.app.services.retrieval_service:retrieve_relevant_chunks:154 - Retrieved 12 relevant chunks (after overlap dedup) matching search criteria.
2026-07-15 13:03:12 | INFO    | backend.app.services.ai_orchestrator:process_chat_query:177 - CONTEXT BUILD
2026-07-15 13:03:12 | INFO    | backend.app.services.context_builder:build_context:30 - Building reasoning context for query 'is he fit for the  which domai...' with 3 chunks.
2026-07-15 13:03:12 | INFO    | backend.app.services.context_builder:build_context:101 - Reasoning context assembled successfully. Length: 1279 chars.
2026-07-15 13:03:12 | INFO    | backend.app.services.reasoning_service:reason:676 - REASONING START
2026-07-15 13:03:12 | INFO    | backend.app.services.reasoning_service:reason:677 - Reasoning query: 'is he fit for the  which domain \'
2026-07-15 13:03:12 | INFO    | backend.app.services.reasoning_service:reason:682 - Inferred intent: Question Answering
2026-07-15 13:03:18 | INFO    | backend.app.services.reasoning_service:reason:913 - TOKENS GENERATED
2026-07-15 13:03:18 | INFO    | backend.app.services.reasoning_service:reason:914 - ANSWER GENERATED
2026-07-15 13:03:18 | INFO    | backend.app.services.answer_formatter:format_response:222 - Formatting final chat response. Confidence=75.7110167064552
2026-07-15 13:03:18 | INFO    | backend.app.services.answer_formatter:format_response:223 - ANSWER GENERATED
2026-07-15 13:03:18 | INFO    | backend.app.services.conversation_memory:add_message:50 - Added message to session zbhq8 from role 'user'
2026-07-15 13:03:18 | INFO    | backend.app.services.conversation_memory:add_message:50 - Added message to session zbhq8 from role 'assistant'
2026-07-15 13:03:18 | INFO    | backend.app.services.trainer_service:save_training_sample:59 - Saved training sample for doc_id 828205f4-2192-465f-8347-a2e87741b6c0 to D:\MYGPT\data\training_samples.jsonl
2026-07-15 13:03:49 | INFO    | backend.app.services.conversation_memory:set_active_document:93 - Session zbhq8 active document set to 828205f4-2192-465f-8347-a2e87741b6c0
2026-07-15 13:03:49 | INFO    | backend.app.services.search_service:search:38 - RETRIEVAL START
2026-07-15 13:03:49 | INFO    | backend.app.services.search_service:search:39 - TOP K: 3
2026-07-15 13:03:50 | INFO    | backend.app.services.search_service:search:40 - SIMILARITY: 0.0
2026-07-15 13:03:50 | INFO    | backend.app.services.search_service:search:41 - Search mode triggered: hybrid for query: 'gie me the summary in 2 liens'
2026-07-15 13:03:50 | INFO    | backend.app.services.retrieval_service:retrieve_relevant_chunks:107 - Searching 12 chunks (doc_id=828205f4-2192-465f-8347-a2e87741b6c0) with threshold=0.0
2026-07-15 13:03:50 | INFO    | backend.app.services.retrieval_service:retrieve_relevant_chunks:154 - Retrieved 12 relevant chunks (after overlap dedup) matching search criteria.
2026-07-15 13:03:50 | INFO    | backend.app.services.ai_orchestrator:process_chat_query:177 - CONTEXT BUILD
2026-07-15 13:03:50 | INFO    | backend.app.services.context_builder:build_context:30 - Building reasoning context for query 'gie me the summary in 2 liens...' with 3 chunks.
2026-07-15 13:03:50 | INFO    | backend.app.services.context_builder:build_context:101 - Reasoning context assembled successfully. Length: 1324 chars.
2026-07-15 13:03:50 | INFO    | backend.app.services.reasoning_service:reason:676 - REASONING START
2026-07-15 13:03:50 | INFO    | backend.app.services.reasoning_service:reason:677 - Reasoning query: 'gie me the summary in 2 liens'
2026-07-15 13:03:50 | INFO    | backend.app.services.reasoning_service:reason:682 - Inferred intent: Summary
2026-07-15 13:03:51 | INFO    | backend.app.services.reasoning_service:reason:728 - TOKENS GENERATED
2026-07-15 13:03:51 | INFO    | backend.app.services.reasoning_service:reason:729 - ANSWER GENERATED
2026-07-15 13:03:51 | INFO    | backend.app.services.answer_formatter:format_response:222 - Formatting final chat response. Confidence=95.0
2026-07-15 13:03:51 | INFO    | backend.app.services.answer_formatter:format_response:223 - ANSWER GENERATED
2026-07-15 13:03:51 | INFO    | backend.app.services.conversation_memory:add_message:50 - Added message to session zbhq8 from role 'user'
2026-07-15 13:03:51 | INFO    | backend.app.services.conversation_memory:add_message:50 - Added message to session zbhq8 from role 'assistant'
2026-07-15 13:03:51 | INFO    | backend.app.services.trainer_service:save_training_sample:59 - Saved training sample for doc_id 828205f4-2192-465f-8347-a2e87741b6c0 to D:\MYGPT\data\training_samples.jsonl
2026-07-15 13:04:08 | INFO    | backend.app.services.conversation_memory:set_active_document:93 - Session zbhq8 active document set to 828205f4-2192-465f-8347-a2e87741b6c0
2026-07-15 13:04:08 | INFO    | backend.app.services.search_service:search:38 - RETRIEVAL START
2026-07-15 13:04:08 | INFO    | backend.app.services.search_service:search:39 - TOP K: 3
2026-07-15 13:04:08 | INFO    | backend.app.services.search_service:search:40 - SIMILARITY: 0.0
2026-07-15 13:04:08 | INFO    | backend.app.services.search_service:search:41 - Search mode triggered: hybrid for query: 'give me hte summary in 2 lines'
2026-07-15 13:04:08 | INFO    | backend.app.services.retrieval_service:retrieve_relevant_chunks:107 - Searching 12 chunks (doc_id=828205f4-2192-465f-8347-a2e87741b6c0) with threshold=0.0
2026-07-15 13:04:09 | INFO    | backend.app.services.retrieval_service:retrieve_relevant_chunks:154 - Retrieved 12 relevant chunks (after overlap dedup) matching search criteria.
2026-07-15 13:04:09 | INFO    | backend.app.services.ai_orchestrator:process_chat_query:177 - CONTEXT BUILD
2026-07-15 13:04:09 | INFO    | backend.app.services.context_builder:build_context:30 - Building reasoning context for query 'give me hte summary in 2 lines...' with 3 chunks.
2026-07-15 13:04:09 | INFO    | backend.app.services.context_builder:build_context:101 - Reasoning context assembled successfully. Length: 1322 chars.
2026-07-15 13:04:09 | INFO    | backend.app.services.reasoning_service:reason:676 - REASONING START
2026-07-15 13:04:09 | INFO    | backend.app.services.reasoning_service:reason:677 - Reasoning query: 'give me hte summary in 2 lines'
2026-07-15 13:04:09 | INFO    | backend.app.services.reasoning_service:reason:682 - Inferred intent: Summary
2026-07-15 13:04:09 | INFO    | backend.app.services.reasoning_service:reason:728 - TOKENS GENERATED
2026-07-15 13:04:09 | INFO    | backend.app.services.reasoning_service:reason:729 - ANSWER GENERATED
2026-07-15 13:04:09 | INFO    | backend.app.services.answer_formatter:format_response:222 - Formatting final chat response. Confidence=95.0
2026-07-15 13:04:09 | INFO    | backend.app.services.answer_formatter:format_response:223 - ANSWER GENERATED
2026-07-15 13:04:09 | INFO    | backend.app.services.conversation_memory:add_message:50 - Added message to session zbhq8 from role 'user'
2026-07-15 13:04:09 | INFO    | backend.app.services.conversation_memory:add_message:50 - Added message to session zbhq8 from role 'assistant'
2026-07-15 13:04:09 | INFO    | backend.app.services.trainer_service:save_training_sample:59 - Saved training sample for doc_id 828205f4-2192-465f-8347-a2e87741b6c0 to D:\MYGPT\data\training_samples.jsonl
2026-07-15 13:07:27 | INFO    | backend.app.services.conversation_memory:set_active_document:93 - Session zbhq8 active document set to 828205f4-2192-465f-8347-a2e87741b6c0
2026-07-15 13:07:27 | INFO    | backend.app.services.search_service:search:38 - RETRIEVAL START
2026-07-15 13:07:27 | INFO    | backend.app.services.search_service:search:39 - TOP K: 3
2026-07-15 13:07:27 | INFO    | backend.app.services.search_service:search:40 - SIMILARITY: 0.0
2026-07-15 13:07:27 | INFO    | backend.app.services.search_service:search:41 - Search mode triggered: hybrid for query: 'giev me 2 lines'
2026-07-15 13:07:27 | INFO    | backend.app.services.retrieval_service:retrieve_relevant_chunks:107 - Searching 12 chunks (doc_id=828205f4-2192-465f-8347-a2e87741b6c0) with threshold=0.0
2026-07-15 13:07:29 | INFO    | backend.app.services.retrieval_service:retrieve_relevant_chunks:154 - Retrieved 12 relevant chunks (after overlap dedup) matching search criteria.
2026-07-15 13:07:29 | INFO    | backend.app.services.ai_orchestrator:process_chat_query:177 - CONTEXT BUILD
2026-07-15 13:07:29 | INFO    | backend.app.services.context_builder:build_context:30 - Building reasoning context for query 'giev me 2 lines...' with 3 chunks.
2026-07-15 13:07:29 | INFO    | backend.app.services.context_builder:build_context:101 - Reasoning context assembled successfully. Length: 1241 chars.
2026-07-15 13:07:29 | INFO    | backend.app.services.reasoning_service:reason:676 - REASONING START
2026-07-15 13:07:29 | INFO    | backend.app.services.reasoning_service:reason:677 - Reasoning query: 'giev me 2 lines'
2026-07-15 13:07:29 | INFO    | backend.app.services.reasoning_service:reason:682 - Inferred intent: Question Answering
2026-07-15 13:07:34 | INFO    | backend.app.services.reasoning_service:reason:913 - TOKENS GENERATED
2026-07-15 13:07:34 | INFO    | backend.app.services.reasoning_service:reason:914 - ANSWER GENERATED
2026-07-15 13:07:34 | INFO    | backend.app.services.answer_formatter:format_response:222 - Formatting final chat response. Confidence=74.9955937483115
2026-07-15 13:07:34 | INFO    | backend.app.services.answer_formatter:format_response:223 - ANSWER GENERATED
2026-07-15 13:07:34 | INFO    | backend.app.services.conversation_memory:add_message:50 - Added message to session zbhq8 from role 'user'
2026-07-15 13:07:34 | INFO    | backend.app.services.conversation_memory:add_message:50 - Added message to session zbhq8 from role 'assistant'
2026-07-15 13:07:37 | INFO    | backend.app.services.trainer_service:save_training_sample:59 - Saved training sample for doc_id 828205f4-2192-465f-8347-a2e87741b6c0 to D:\MYGPT\data\training_samples.jsonl
2026-07-15 13:08:09 | INFO    | backend.app.services.conversation_memory:set_active_document:93 - Session zbhq8 active document set to 828205f4-2192-465f-8347-a2e87741b6c0
2026-07-15 13:08:09 | INFO    | backend.app.services.search_service:search:38 - RETRIEVAL START
2026-07-15 13:08:09 | INFO    | backend.app.services.search_service:search:39 - TOP K: 3
2026-07-15 13:08:09 | INFO    | backend.app.services.search_service:search:40 - SIMILARITY: 0.0
2026-07-15 13:08:09 | INFO    | backend.app.services.search_service:search:41 - Search mode triggered: hybrid for query: 'wha tis th enumber of the candidate'
2026-07-15 13:08:09 | INFO    | backend.app.services.retrieval_service:retrieve_relevant_chunks:107 - Searching 12 chunks (doc_id=828205f4-2192-465f-8347-a2e87741b6c0) with threshold=0.0
2026-07-15 13:08:12 | INFO    | backend.app.services.retrieval_service:retrieve_relevant_chunks:154 - Retrieved 12 relevant chunks (after overlap dedup) matching search criteria.
2026-07-15 13:08:12 | INFO    | backend.app.services.ai_orchestrator:process_chat_query:177 - CONTEXT BUILD
2026-07-15 13:08:12 | INFO    | backend.app.services.context_builder:build_context:30 - Building reasoning context for query 'wha tis th enumber of the cand...' with 3 chunks.
2026-07-15 13:08:12 | INFO    | backend.app.services.context_builder:build_context:101 - Reasoning context assembled successfully. Length: 1324 chars.
2026-07-15 13:08:12 | INFO    | backend.app.services.reasoning_service:reason:676 - REASONING START
2026-07-15 13:08:12 | INFO    | backend.app.services.reasoning_service:reason:677 - Reasoning query: 'wha tis th enumber of the candidate'
2026-07-15 13:08:12 | INFO    | backend.app.services.reasoning_service:reason:682 - Inferred intent: Resume
2026-07-15 13:08:23 | INFO    | backend.app.services.reasoning_service:reason:913 - TOKENS GENERATED
2026-07-15 13:08:23 | INFO    | backend.app.services.reasoning_service:reason:914 - ANSWER GENERATED
2026-07-15 13:08:23 | INFO    | backend.app.services.answer_formatter:format_response:222 - Formatting final chat response. Confidence=72.85533383941292
2026-07-15 13:08:23 | INFO    | backend.app.services.answer_formatter:format_response:223 - ANSWER GENERATED
2026-07-15 13:08:24 | INFO    | backend.app.services.conversation_memory:add_message:50 - Added message to session zbhq8 from role 'user'
2026-07-15 13:08:24 | INFO    | backend.app.services.conversation_memory:add_message:50 - Added message to session zbhq8 from role 'assistant'
2026-07-15 13:08:24 | INFO    | backend.app.services.trainer_service:save_training_sample:59 - Saved training sample for doc_id 828205f4-2192-465f-8347-a2e87741b6c0 to D:\MYGPT\data\training_samples.jsonl
2026-07-15 13:08:50 | INFO    | backend.app.services.conversation_memory:set_active_document:93 - Session zbhq8 active document set to 828205f4-2192-465f-8347-a2e87741b6c0
2026-07-15 13:08:50 | INFO    | backend.app.services.search_service:search:38 - RETRIEVAL START
2026-07-15 13:08:50 | INFO    | backend.app.services.search_service:search:39 - TOP K: 3
2026-07-15 13:08:50 | INFO    | backend.app.services.search_service:search:40 - SIMILARITY: 0.0
2026-07-15 13:08:50 | INFO    | backend.app.services.search_service:search:41 - Search mode triggered: hybrid for query: 'i wnat only the phoen number'
2026-07-15 13:08:52 | INFO    | backend.app.services.retrieval_service:retrieve_relevant_chunks:107 - Searching 12 chunks (doc_id=828205f4-2192-465f-8347-a2e87741b6c0) with threshold=0.0
2026-07-15 13:08:57 | INFO    | backend.app.services.retrieval_service:retrieve_relevant_chunks:154 - Retrieved 12 relevant chunks (after overlap dedup) matching search criteria.
2026-07-15 13:08:57 | INFO    | backend.app.services.ai_orchestrator:process_chat_query:177 - CONTEXT BUILD
2026-07-15 13:08:57 | INFO    | backend.app.services.context_builder:build_context:30 - Building reasoning context for query 'i wnat only the phoen number...' with 3 chunks.
2026-07-15 13:08:57 | INFO    | backend.app.services.context_builder:build_context:101 - Reasoning context assembled successfully. Length: 981 chars.
2026-07-15 13:08:57 | INFO    | backend.app.services.reasoning_service:reason:676 - REASONING START
2026-07-15 13:08:58 | INFO    | backend.app.services.reasoning_service:reason:677 - Reasoning query: 'i wnat only the phoen number'
2026-07-15 13:08:58 | INFO    | backend.app.services.reasoning_service:reason:682 - Inferred intent: Numbers
2026-07-15 13:09:12 | INFO    | backend.app.services.reasoning_service:reason:913 - TOKENS GENERATED
2026-07-15 13:09:12 | INFO    | backend.app.services.reasoning_service:reason:914 - ANSWER GENERATED
2026-07-15 13:09:12 | INFO    | backend.app.services.answer_formatter:format_response:222 - Formatting final chat response. Confidence=76.6623605926304
2026-07-15 13:09:13 | INFO    | backend.app.services.answer_formatter:format_response:223 - ANSWER GENERATED
2026-07-15 13:09:13 | INFO    | backend.app.services.conversation_memory:add_message:50 - Added message to session zbhq8 from role 'user'
2026-07-15 13:09:13 | INFO    | backend.app.services.conversation_memory:add_message:50 - Added message to session zbhq8 from role 'assistant'
2026-07-15 13:09:14 | INFO    | backend.app.services.trainer_service:save_training_sample:59 - Saved training sample for doc_id 828205f4-2192-465f-8347-a2e87741b6c0 to D:\MYGPT\data\training_samples.jsonl
2026-07-15 13:12:55 | INFO    | backend.app.services.conversation_memory:set_active_document:93 - Session zbhq8 active document set to 828205f4-2192-465f-8347-a2e87741b6c0
2026-07-15 13:12:55 | INFO    | backend.app.services.search_service:search:38 - RETRIEVAL START
2026-07-15 13:12:55 | INFO    | backend.app.services.search_service:search:39 - TOP K: 3
2026-07-15 13:12:55 | INFO    | backend.app.services.search_service:search:40 - SIMILARITY: 0.0
2026-07-15 13:12:55 | INFO    | backend.app.services.search_service:search:41 - Search mode triggered: hybrid for query: 'What is the context of this information?'
2026-07-15 13:12:56 | INFO    | backend.app.services.retrieval_service:retrieve_relevant_chunks:107 - Searching 12 chunks (doc_id=828205f4-2192-465f-8347-a2e87741b6c0) with threshold=0.0
2026-07-15 13:12:57 | INFO    | backend.app.services.retrieval_service:retrieve_relevant_chunks:154 - Retrieved 12 relevant chunks (after overlap dedup) matching search criteria.
2026-07-15 13:12:57 | INFO    | backend.app.services.ai_orchestrator:process_chat_query:177 - CONTEXT BUILD
2026-07-15 13:12:57 | INFO    | backend.app.services.context_builder:build_context:30 - Building reasoning context for query 'What is the context of this in...' with 3 chunks.
2026-07-15 13:12:57 | INFO    | backend.app.services.context_builder:build_context:101 - Reasoning context assembled successfully. Length: 1324 chars.
2026-07-15 13:12:57 | INFO    | backend.app.services.reasoning_service:reason:676 - REASONING START
2026-07-15 13:12:57 | INFO    | backend.app.services.reasoning_service:reason:677 - Reasoning query: 'What is the context of this information?'
2026-07-15 13:12:57 | INFO    | backend.app.services.reasoning_service:reason:682 - Inferred intent: Question Answering
2026-07-15 13:13:04 | INFO    | backend.app.services.reasoning_service:reason:913 - TOKENS GENERATED
2026-07-15 13:13:04 | INFO    | backend.app.services.reasoning_service:reason:914 - ANSWER GENERATED
2026-07-15 13:13:04 | INFO    | backend.app.services.answer_formatter:format_response:222 - Formatting final chat response. Confidence=72.85405587719144
2026-07-15 13:13:04 | INFO    | backend.app.services.answer_formatter:format_response:223 - ANSWER GENERATED
2026-07-15 13:13:04 | INFO    | backend.app.services.conversation_memory:add_message:50 - Added message to session zbhq8 from role 'user'
2026-07-15 13:13:04 | INFO    | backend.app.services.conversation_memory:add_message:50 - Added message to session zbhq8 from role 'assistant'
2026-07-15 13:13:04 | INFO    | backend.app.services.trainer_service:save_training_sample:59 - Saved training sample for doc_id 828205f4-2192-465f-8347-a2e87741b6c0 to D:\MYGPT\data\training_samples.jsonl
2026-07-15 13:13:45 | INFO    | app.main:websocket_training:149 - WebSocket client disconnected from training stream.
2026-07-15 13:13:46 | INFO    | app.main:websocket_training:149 - WebSocket client disconnected from training stream.
2026-07-15 13:14:06 | INFO    | backend.app.core.logging:configure_logging:48 - Application logging successfully initialized.
2026-07-15 13:14:07 | INFO    | backend.app.services.model_manager:__init__:41 - ModelManager singleton initialized. CPU/GPU Device: cpu
2026-07-15 13:14:07 | INFO    | backend.app.services.embedding_service:__init__:33 - Initializing MyGPTEmbedding provider.
2026-07-15 13:14:09 | WARNING | backend.app.services.ocr_service:__init__:36 - Tesseract OCR is not installed or not in PATH. OCR will run in fallback mode: tesseract is not installed or it's not in your PATH. See README file for more information.
2026-07-15 13:14:09 | INFO    | backend.app.services.reasoning_service:__init__:452 - Initializing ReasoningService.
2026-07-15 13:14:09 | INFO    | backend.app.services.conversation_memory:__init__:15 - ConversationMemory service initialized.
2026-07-15 13:14:09 | INFO    | backend.app.services.ai_orchestrator:__init__:23 - Initializing AIOrchestrator with v3 extensibility slots.
2026-07-15 13:14:09 | INFO    | app.main:startup_event:61 - Initializing MyGPT services and attempting to restore checkpoints...
2026-07-15 13:14:10 | INFO    | backend.app.services.model_manager:load_latest_checkpoint:151 - Successfully restored BPETokenizer vocabulary.
2026-07-15 13:14:10 | INFO    | app.main:startup_event:68 - Pre-loading MyGPT model structure into memory...
2026-07-15 13:14:10 | INFO    | backend.app.services.model_manager:load_model:51 - Initializing new GPT instance in ModelManager...
2026-07-15 13:14:10 | INFO    | app.main:startup_event:71 - MyGPT model successfully pre-loaded on boot.
2026-07-15 13:14:10 | INFO    | backend.app.services.document_manager:delete_document:155 - Removed physical file: D:\MYGPT\data\uploads\828205f4-2192-465f-8347-a2e87741b6c0.pdf
2026-07-15 13:14:10 | INFO    | backend.app.services.document_manager:delete_document:162 - Removed document 828205f4-2192-465f-8347-a2e87741b6c0 from metadata database.
2026-07-15 13:14:10 | INFO    | backend.app.services.indexing_service:delete_document_index:61 - Deleting document index: 828205f4-2192-465f-8347-a2e87741b6c0
2026-07-15 13:14:10 | INFO    | backend.app.services.storage_service:delete_chunks:110 - Deleting chunks for document 828205f4-2192-465f-8347-a2e87741b6c0 from JSON store.
2026-07-15 13:14:10 | INFO    | backend.app.services.knowledge_service:delete_knowledge:401 - Deleting structured knowledge for document: 828205f4-2192-465f-8347-a2e87741b6c0
2026-07-15 13:14:47 | INFO    | backend.app.services.document_manager:delete_document:155 - Removed physical file: D:\MYGPT\data\uploads\76e62290-4b66-4c70-8214-a44b21054b6b.txt
2026-07-15 13:14:47 | INFO    | backend.app.services.document_manager:delete_document:162 - Removed document 76e62290-4b66-4c70-8214-a44b21054b6b from metadata database.
2026-07-15 13:14:48 | INFO    | backend.app.services.indexing_service:delete_document_index:61 - Deleting document index: 76e62290-4b66-4c70-8214-a44b21054b6b
2026-07-15 13:14:48 | INFO    | backend.app.services.storage_service:delete_chunks:110 - Deleting chunks for document 76e62290-4b66-4c70-8214-a44b21054b6b from JSON store.
2026-07-15 13:14:48 | INFO    | backend.app.services.knowledge_service:delete_knowledge:401 - Deleting structured knowledge for document: 76e62290-4b66-4c70-8214-a44b21054b6b
2026-07-15 13:16:17 | INFO    | backend.app.api.routers.document:upload_document:48 - API triggered upload for file Online Application Receipt (1).pdf with chunk_size=500
2026-07-15 13:16:17 | INFO    | backend.app.services.ai_orchestrator:process_new_document:40 - UPLOAD START
2026-07-15 13:16:18 | INFO    | backend.app.services.document_manager:upload_document:73 - Saving uploaded document: Online Application Receipt (1).pdf as 1fc3ef52-45f2-409d-b036-b8cc30bfb5b4.pdf
2026-07-15 13:16:18 | INFO    | backend.app.services.ai_orchestrator:process_new_document:46 - UPLOAD END
2026-07-15 13:16:19 | INFO    | backend.app.services.ai_orchestrator:process_new_document:50 - PARSING START
2026-07-15 13:16:19 | INFO    | backend.app.services.document_parser:parse:136 - PARSING START
2026-07-15 13:16:19 | INFO    | backend.app.services.document_parser:parse:137 - Parsing document: D:\MYGPT\data\uploads\1fc3ef52-45f2-409d-b036-b8cc30bfb5b4.pdf
2026-07-15 13:16:21 | INFO    | backend.app.services.document_parser:_parse_pdf:247 - OCR START
2026-07-15 13:16:21 | INFO    | backend.app.services.document_parser:_parse_pdf:248 - PDF appears to be scanned or selectable text is too short (0 words). Dispatching to OCR...
2026-07-15 13:16:21 | INFO    | backend.app.services.ocr_service:extract_text_from_scanned_pdf:118 - Running OCR on PDF: D:\MYGPT\data\uploads\1fc3ef52-45f2-409d-b036-b8cc30bfb5b4.pdf
2026-07-15 13:16:22 | INFO    | backend.app.services.document_parser:_parse_pdf:250 - OCR END
2026-07-15 13:16:22 | ERROR   | backend.app.services.document_parser:parse:203 - Validation failed: text too short (1 words) or invalid.
2026-07-15 13:16:22 | ERROR   | backend.app.services.ai_orchestrator:process_new_document:74 - Failed to parse document 1fc3ef52-45f2-409d-b036-b8cc30bfb5b4: Unable to extract readable text from the uploaded document.
2026-07-15 13:16:22 | INFO    | backend.app.services.ai_orchestrator:process_new_document:75 - Validation Passed: NO
2026-07-15 13:16:22 | ERROR   | backend.app.api.routers.document:upload_document:67 - Document upload API failed: Unable to extract readable text from the uploaded document.
Traceback (most recent call last):

  File "<string>", line 1, in <module>
  File "C:\Python314\Lib\multiprocessing\spawn.py", line 122, in spawn_main
    exitcode = _main(fd, parent_sentinel)
               │     │   └ 592
               │     └ 3
               └ <function _main at 0x000001DFD4E85F30>
  File "C:\Python314\Lib\multiprocessing\spawn.py", line 135, in _main
    return self._bootstrap(parent_sentinel)
           │    │          └ 592
           │    └ <function BaseProcess._bootstrap at 0x000001DFD495C0F0>
           └ <SpawnProcess name='SpawnProcess-3' parent=16756 started>
  File "C:\Python314\Lib\multiprocessing\process.py", line 320, in _bootstrap
    self.run()
    │    └ <function BaseProcess.run at 0x000001DFD495B3D0>
    └ <SpawnProcess name='SpawnProcess-3' parent=16756 started>
  File "C:\Python314\Lib\multiprocessing\process.py", line 108, in run
    self._target(*self._args, **self._kwargs)
    │    │        │    │        │    └ {'config': <uvicorn.config.Config object at 0x000001DFD5CB2660>, 'target': <bound method Server.run of <uvicorn.server.Server...
    │    │        │    │        └ <SpawnProcess name='SpawnProcess-3' parent=16756 started>
    │    │        │    └ ()
    │    │        └ <SpawnProcess name='SpawnProcess-3' parent=16756 started>
    │    └ <function subprocess_started at 0x000001DFD5D6F110>
    └ <SpawnProcess name='SpawnProcess-3' parent=16756 started>
  File "D:\MYGPT\backend\venv\Lib\site-packages\uvicorn\_subprocess.py", line 80, in subprocess_started
    target(sockets=sockets)
    │              └ [<socket.socket fd=664, family=2, type=1, proto=6, laddr=('127.0.0.1', 8000)>]
    └ <bound method Server.run of <uvicorn.server.Server object at 0x000001DFD5CB27B0>>
  File "D:\MYGPT\backend\venv\Lib\site-packages\uvicorn\server.py", line 74, in run
    return asyncio_run(self.serve(sockets=sockets), loop_factory=self.config.get_loop_factory())
           │           │    │             │                      │    │      └ <function Config.get_loop_factory at 0x000001DFD5BDCEB0>
           │           │    │             │                      │    └ <uvicorn.config.Config object at 0x000001DFD5CB2660>
           │           │    │             │                      └ <uvicorn.server.Server object at 0x000001DFD5CB27B0>
           │           │    │             └ [<socket.socket fd=664, family=2, type=1, proto=6, laddr=('127.0.0.1', 8000)>]
           │           │    └ <function Server.serve at 0x000001DFD5D6CEB0>
           │           └ <uvicorn.server.Server object at 0x000001DFD5CB27B0>
           └ <function run at 0x000001DFD59B28D0>
  File "C:\Python314\Lib\asyncio\runners.py", line 204, in run
    return runner.run(main)
           │      │   └ <coroutine object Server.serve at 0x000001DFD5DA89A0>
           │      └ <function Runner.run at 0x000001DFD59B2CF0>
           └ <asyncio.runners.Runner object at 0x000001DFD5CB3620>
  File "C:\Python314\Lib\asyncio\runners.py", line 127, in run
    return self._loop.run_until_complete(task)
           │    │     │                  └ <Task pending name='Task-1' coro=<Server.serve() running at D:\MYGPT\backend\venv\Lib\site-packages\uvicorn\server.py:78> wai...
           │    │     └ <function BaseEventLoop.run_until_complete at 0x000001DFD59B7060>
           │    └ <_WindowsSelectorEventLoop running=True closed=False debug=False>
           └ <asyncio.runners.Runner object at 0x000001DFD5CB3620>
  File "C:\Python314\Lib\asyncio\base_events.py", line 706, in run_until_complete
    self.run_forever()
    │    └ <function BaseEventLoop.run_forever at 0x000001DFD59B6FB0>
    └ <_WindowsSelectorEventLoop running=True closed=False debug=False>
  File "C:\Python314\Lib\asyncio\base_events.py", line 677, in run_forever
    self._run_once()
    │    └ <function BaseEventLoop._run_once at 0x000001DFD59B1170>
    └ <_WindowsSelectorEventLoop running=True closed=False debug=False>
  File "C:\Python314\Lib\asyncio\base_events.py", line 2046, in _run_once
    handle._run()
    │      └ <function Handle._run at 0x000001DFD58D4CA0>
    └ <Handle Task.task_wakeup()>
  File "C:\Python314\Lib\asyncio\events.py", line 94, in _run
    self._context.run(self._callback, *self._args)
    │    │            │    │           │    └ <member '_args' of 'Handle' objects>
    │    │            │    │           └ <Handle Task.task_wakeup()>
    │    │            │    └ <member '_callback' of 'Handle' objects>
    │    │            └ <Handle Task.task_wakeup()>
    │    └ <member '_context' of 'Handle' objects>
    └ <Handle Task.task_wakeup()>
  File "D:\MYGPT\backend\venv\Lib\site-packages\uvicorn\protocols\http\h11_impl.py", line 416, in run_asgi
    result = await app(  # type: ignore[func-returns-value]
                   └ <uvicorn.middleware.proxy_headers.ProxyHeadersMiddleware object at 0x000001DFE8D1A270>
  File "D:\MYGPT\backend\venv\Lib\site-packages\uvicorn\middleware\proxy_headers.py", line 63, in __call__
    return await self.app(scope, receive, send)
                 │    │   │      │        └ <bound method RequestResponseCycle.send of <uvicorn.protocols.http.h11_impl.RequestResponseCycle object at 0x000001DFE8DDD1D0>>
                 │    │   │      └ <bound method RequestResponseCycle.receive of <uvicorn.protocols.http.h11_impl.RequestResponseCycle object at 0x000001DFE8DDD...
                 │    │   └ {'type': 'http', 'asgi': {'version': '3.0', 'spec_version': '2.3'}, 'http_version': '1.1', 'server': ('127.0.0.1', 8000), 'cl...
                 │    └ <fastapi.applications.FastAPI object at 0x000001DFE8D19940>
                 └ <uvicorn.middleware.proxy_headers.ProxyHeadersMiddleware object at 0x000001DFE8D1A270>
  File "D:\MYGPT\backend\venv\Lib\site-packages\fastapi\applications.py", line 1163, in __call__
    await super().__call__(scope, receive, send)
                           │      │        └ <bound method RequestResponseCycle.send of <uvicorn.protocols.http.h11_impl.RequestResponseCycle object at 0x000001DFE8DDD1D0>>
                           │      └ <bound method RequestResponseCycle.receive of <uvicorn.protocols.http.h11_impl.RequestResponseCycle object at 0x000001DFE8DDD...
                           └ {'type': 'http', 'asgi': {'version': '3.0', 'spec_version': '2.3'}, 'http_version': '1.1', 'server': ('127.0.0.1', 8000), 'cl...
  File "D:\MYGPT\backend\venv\Lib\site-packages\starlette\applications.py", line 90, in __call__
    await self.middleware_stack(scope, receive, send)
          │    │                │      │        └ <bound method RequestResponseCycle.send of <uvicorn.protocols.http.h11_impl.RequestResponseCycle object at 0x000001DFE8DDD1D0>>
          │    │                │      └ <bound method RequestResponseCycle.receive of <uvicorn.protocols.http.h11_impl.RequestResponseCycle object at 0x000001DFE8DDD...
          │    │                └ {'type': 'http', 'asgi': {'version': '3.0', 'spec_version': '2.3'}, 'http_version': '1.1', 'server': ('127.0.0.1', 8000), 'cl...
          │    └ <starlette.middleware.errors.ServerErrorMiddleware object at 0x000001DFE8D1ACF0>
          └ <fastapi.applications.FastAPI object at 0x000001DFE8D19940>
  File "D:\MYGPT\backend\venv\Lib\site-packages\starlette\middleware\errors.py", line 164, in __call__
    await self.app(scope, receive, _send)
          │    │   │      │        └ <function ServerErrorMiddleware.__call__.<locals>._send at 0x000001DFE8DEC300>
          │    │   │      └ <bound method RequestResponseCycle.receive of <uvicorn.protocols.http.h11_impl.RequestResponseCycle object at 0x000001DFE8DDD...
          │    │   └ {'type': 'http', 'asgi': {'version': '3.0', 'spec_version': '2.3'}, 'http_version': '1.1', 'server': ('127.0.0.1', 8000), 'cl...
          │    └ <starlette.middleware.cors.CORSMiddleware object at 0x000001DFE8D1ABA0>
          └ <starlette.middleware.errors.ServerErrorMiddleware object at 0x000001DFE8D1ACF0>
  File "D:\MYGPT\backend\venv\Lib\site-packages\starlette\middleware\cors.py", line 96, in __call__
    await self.simple_response(scope, receive, send, request_headers=headers)
          │    │               │      │        │                     └ Headers({'host': '127.0.0.1:8000', 'connection': 'keep-alive', 'content-length': '2578422', 'sec-ch-ua-platform': '"Windows"'...
          │    │               │      │        └ <function ServerErrorMiddleware.__call__.<locals>._send at 0x000001DFE8DEC300>
          │    │               │      └ <bound method RequestResponseCycle.receive of <uvicorn.protocols.http.h11_impl.RequestResponseCycle object at 0x000001DFE8DDD...
          │    │               └ {'type': 'http', 'asgi': {'version': '3.0', 'spec_version': '2.3'}, 'http_version': '1.1', 'server': ('127.0.0.1', 8000), 'cl...
          │    └ <function CORSMiddleware.simple_response at 0x000001DFD68D6820>
          └ <starlette.middleware.cors.CORSMiddleware object at 0x000001DFE8D1ABA0>
  File "D:\MYGPT\backend\venv\Lib\site-packages\starlette\middleware\cors.py", line 154, in simple_response
    await self.app(scope, receive, send)
          │    │   │      │        └ functools.partial(<bound method CORSMiddleware.send of <starlette.middleware.cors.CORSMiddleware object at 0x000001DFE8D1ABA0...
          │    │   │      └ <bound method RequestResponseCycle.receive of <uvicorn.protocols.http.h11_impl.RequestResponseCycle object at 0x000001DFE8DDD...
          │    │   └ {'type': 'http', 'asgi': {'version': '3.0', 'spec_version': '2.3'}, 'http_version': '1.1', 'server': ('127.0.0.1', 8000), 'cl...
          │    └ <starlette.middleware.exceptions.ExceptionMiddleware object at 0x000001DFE8D1AA50>
          └ <starlette.middleware.cors.CORSMiddleware object at 0x000001DFE8D1ABA0>
  File "D:\MYGPT\backend\venv\Lib\site-packages\starlette\middleware\exceptions.py", line 63, in __call__
    await wrap_app_handling_exceptions(self.app, conn)(scope, receive, send)
          │                            │    │    │     │      │        └ functools.partial(<bound method CORSMiddleware.send of <starlette.middleware.cors.CORSMiddleware object at 0x000001DFE8D1ABA0...
          │                            │    │    │     │      └ <bound method RequestResponseCycle.receive of <uvicorn.protocols.http.h11_impl.RequestResponseCycle object at 0x000001DFE8DDD...
          │                            │    │    │     └ {'type': 'http', 'asgi': {'version': '3.0', 'spec_version': '2.3'}, 'http_version': '1.1', 'server': ('127.0.0.1', 8000), 'cl...
          │                            │    │    └ <starlette.requests.Request object at 0x000001DFE8DECEC0>
          │                            │    └ <fastapi.middleware.asyncexitstack.AsyncExitStackMiddleware object at 0x000001DFE8D1A900>
          │                            └ <starlette.middleware.exceptions.ExceptionMiddleware object at 0x000001DFE8D1AA50>
          └ <function wrap_app_handling_exceptions at 0x000001DFD67EA770>
  File "D:\MYGPT\backend\venv\Lib\site-packages\starlette\_exception_handler.py", line 42, in wrapped_app
    await app(scope, receive, sender)
          │   │      │        └ <function wrap_app_handling_exceptions.<locals>.wrapped_app.<locals>.sender at 0x000001DFE8DEFC10>
          │   │      └ <bound method RequestResponseCycle.receive of <uvicorn.protocols.http.h11_impl.RequestResponseCycle object at 0x000001DFE8DDD...
          │   └ {'type': 'http', 'asgi': {'version': '3.0', 'spec_version': '2.3'}, 'http_version': '1.1', 'server': ('127.0.0.1', 8000), 'cl...
          └ <fastapi.middleware.asyncexitstack.AsyncExitStackMiddleware object at 0x000001DFE8D1A900>
  File "D:\MYGPT\backend\venv\Lib\site-packages\fastapi\middleware\asyncexitstack.py", line 18, in __call__
    await self.app(scope, receive, send)
          │    │   │      │        └ <function wrap_app_handling_exceptions.<locals>.wrapped_app.<locals>.sender at 0x000001DFE8DEFC10>
          │    │   │      └ <bound method RequestResponseCycle.receive of <uvicorn.protocols.http.h11_impl.RequestResponseCycle object at 0x000001DFE8DDD...
          │    │   └ {'type': 'http', 'asgi': {'version': '3.0', 'spec_version': '2.3'}, 'http_version': '1.1', 'server': ('127.0.0.1', 8000), 'cl...
          │    └ <fastapi.routing.APIRouter object at 0x000001DFE666D370>
          └ <fastapi.middleware.asyncexitstack.AsyncExitStackMiddleware object at 0x000001DFE8D1A900>
  File "D:\MYGPT\backend\venv\Lib\site-packages\starlette\routing.py", line 660, in __call__
    await self.middleware_stack(scope, receive, send)
          │    │                │      │        └ <function wrap_app_handling_exceptions.<locals>.wrapped_app.<locals>.sender at 0x000001DFE8DEFC10>
          │    │                │      └ <bound method RequestResponseCycle.receive of <uvicorn.protocols.http.h11_impl.RequestResponseCycle object at 0x000001DFE8DDD...
          │    │                └ {'type': 'http', 'asgi': {'version': '3.0', 'spec_version': '2.3'}, 'http_version': '1.1', 'server': ('127.0.0.1', 8000), 'cl...
          │    └ <bound method APIRouter.app of <fastapi.routing.APIRouter object at 0x000001DFE666D370>>
          └ <fastapi.routing.APIRouter object at 0x000001DFE666D370>
  File "D:\MYGPT\backend\venv\Lib\site-packages\fastapi\routing.py", line 2683, in app
    await route.handle(scope, receive, send)
          │     │      │      │        └ <function wrap_app_handling_exceptions.<locals>.wrapped_app.<locals>.sender at 0x000001DFE8DEFC10>
          │     │      │      └ <bound method RequestResponseCycle.receive of <uvicorn.protocols.http.h11_impl.RequestResponseCycle object at 0x000001DFE8DDD...
          │     │      └ {'type': 'http', 'asgi': {'version': '3.0', 'spec_version': '2.3'}, 'http_version': '1.1', 'server': ('127.0.0.1', 8000), 'cl...
          │     └ <function _IncludedRouter.handle at 0x000001DFD6823950>
          └ _IncludedRouter(original_router=<fastapi.routing.APIRouter object at 0x000001DFE8C8EF10>, include_context=_RouterIncludeConte...
  File "D:\MYGPT\backend\venv\Lib\site-packages\fastapi\routing.py", line 1753, in handle
    await self.original_router.handle(scope, receive, send)
          │    │               │      │      │        └ <function wrap_app_handling_exceptions.<locals>.wrapped_app.<locals>.sender at 0x000001DFE8DEFC10>
          │    │               │      │      └ <bound method RequestResponseCycle.receive of <uvicorn.protocols.http.h11_impl.RequestResponseCycle object at 0x000001DFE8DDD...
          │    │               │      └ {'type': 'http', 'asgi': {'version': '3.0', 'spec_version': '2.3'}, 'http_version': '1.1', 'server': ('127.0.0.1', 8000), 'cl...
          │    │               └ <function APIRouter.handle at 0x000001DFD683BB60>
          │    └ <fastapi.routing.APIRouter object at 0x000001DFE8C8EF10>
          └ _IncludedRouter(original_router=<fastapi.routing.APIRouter object at 0x000001DFE8C8EF10>, include_context=_RouterIncludeConte...
  File "D:\MYGPT\backend\venv\Lib\site-packages\fastapi\routing.py", line 2738, in handle
    await included_router._handle_selected(scope, receive, send)
          │               │                │      │        └ <function wrap_app_handling_exceptions.<locals>.wrapped_app.<locals>.sender at 0x000001DFE8DEFC10>
          │               │                │      └ <bound method RequestResponseCycle.receive of <uvicorn.protocols.http.h11_impl.RequestResponseCycle object at 0x000001DFE8DDD...
          │               │                └ {'type': 'http', 'asgi': {'version': '3.0', 'spec_version': '2.3'}, 'http_version': '1.1', 'server': ('127.0.0.1', 8000), 'cl...
          │               └ <function _IncludedRouter._handle_selected at 0x000001DFD6823AB0>
          └ _IncludedRouter(original_router=<fastapi.routing.APIRouter object at 0x000001DFE8C8EF10>, include_context=_RouterIncludeConte...
  File "D:\MYGPT\backend\venv\Lib\site-packages\fastapi\routing.py", line 1773, in _handle_selected
    await original_route.handle(scope, receive, send)
          │              │      │      │        └ <function wrap_app_handling_exceptions.<locals>.wrapped_app.<locals>.sender at 0x000001DFE8DEFC10>
          │              │      │      └ <bound method RequestResponseCycle.receive of <uvicorn.protocols.http.h11_impl.RequestResponseCycle object at 0x000001DFE8DDD...
          │              │      └ {'type': 'http', 'asgi': {'version': '3.0', 'spec_version': '2.3'}, 'http_version': '1.1', 'server': ('127.0.0.1', 8000), 'cl...
          │              └ <function APIRoute.handle at 0x000001DFD68207D0>
          └ APIRoute(path='/documents/upload', name='upload_document', methods=['POST'])
  File "D:\MYGPT\backend\venv\Lib\site-packages\fastapi\routing.py", line 1264, in handle
    await app(scope, receive, send)
          │   │      │        └ <function wrap_app_handling_exceptions.<locals>.wrapped_app.<locals>.sender at 0x000001DFE8DEFC10>
          │   │      └ <bound method RequestResponseCycle.receive of <uvicorn.protocols.http.h11_impl.RequestResponseCycle object at 0x000001DFE8DDD...
          │   └ {'type': 'http', 'asgi': {'version': '3.0', 'spec_version': '2.3'}, 'http_version': '1.1', 'server': ('127.0.0.1', 8000), 'cl...
          └ <function request_response.<locals>.app at 0x000001DFE8DEC930>
  File "D:\MYGPT\backend\venv\Lib\site-packages\fastapi\routing.py", line 150, in app
    await wrap_app_handling_exceptions(app, request)(scope, receive, send)
          │                            │    │        │      │        └ <function wrap_app_handling_exceptions.<locals>.wrapped_app.<locals>.sender at 0x000001DFE8DEFC10>
          │                            │    │        │      └ <bound method RequestResponseCycle.receive of <uvicorn.protocols.http.h11_impl.RequestResponseCycle object at 0x000001DFE8DDD...
          │                            │    │        └ {'type': 'http', 'asgi': {'version': '3.0', 'spec_version': '2.3'}, 'http_version': '1.1', 'server': ('127.0.0.1', 8000), 'cl...
          │                            │    └ <starlette.requests.Request object at 0x000001DFE8DEDF40>
          │                            └ <function request_response.<locals>.app.<locals>.app at 0x000001DFE8DED170>
          └ <function wrap_app_handling_exceptions at 0x000001DFD67EA770>
  File "D:\MYGPT\backend\venv\Lib\site-packages\starlette\_exception_handler.py", line 42, in wrapped_app
    await app(scope, receive, sender)
          │   │      │        └ <function wrap_app_handling_exceptions.<locals>.wrapped_app.<locals>.sender at 0x000001DFE8DEE350>
          │   │      └ <bound method RequestResponseCycle.receive of <uvicorn.protocols.http.h11_impl.RequestResponseCycle object at 0x000001DFE8DDD...
          │   └ {'type': 'http', 'asgi': {'version': '3.0', 'spec_version': '2.3'}, 'http_version': '1.1', 'server': ('127.0.0.1', 8000), 'cl...
          └ <function request_response.<locals>.app.<locals>.app at 0x000001DFE8DED170>
  File "D:\MYGPT\backend\venv\Lib\site-packages\fastapi\routing.py", line 136, in app
    response = await f(request)
                     │ └ <starlette.requests.Request object at 0x000001DFE8DEDF40>
                     └ <function get_request_handler.<locals>.app at 0x000001DFE8DEDB10>
  File "D:\MYGPT\backend\venv\Lib\site-packages\fastapi\routing.py", line 690, in app
    raw_response = await run_endpoint_function(
                         └ <function run_endpoint_function at 0x000001DFD6816C40>
  File "D:\MYGPT\backend\venv\Lib\site-packages\fastapi\routing.py", line 344, in run_endpoint_function
    return await dependant.call(**values)
                 │         │      └ {'file': UploadFile(filename='Online Application Receipt (1).pdf', size=2578109, headers=Headers({'content-disposition': 'for...
                 │         └ <function upload_document at 0x000001DFE8D87950>
                 └ Dependant(path_params=[], query_params=[], header_params=[], cookie_params=[], body_params=[ModelField(field_info=File(Pydant...

> File "D:\MYGPT\backend\app\api\routers\document.py", line 51, in upload_document
    doc_meta, parsed_doc = ai_orchestrator.process_new_document(
                           │               └ <function AIOrchestrator.process_new_document at 0x000001DFE8D87320>
                           └ <backend.app.services.ai_orchestrator.AIOrchestrator object at 0x000001DFE8D197F0>

  File "D:\MYGPT\backend\app\services\ai_orchestrator.py", line 77, in process_new_document
    raise e

  File "D:\MYGPT\backend\app\services\ai_orchestrator.py", line 52, in process_new_document
    parsed_doc = document_parser.parse(doc_meta["file_path"])
                 │               │     └ {'id': '1fc3ef52-45f2-409d-b036-b8cc30bfb5b4', 'filename': 'Online Application Receipt (1).pdf', 'file_path': 'D:\\MYGPT\\dat...
                 │               └ <function DocumentParser.parse at 0x000001DFE8D76FB0>
                 └ <backend.app.services.document_parser.DocumentParser object at 0x000001DFE8D18AD0>

  File "D:\MYGPT\backend\app\services\document_parser.py", line 204, in parse
    raise ValueError("Unable to extract readable text from the uploaded document.")

ValueError: Unable to extract readable text from the uploaded document.
2026-07-15 13:16:48 | INFO    | backend.app.api.routers.document:upload_document:48 - API triggered upload for file Online Application Receipt.pdf with chunk_size=500
2026-07-15 13:16:48 | INFO    | backend.app.services.ai_orchestrator:process_new_document:40 - UPLOAD START
2026-07-15 13:16:48 | INFO    | backend.app.services.document_manager:upload_document:73 - Saving uploaded document: Online Application Receipt.pdf as b5ef9fe1-b0cb-4829-a69b-c39f2d99a2c5.pdf
2026-07-15 13:16:49 | INFO    | backend.app.services.ai_orchestrator:process_new_document:46 - UPLOAD END
2026-07-15 13:16:49 | INFO    | backend.app.services.ai_orchestrator:process_new_document:50 - PARSING START
2026-07-15 13:16:49 | INFO    | backend.app.services.document_parser:parse:136 - PARSING START
2026-07-15 13:16:49 | INFO    | backend.app.services.document_parser:parse:137 - Parsing document: D:\MYGPT\data\uploads\b5ef9fe1-b0cb-4829-a69b-c39f2d99a2c5.pdf
2026-07-15 13:16:51 | INFO    | backend.app.services.document_parser:_parse_pdf:247 - OCR START
2026-07-15 13:16:51 | INFO    | backend.app.services.document_parser:_parse_pdf:248 - PDF appears to be scanned or selectable text is too short (0 words). Dispatching to OCR...
2026-07-15 13:16:51 | INFO    | backend.app.services.ocr_service:extract_text_from_scanned_pdf:118 - Running OCR on PDF: D:\MYGPT\data\uploads\b5ef9fe1-b0cb-4829-a69b-c39f2d99a2c5.pdf
2026-07-15 13:16:51 | INFO    | backend.app.services.document_parser:_parse_pdf:250 - OCR END
2026-07-15 13:16:52 | ERROR   | backend.app.services.document_parser:parse:203 - Validation failed: text too short (1 words) or invalid.
2026-07-15 13:16:52 | ERROR   | backend.app.services.ai_orchestrator:process_new_document:74 - Failed to parse document b5ef9fe1-b0cb-4829-a69b-c39f2d99a2c5: Unable to extract readable text from the uploaded document.
2026-07-15 13:16:52 | INFO    | backend.app.services.ai_orchestrator:process_new_document:75 - Validation Passed: NO
2026-07-15 13:16:52 | ERROR   | backend.app.api.routers.document:upload_document:67 - Document upload API failed: Unable to extract readable text from the uploaded document.
Traceback (most recent call last):

  File "<string>", line 1, in <module>
  File "C:\Python314\Lib\multiprocessing\spawn.py", line 122, in spawn_main
    exitcode = _main(fd, parent_sentinel)
               │     │   └ 592
               │     └ 3
               └ <function _main at 0x000001DFD4E85F30>
  File "C:\Python314\Lib\multiprocessing\spawn.py", line 135, in _main
    return self._bootstrap(parent_sentinel)
           │    │          └ 592
           │    └ <function BaseProcess._bootstrap at 0x000001DFD495C0F0>
           └ <SpawnProcess name='SpawnProcess-3' parent=16756 started>
  File "C:\Python314\Lib\multiprocessing\process.py", line 320, in _bootstrap
    self.run()
    │    └ <function BaseProcess.run at 0x000001DFD495B3D0>
    └ <SpawnProcess name='SpawnProcess-3' parent=16756 started>
  File "C:\Python314\Lib\multiprocessing\process.py", line 108, in run
    self._target(*self._args, **self._kwargs)
    │    │        │    │        │    └ {'config': <uvicorn.config.Config object at 0x000001DFD5CB2660>, 'target': <bound method Server.run of <uvicorn.server.Server...
    │    │        │    │        └ <SpawnProcess name='SpawnProcess-3' parent=16756 started>
    │    │        │    └ ()
    │    │        └ <SpawnProcess name='SpawnProcess-3' parent=16756 started>
    │    └ <function subprocess_started at 0x000001DFD5D6F110>
    └ <SpawnProcess name='SpawnProcess-3' parent=16756 started>
  File "D:\MYGPT\backend\venv\Lib\site-packages\uvicorn\_subprocess.py", line 80, in subprocess_started
    target(sockets=sockets)
    │              └ [<socket.socket fd=664, family=2, type=1, proto=6, laddr=('127.0.0.1', 8000)>]
    └ <bound method Server.run of <uvicorn.server.Server object at 0x000001DFD5CB27B0>>
  File "D:\MYGPT\backend\venv\Lib\site-packages\uvicorn\server.py", line 74, in run
    return asyncio_run(self.serve(sockets=sockets), loop_factory=self.config.get_loop_factory())
           │           │    │             │                      │    │      └ <function Config.get_loop_factory at 0x000001DFD5BDCEB0>
           │           │    │             │                      │    └ <uvicorn.config.Config object at 0x000001DFD5CB2660>
           │           │    │             │                      └ <uvicorn.server.Server object at 0x000001DFD5CB27B0>
           │           │    │             └ [<socket.socket fd=664, family=2, type=1, proto=6, laddr=('127.0.0.1', 8000)>]
           │           │    └ <function Server.serve at 0x000001DFD5D6CEB0>
           │           └ <uvicorn.server.Server object at 0x000001DFD5CB27B0>
           └ <function run at 0x000001DFD59B28D0>
  File "C:\Python314\Lib\asyncio\runners.py", line 204, in run
    return runner.run(main)
           │      │   └ <coroutine object Server.serve at 0x000001DFD5DA89A0>
           │      └ <function Runner.run at 0x000001DFD59B2CF0>
           └ <asyncio.runners.Runner object at 0x000001DFD5CB3620>
  File "C:\Python314\Lib\asyncio\runners.py", line 127, in run
    return self._loop.run_until_complete(task)
           │    │     │                  └ <Task pending name='Task-1' coro=<Server.serve() running at D:\MYGPT\backend\venv\Lib\site-packages\uvicorn\server.py:78> wai...
           │    │     └ <function BaseEventLoop.run_until_complete at 0x000001DFD59B7060>
           │    └ <_WindowsSelectorEventLoop running=True closed=False debug=False>
           └ <asyncio.runners.Runner object at 0x000001DFD5CB3620>
  File "C:\Python314\Lib\asyncio\base_events.py", line 706, in run_until_complete
    self.run_forever()
    │    └ <function BaseEventLoop.run_forever at 0x000001DFD59B6FB0>
    └ <_WindowsSelectorEventLoop running=True closed=False debug=False>
  File "C:\Python314\Lib\asyncio\base_events.py", line 677, in run_forever
    self._run_once()
    │    └ <function BaseEventLoop._run_once at 0x000001DFD59B1170>
    └ <_WindowsSelectorEventLoop running=True closed=False debug=False>
  File "C:\Python314\Lib\asyncio\base_events.py", line 2046, in _run_once
    handle._run()
    │      └ <function Handle._run at 0x000001DFD58D4CA0>
    └ <Handle Task.task_wakeup()>
  File "C:\Python314\Lib\asyncio\events.py", line 94, in _run
    self._context.run(self._callback, *self._args)
    │    │            │    │           │    └ <member '_args' of 'Handle' objects>
    │    │            │    │           └ <Handle Task.task_wakeup()>
    │    │            │    └ <member '_callback' of 'Handle' objects>
    │    │            └ <Handle Task.task_wakeup()>
    │    └ <member '_context' of 'Handle' objects>
    └ <Handle Task.task_wakeup()>
  File "D:\MYGPT\backend\venv\Lib\site-packages\uvicorn\protocols\http\h11_impl.py", line 416, in run_asgi
    result = await app(  # type: ignore[func-returns-value]
                   └ <uvicorn.middleware.proxy_headers.ProxyHeadersMiddleware object at 0x000001DFE8D1A270>
  File "D:\MYGPT\backend\venv\Lib\site-packages\uvicorn\middleware\proxy_headers.py", line 63, in __call__
    return await self.app(scope, receive, send)
                 │    │   │      │        └ <bound method RequestResponseCycle.send of <uvicorn.protocols.http.h11_impl.RequestResponseCycle object at 0x000001DFE8DDD1D0>>
                 │    │   │      └ <bound method RequestResponseCycle.receive of <uvicorn.protocols.http.h11_impl.RequestResponseCycle object at 0x000001DFE8DDD...
                 │    │   └ {'type': 'http', 'asgi': {'version': '3.0', 'spec_version': '2.3'}, 'http_version': '1.1', 'server': ('127.0.0.1', 8000), 'cl...
                 │    └ <fastapi.applications.FastAPI object at 0x000001DFE8D19940>
                 └ <uvicorn.middleware.proxy_headers.ProxyHeadersMiddleware object at 0x000001DFE8D1A270>
  File "D:\MYGPT\backend\venv\Lib\site-packages\fastapi\applications.py", line 1163, in __call__
    await super().__call__(scope, receive, send)
                           │      │        └ <bound method RequestResponseCycle.send of <uvicorn.protocols.http.h11_impl.RequestResponseCycle object at 0x000001DFE8DDD1D0>>
                           │      └ <bound method RequestResponseCycle.receive of <uvicorn.protocols.http.h11_impl.RequestResponseCycle object at 0x000001DFE8DDD...
                           └ {'type': 'http', 'asgi': {'version': '3.0', 'spec_version': '2.3'}, 'http_version': '1.1', 'server': ('127.0.0.1', 8000), 'cl...
  File "D:\MYGPT\backend\venv\Lib\site-packages\starlette\applications.py", line 90, in __call__
    await self.middleware_stack(scope, receive, send)
          │    │                │      │        └ <bound method RequestResponseCycle.send of <uvicorn.protocols.http.h11_impl.RequestResponseCycle object at 0x000001DFE8DDD1D0>>
          │    │                │      └ <bound method RequestResponseCycle.receive of <uvicorn.protocols.http.h11_impl.RequestResponseCycle object at 0x000001DFE8DDD...
          │    │                └ {'type': 'http', 'asgi': {'version': '3.0', 'spec_version': '2.3'}, 'http_version': '1.1', 'server': ('127.0.0.1', 8000), 'cl...
          │    └ <starlette.middleware.errors.ServerErrorMiddleware object at 0x000001DFE8D1ACF0>
          └ <fastapi.applications.FastAPI object at 0x000001DFE8D19940>
  File "D:\MYGPT\backend\venv\Lib\site-packages\starlette\middleware\errors.py", line 164, in __call__
    await self.app(scope, receive, _send)
          │    │   │      │        └ <function ServerErrorMiddleware.__call__.<locals>._send at 0x000001DFE8EFF8A0>
          │    │   │      └ <bound method RequestResponseCycle.receive of <uvicorn.protocols.http.h11_impl.RequestResponseCycle object at 0x000001DFE8DDD...
          │    │   └ {'type': 'http', 'asgi': {'version': '3.0', 'spec_version': '2.3'}, 'http_version': '1.1', 'server': ('127.0.0.1', 8000), 'cl...
          │    └ <starlette.middleware.cors.CORSMiddleware object at 0x000001DFE8D1ABA0>
          └ <starlette.middleware.errors.ServerErrorMiddleware object at 0x000001DFE8D1ACF0>
  File "D:\MYGPT\backend\venv\Lib\site-packages\starlette\middleware\cors.py", line 96, in __call__
    await self.simple_response(scope, receive, send, request_headers=headers)
          │    │               │      │        │                     └ Headers({'host': '127.0.0.1:8000', 'connection': 'keep-alive', 'content-length': '2576736', 'sec-ch-ua-platform': '"Windows"'...
          │    │               │      │        └ <function ServerErrorMiddleware.__call__.<locals>._send at 0x000001DFE8EFF8A0>
          │    │               │      └ <bound method RequestResponseCycle.receive of <uvicorn.protocols.http.h11_impl.RequestResponseCycle object at 0x000001DFE8DDD...
          │    │               └ {'type': 'http', 'asgi': {'version': '3.0', 'spec_version': '2.3'}, 'http_version': '1.1', 'server': ('127.0.0.1', 8000), 'cl...
          │    └ <function CORSMiddleware.simple_response at 0x000001DFD68D6820>
          └ <starlette.middleware.cors.CORSMiddleware object at 0x000001DFE8D1ABA0>
  File "D:\MYGPT\backend\venv\Lib\site-packages\starlette\middleware\cors.py", line 154, in simple_response
    await self.app(scope, receive, send)
          │    │   │      │        └ functools.partial(<bound method CORSMiddleware.send of <starlette.middleware.cors.CORSMiddleware object at 0x000001DFE8D1ABA0...
          │    │   │      └ <bound method RequestResponseCycle.receive of <uvicorn.protocols.http.h11_impl.RequestResponseCycle object at 0x000001DFE8DDD...
          │    │   └ {'type': 'http', 'asgi': {'version': '3.0', 'spec_version': '2.3'}, 'http_version': '1.1', 'server': ('127.0.0.1', 8000), 'cl...
          │    └ <starlette.middleware.exceptions.ExceptionMiddleware object at 0x000001DFE8D1AA50>
          └ <starlette.middleware.cors.CORSMiddleware object at 0x000001DFE8D1ABA0>
  File "D:\MYGPT\backend\venv\Lib\site-packages\starlette\middleware\exceptions.py", line 63, in __call__
    await wrap_app_handling_exceptions(self.app, conn)(scope, receive, send)
          │                            │    │    │     │      │        └ functools.partial(<bound method CORSMiddleware.send of <starlette.middleware.cors.CORSMiddleware object at 0x000001DFE8D1ABA0...
          │                            │    │    │     │      └ <bound method RequestResponseCycle.receive of <uvicorn.protocols.http.h11_impl.RequestResponseCycle object at 0x000001DFE8DDD...
          │                            │    │    │     └ {'type': 'http', 'asgi': {'version': '3.0', 'spec_version': '2.3'}, 'http_version': '1.1', 'server': ('127.0.0.1', 8000), 'cl...
          │                            │    │    └ <starlette.requests.Request object at 0x000001DFE8EFF800>
          │                            │    └ <fastapi.middleware.asyncexitstack.AsyncExitStackMiddleware object at 0x000001DFE8D1A900>
          │                            └ <starlette.middleware.exceptions.ExceptionMiddleware object at 0x000001DFE8D1AA50>
          └ <function wrap_app_handling_exceptions at 0x000001DFD67EA770>
  File "D:\MYGPT\backend\venv\Lib\site-packages\starlette\_exception_handler.py", line 42, in wrapped_app
    await app(scope, receive, sender)
          │   │      │        └ <function wrap_app_handling_exceptions.<locals>.wrapped_app.<locals>.sender at 0x000001DFE8DED2D0>
          │   │      └ <bound method RequestResponseCycle.receive of <uvicorn.protocols.http.h11_impl.RequestResponseCycle object at 0x000001DFE8DDD...
          │   └ {'type': 'http', 'asgi': {'version': '3.0', 'spec_version': '2.3'}, 'http_version': '1.1', 'server': ('127.0.0.1', 8000), 'cl...
          └ <fastapi.middleware.asyncexitstack.AsyncExitStackMiddleware object at 0x000001DFE8D1A900>
  File "D:\MYGPT\backend\venv\Lib\site-packages\fastapi\middleware\asyncexitstack.py", line 18, in __call__
    await self.app(scope, receive, send)
          │    │   │      │        └ <function wrap_app_handling_exceptions.<locals>.wrapped_app.<locals>.sender at 0x000001DFE8DED2D0>
          │    │   │      └ <bound method RequestResponseCycle.receive of <uvicorn.protocols.http.h11_impl.RequestResponseCycle object at 0x000001DFE8DDD...
          │    │   └ {'type': 'http', 'asgi': {'version': '3.0', 'spec_version': '2.3'}, 'http_version': '1.1', 'server': ('127.0.0.1', 8000), 'cl...
          │    └ <fastapi.routing.APIRouter object at 0x000001DFE666D370>
          └ <fastapi.middleware.asyncexitstack.AsyncExitStackMiddleware object at 0x000001DFE8D1A900>
  File "D:\MYGPT\backend\venv\Lib\site-packages\starlette\routing.py", line 660, in __call__
    await self.middleware_stack(scope, receive, send)
          │    │                │      │        └ <function wrap_app_handling_exceptions.<locals>.wrapped_app.<locals>.sender at 0x000001DFE8DED2D0>
          │    │                │      └ <bound method RequestResponseCycle.receive of <uvicorn.protocols.http.h11_impl.RequestResponseCycle object at 0x000001DFE8DDD...
          │    │                └ {'type': 'http', 'asgi': {'version': '3.0', 'spec_version': '2.3'}, 'http_version': '1.1', 'server': ('127.0.0.1', 8000), 'cl...
          │    └ <bound method APIRouter.app of <fastapi.routing.APIRouter object at 0x000001DFE666D370>>
          └ <fastapi.routing.APIRouter object at 0x000001DFE666D370>
  File "D:\MYGPT\backend\venv\Lib\site-packages\fastapi\routing.py", line 2683, in app
    await route.handle(scope, receive, send)
          │     │      │      │        └ <function wrap_app_handling_exceptions.<locals>.wrapped_app.<locals>.sender at 0x000001DFE8DED2D0>
          │     │      │      └ <bound method RequestResponseCycle.receive of <uvicorn.protocols.http.h11_impl.RequestResponseCycle object at 0x000001DFE8DDD...
          │     │      └ {'type': 'http', 'asgi': {'version': '3.0', 'spec_version': '2.3'}, 'http_version': '1.1', 'server': ('127.0.0.1', 8000), 'cl...
          │     └ <function _IncludedRouter.handle at 0x000001DFD6823950>
          └ _IncludedRouter(original_router=<fastapi.routing.APIRouter object at 0x000001DFE8C8EF10>, include_context=_RouterIncludeConte...
  File "D:\MYGPT\backend\venv\Lib\site-packages\fastapi\routing.py", line 1753, in handle
    await self.original_router.handle(scope, receive, send)
          │    │               │      │      │        └ <function wrap_app_handling_exceptions.<locals>.wrapped_app.<locals>.sender at 0x000001DFE8DED2D0>
          │    │               │      │      └ <bound method RequestResponseCycle.receive of <uvicorn.protocols.http.h11_impl.RequestResponseCycle object at 0x000001DFE8DDD...
          │    │               │      └ {'type': 'http', 'asgi': {'version': '3.0', 'spec_version': '2.3'}, 'http_version': '1.1', 'server': ('127.0.0.1', 8000), 'cl...
          │    │               └ <function APIRouter.handle at 0x000001DFD683BB60>
          │    └ <fastapi.routing.APIRouter object at 0x000001DFE8C8EF10>
          └ _IncludedRouter(original_router=<fastapi.routing.APIRouter object at 0x000001DFE8C8EF10>, include_context=_RouterIncludeConte...
  File "D:\MYGPT\backend\venv\Lib\site-packages\fastapi\routing.py", line 2738, in handle
    await included_router._handle_selected(scope, receive, send)
          │               │                │      │        └ <function wrap_app_handling_exceptions.<locals>.wrapped_app.<locals>.sender at 0x000001DFE8DED2D0>
          │               │                │      └ <bound method RequestResponseCycle.receive of <uvicorn.protocols.http.h11_impl.RequestResponseCycle object at 0x000001DFE8DDD...
          │               │                └ {'type': 'http', 'asgi': {'version': '3.0', 'spec_version': '2.3'}, 'http_version': '1.1', 'server': ('127.0.0.1', 8000), 'cl...
          │               └ <function _IncludedRouter._handle_selected at 0x000001DFD6823AB0>
          └ _IncludedRouter(original_router=<fastapi.routing.APIRouter object at 0x000001DFE8C8EF10>, include_context=_RouterIncludeConte...
  File "D:\MYGPT\backend\venv\Lib\site-packages\fastapi\routing.py", line 1773, in _handle_selected
    await original_route.handle(scope, receive, send)
          │              │      │      │        └ <function wrap_app_handling_exceptions.<locals>.wrapped_app.<locals>.sender at 0x000001DFE8DED2D0>
          │              │      │      └ <bound method RequestResponseCycle.receive of <uvicorn.protocols.http.h11_impl.RequestResponseCycle object at 0x000001DFE8DDD...
          │              │      └ {'type': 'http', 'asgi': {'version': '3.0', 'spec_version': '2.3'}, 'http_version': '1.1', 'server': ('127.0.0.1', 8000), 'cl...
          │              └ <function APIRoute.handle at 0x000001DFD68207D0>
          └ APIRoute(path='/documents/upload', name='upload_document', methods=['POST'])
  File "D:\MYGPT\backend\venv\Lib\site-packages\fastapi\routing.py", line 1264, in handle
    await app(scope, receive, send)
          │   │      │        └ <function wrap_app_handling_exceptions.<locals>.wrapped_app.<locals>.sender at 0x000001DFE8DED2D0>
          │   │      └ <bound method RequestResponseCycle.receive of <uvicorn.protocols.http.h11_impl.RequestResponseCycle object at 0x000001DFE8DDD...
          │   └ {'type': 'http', 'asgi': {'version': '3.0', 'spec_version': '2.3'}, 'http_version': '1.1', 'server': ('127.0.0.1', 8000), 'cl...
          └ <function request_response.<locals>.app at 0x000001DFE8DEC1A0>
  File "D:\MYGPT\backend\venv\Lib\site-packages\fastapi\routing.py", line 150, in app
    await wrap_app_handling_exceptions(app, request)(scope, receive, send)
          │                            │    │        │      │        └ <function wrap_app_handling_exceptions.<locals>.wrapped_app.<locals>.sender at 0x000001DFE8DED2D0>
          │                            │    │        │      └ <bound method RequestResponseCycle.receive of <uvicorn.protocols.http.h11_impl.RequestResponseCycle object at 0x000001DFE8DDD...
          │                            │    │        └ {'type': 'http', 'asgi': {'version': '3.0', 'spec_version': '2.3'}, 'http_version': '1.1', 'server': ('127.0.0.1', 8000), 'cl...
          │                            │    └ <starlette.requests.Request object at 0x000001DFE8DEC940>
          │                            └ <function request_response.<locals>.app.<locals>.app at 0x000001DFE8DEFC10>
          └ <function wrap_app_handling_exceptions at 0x000001DFD67EA770>
  File "D:\MYGPT\backend\venv\Lib\site-packages\starlette\_exception_handler.py", line 42, in wrapped_app
    await app(scope, receive, sender)
          │   │      │        └ <function wrap_app_handling_exceptions.<locals>.wrapped_app.<locals>.sender at 0x000001DFE8DEDA60>
          │   │      └ <bound method RequestResponseCycle.receive of <uvicorn.protocols.http.h11_impl.RequestResponseCycle object at 0x000001DFE8DDD...
          │   └ {'type': 'http', 'asgi': {'version': '3.0', 'spec_version': '2.3'}, 'http_version': '1.1', 'server': ('127.0.0.1', 8000), 'cl...
          └ <function request_response.<locals>.app.<locals>.app at 0x000001DFE8DEFC10>
  File "D:\MYGPT\backend\venv\Lib\site-packages\fastapi\routing.py", line 136, in app
    response = await f(request)
                     │ └ <starlette.requests.Request object at 0x000001DFE8DEC940>
                     └ <function get_request_handler.<locals>.app at 0x000001DFE8DED0C0>
  File "D:\MYGPT\backend\venv\Lib\site-packages\fastapi\routing.py", line 690, in app
    raw_response = await run_endpoint_function(
                         └ <function run_endpoint_function at 0x000001DFD6816C40>
  File "D:\MYGPT\backend\venv\Lib\site-packages\fastapi\routing.py", line 344, in run_endpoint_function
    return await dependant.call(**values)
                 │         │      └ {'file': UploadFile(filename='Online Application Receipt.pdf', size=2576427, headers=Headers({'content-disposition': 'form-da...
                 │         └ <function upload_document at 0x000001DFE8D87950>
                 └ Dependant(path_params=[], query_params=[], header_params=[], cookie_params=[], body_params=[ModelField(field_info=File(Pydant...

> File "D:\MYGPT\backend\app\api\routers\document.py", line 51, in upload_document
    doc_meta, parsed_doc = ai_orchestrator.process_new_document(
                           │               └ <function AIOrchestrator.process_new_document at 0x000001DFE8D87320>
                           └ <backend.app.services.ai_orchestrator.AIOrchestrator object at 0x000001DFE8D197F0>

  File "D:\MYGPT\backend\app\services\ai_orchestrator.py", line 77, in process_new_document
    raise e

  File "D:\MYGPT\backend\app\services\ai_orchestrator.py", line 52, in process_new_document
    parsed_doc = document_parser.parse(doc_meta["file_path"])
                 │               │     └ {'id': 'b5ef9fe1-b0cb-4829-a69b-c39f2d99a2c5', 'filename': 'Online Application Receipt.pdf', 'file_path': 'D:\\MYGPT\\data\\u...
                 │               └ <function DocumentParser.parse at 0x000001DFE8D76FB0>
                 └ <backend.app.services.document_parser.DocumentParser object at 0x000001DFE8D18AD0>

  File "D:\MYGPT\backend\app\services\document_parser.py", line 204, in parse
    raise ValueError("Unable to extract readable text from the uploaded document.")

ValueError: Unable to extract readable text from the uploaded document.
2026-07-15 13:17:21 | INFO    | backend.app.api.routers.document:upload_document:48 - API triggered upload for file UPI - QR FROM 31-5-26 TO 15-06-26 1.xlsx with chunk_size=500
2026-07-15 13:17:21 | INFO    | backend.app.services.ai_orchestrator:process_new_document:40 - UPLOAD START
2026-07-15 13:17:21 | INFO    | backend.app.services.document_manager:upload_document:73 - Saving uploaded document: UPI - QR FROM 31-5-26 TO 15-06-26 1.xlsx as 6417aebd-b25d-40d3-9934-80d67b161545.xlsx
2026-07-15 13:17:23 | INFO    | backend.app.services.ai_orchestrator:process_new_document:46 - UPLOAD END
2026-07-15 13:17:24 | INFO    | backend.app.services.ai_orchestrator:process_new_document:50 - PARSING START
2026-07-15 13:17:24 | INFO    | backend.app.services.document_parser:parse:136 - PARSING START
2026-07-15 13:17:24 | INFO    | backend.app.services.document_parser:parse:137 - Parsing document: D:\MYGPT\data\uploads\6417aebd-b25d-40d3-9934-80d67b161545.xlsx
2026-07-15 13:18:11 | INFO    | backend.app.services.document_parser:parse:212 - PARSING END
2026-07-15 13:18:11 | INFO    | backend.app.services.document_parser:parse:213 - TOTAL LATENCY (parse): 46796.62 ms
2026-07-15 13:18:11 | INFO    | backend.app.services.ai_orchestrator:process_new_document:53 - PARSING END
2026-07-15 13:18:11 | INFO    | backend.app.services.ai_orchestrator:process_new_document:60 - ========================================
2026-07-15 13:18:11 | INFO    | backend.app.services.ai_orchestrator:process_new_document:61 - INGESTION DEBUG METRICS
2026-07-15 13:18:11 | INFO    | backend.app.services.ai_orchestrator:process_new_document:62 - ========================================
2026-07-15 13:18:11 | INFO    | backend.app.services.ai_orchestrator:process_new_document:63 - DOCUMENT TYPE: .XLSX
2026-07-15 13:18:11 | INFO    | backend.app.services.ai_orchestrator:process_new_document:64 - Extracted Characters: 825283
2026-07-15 13:18:11 | INFO    | backend.app.services.ai_orchestrator:process_new_document:65 - Extracted Words: 105835
2026-07-15 13:18:11 | INFO    | backend.app.services.ai_orchestrator:process_new_document:66 - Validation Passed: YES
2026-07-15 13:18:11 | INFO    | backend.app.services.ai_orchestrator:process_new_document:67 - Execution Time: 49660.93 ms
2026-07-15 13:18:11 | INFO    | backend.app.services.ai_orchestrator:process_new_document:68 - ========================================
2026-07-15 13:18:11 | INFO    | backend.app.services.ai_orchestrator:index_document_background:86 - CHUNKING START
2026-07-15 13:18:11 | INFO    | backend.app.services.chunk_service:chunk_document:97 - Chunking document: 6417aebd-b25d-40d3-9934-80d67b161545 with size=500, overlap=50
2026-07-15 13:18:13 | INFO    | backend.app.services.chunk_service:chunk_document:260 - Completed chunking. Generated 1 chunks for document: 6417aebd-b25d-40d3-9934-80d67b161545
2026-07-15 13:18:13 | INFO    | backend.app.services.ai_orchestrator:index_document_background:88 - CHUNK COUNT: 1
2026-07-15 13:18:13 | INFO    | backend.app.services.ai_orchestrator:index_document_background:99 - DOCUMENT UNDERSTANDING START
2026-07-15 13:18:22 | INFO    | backend.app.services.knowledge_service:save_knowledge:389 - Persisting structured knowledge for document: 6417aebd-b25d-40d3-9934-80d67b161545
2026-07-15 13:18:22 | INFO    | backend.app.services.document_manager:delete_document:155 - Removed physical file: D:\MYGPT\data\uploads\1fc3ef52-45f2-409d-b036-b8cc30bfb5b4.pdf
2026-07-15 13:18:22 | INFO    | backend.app.services.document_manager:delete_document:162 - Removed document 1fc3ef52-45f2-409d-b036-b8cc30bfb5b4 from metadata database.
2026-07-15 13:18:22 | INFO    | backend.app.services.indexing_service:delete_document_index:61 - Deleting document index: 1fc3ef52-45f2-409d-b036-b8cc30bfb5b4
2026-07-15 13:18:22 | INFO    | backend.app.services.storage_service:delete_chunks:110 - Deleting chunks for document 1fc3ef52-45f2-409d-b036-b8cc30bfb5b4 from JSON store.
2026-07-15 13:18:22 | INFO    | backend.app.services.knowledge_service:delete_knowledge:401 - Deleting structured knowledge for document: 1fc3ef52-45f2-409d-b036-b8cc30bfb5b4
2026-07-15 13:18:22 | ERROR   | backend.app.services.knowledge_service:_read_store:376 - Failed to read knowledge store: Expecting ',' delimiter: line 26786 column 60 (char 2030135)
2026-07-15 13:18:22 | INFO    | backend.app.services.ai_orchestrator:index_document_background:109 - DOCUMENT UNDERSTANDING END
2026-07-15 13:18:22 | INFO    | backend.app.services.ai_orchestrator:index_document_background:110 - Knowledge Built: YES
2026-07-15 13:18:22 | INFO    | backend.app.services.ai_orchestrator:index_document_background:114 - EMBEDDING START
2026-07-15 13:18:25 | INFO    | backend.app.services.document_manager:delete_document:155 - Removed physical file: D:\MYGPT\data\uploads\b5ef9fe1-b0cb-4829-a69b-c39f2d99a2c5.pdf
2026-07-15 13:18:25 | INFO    | backend.app.services.document_manager:delete_document:162 - Removed document b5ef9fe1-b0cb-4829-a69b-c39f2d99a2c5 from metadata database.
2026-07-15 13:18:25 | INFO    | backend.app.services.indexing_service:delete_document_index:61 - Deleting document index: b5ef9fe1-b0cb-4829-a69b-c39f2d99a2c5
2026-07-15 13:18:25 | INFO    | backend.app.services.storage_service:delete_chunks:110 - Deleting chunks for document b5ef9fe1-b0cb-4829-a69b-c39f2d99a2c5 from JSON store.
2026-07-15 13:18:25 | INFO    | backend.app.services.knowledge_service:delete_knowledge:401 - Deleting structured knowledge for document: b5ef9fe1-b0cb-4829-a69b-c39f2d99a2c5
2026-07-15 13:18:30 | INFO    | backend.app.services.ai_orchestrator:index_document_background:117 - EMBEDDING END
2026-07-15 13:18:30 | INFO    | backend.app.services.ai_orchestrator:index_document_background:121 - INDEXING START
2026-07-15 13:18:30 | INFO    | backend.app.services.storage_service:save_chunks:87 - Saving 1 chunks for document 6417aebd-b25d-40d3-9934-80d67b161545 to JSON store.
2026-07-15 13:18:30 | INFO    | backend.app.services.ai_orchestrator:index_document_background:126 - INDEXING END
2026-07-15 13:18:30 | INFO    | backend.app.services.ai_orchestrator:index_document_background:127 - Indexed Chunks: 1
2026-07-15 13:18:30 | INFO    | backend.app.services.ai_orchestrator:index_document_background:132 - TOTAL LATENCY: 18482.27 ms
2026-07-15 13:18:39 | INFO    | backend.app.services.conversation_memory:set_active_document:93 - Session zbhq8 active document set to 6417aebd-b25d-40d3-9934-80d67b161545
2026-07-15 13:18:39 | INFO    | backend.app.services.search_service:search:38 - RETRIEVAL START
2026-07-15 13:18:39 | INFO    | backend.app.services.search_service:search:39 - TOP K: 3
2026-07-15 13:18:39 | INFO    | backend.app.services.search_service:search:40 - SIMILARITY: 0.0
2026-07-15 13:18:39 | INFO    | backend.app.services.search_service:search:41 - Search mode triggered: hybrid for query: 'tell about htis doucment'
2026-07-15 13:18:39 | INFO    | backend.app.services.retrieval_service:retrieve_relevant_chunks:107 - Searching 1 chunks (doc_id=6417aebd-b25d-40d3-9934-80d67b161545) with threshold=0.0
2026-07-15 13:18:40 | INFO    | backend.app.services.retrieval_service:retrieve_relevant_chunks:154 - Retrieved 1 relevant chunks (after overlap dedup) matching search criteria.
2026-07-15 13:18:41 | INFO    | backend.app.services.ai_orchestrator:process_chat_query:177 - CONTEXT BUILD
2026-07-15 13:18:41 | INFO    | backend.app.services.context_builder:build_context:30 - Building reasoning context for query 'tell about htis doucment...' with 1 chunks.
2026-07-15 13:18:41 | INFO    | backend.app.services.context_builder:build_context:101 - Reasoning context assembled successfully. Length: 1515 chars.
2026-07-15 13:18:41 | INFO    | backend.app.services.reasoning_service:reason:676 - REASONING START
2026-07-15 13:18:41 | INFO    | backend.app.services.reasoning_service:reason:677 - Reasoning query: 'tell about htis doucment'
2026-07-15 13:18:41 | INFO    | backend.app.services.reasoning_service:reason:682 - Inferred intent: Question Answering
2026-07-15 13:18:41 | INFO    | backend.app.services.reasoning_service:reason:913 - TOKENS GENERATED
2026-07-15 13:18:41 | INFO    | backend.app.services.reasoning_service:reason:914 - ANSWER GENERATED
2026-07-15 13:18:41 | INFO    | backend.app.services.answer_formatter:format_response:222 - Formatting final chat response. Confidence=66.31033098074215
2026-07-15 13:18:41 | INFO    | backend.app.services.answer_formatter:format_response:223 - ANSWER GENERATED
2026-07-15 13:18:41 | INFO    | backend.app.services.conversation_memory:add_message:50 - Added message to session zbhq8 from role 'user'
2026-07-15 13:18:41 | INFO    | backend.app.services.conversation_memory:add_message:50 - Added message to session zbhq8 from role 'assistant'
2026-07-15 13:18:41 | INFO    | backend.app.services.trainer_service:save_training_sample:59 - Saved training sample for doc_id 6417aebd-b25d-40d3-9934-80d67b161545 to D:\MYGPT\data\training_samples.jsonl
2026-07-15 13:19:27 | INFO    | backend.app.services.conversation_memory:set_active_document:93 - Session zbhq8 active document set to 6417aebd-b25d-40d3-9934-80d67b161545
2026-07-15 13:19:27 | INFO    | backend.app.services.search_service:search:38 - RETRIEVAL START
2026-07-15 13:19:27 | INFO    | backend.app.services.search_service:search:39 - TOP K: 3
2026-07-15 13:19:27 | INFO    | backend.app.services.search_service:search:40 - SIMILARITY: 0.0
2026-07-15 13:19:27 | INFO    | backend.app.services.search_service:search:41 - Search mode triggered: hybrid for query: 'give me the total amount to fhte documet'
2026-07-15 13:19:27 | INFO    | backend.app.services.retrieval_service:retrieve_relevant_chunks:107 - Searching 1 chunks (doc_id=6417aebd-b25d-40d3-9934-80d67b161545) with threshold=0.0
2026-07-15 13:19:28 | INFO    | backend.app.services.retrieval_service:retrieve_relevant_chunks:154 - Retrieved 1 relevant chunks (after overlap dedup) matching search criteria.
2026-07-15 13:19:29 | INFO    | backend.app.services.ai_orchestrator:process_chat_query:177 - CONTEXT BUILD
2026-07-15 13:19:29 | INFO    | backend.app.services.context_builder:build_context:30 - Building reasoning context for query 'give me the total amount to fh...' with 1 chunks.
2026-07-15 13:19:29 | INFO    | backend.app.services.context_builder:build_context:101 - Reasoning context assembled successfully. Length: 1015 chars.
2026-07-15 13:19:29 | INFO    | backend.app.services.reasoning_service:reason:676 - REASONING START
2026-07-15 13:19:29 | INFO    | backend.app.services.reasoning_service:reason:677 - Reasoning query: 'give me the total amount to fhte documet'
2026-07-15 13:19:29 | INFO    | backend.app.services.reasoning_service:reason:682 - Inferred intent: Invoice
2026-07-15 13:19:29 | INFO    | backend.app.services.reasoning_service:reason:728 - TOKENS GENERATED
2026-07-15 13:19:29 | INFO    | backend.app.services.reasoning_service:reason:729 - ANSWER GENERATED
2026-07-15 13:19:29 | INFO    | backend.app.services.answer_formatter:format_response:222 - Formatting final chat response. Confidence=90.0
2026-07-15 13:19:29 | INFO    | backend.app.services.answer_formatter:format_response:223 - ANSWER GENERATED
2026-07-15 13:19:29 | INFO    | backend.app.services.conversation_memory:add_message:50 - Added message to session zbhq8 from role 'user'
2026-07-15 13:19:29 | INFO    | backend.app.services.conversation_memory:add_message:50 - Added message to session zbhq8 from role 'assistant'
2026-07-15 13:19:29 | INFO    | backend.app.services.trainer_service:save_training_sample:59 - Saved training sample for doc_id 6417aebd-b25d-40d3-9934-80d67b161545 to D:\MYGPT\data\training_samples.jsonl
2026-07-15 13:22:57 | INFO    | app.main:websocket_training:149 - WebSocket client disconnected from training stream.
2026-07-15 13:22:57 | INFO    | app.main:websocket_training:149 - WebSocket client disconnected from training stream.
2026-07-15 13:23:07 | INFO    | backend.app.core.logging:configure_logging:48 - Application logging successfully initialized.
2026-07-15 13:23:07 | INFO    | backend.app.services.model_manager:__init__:41 - ModelManager singleton initialized. CPU/GPU Device: cpu
2026-07-15 13:23:07 | INFO    | backend.app.services.embedding_service:__init__:33 - Initializing MyGPTEmbedding provider.
2026-07-15 13:23:08 | WARNING | backend.app.services.ocr_service:__init__:36 - Tesseract OCR is not installed or not in PATH. OCR will run in fallback mode: tesseract is not installed or it's not in your PATH. See README file for more information.
2026-07-15 13:23:08 | INFO    | backend.app.services.reasoning_service:__init__:452 - Initializing ReasoningService.
2026-07-15 13:23:08 | INFO    | backend.app.services.conversation_memory:__init__:15 - ConversationMemory service initialized.
2026-07-15 13:23:08 | INFO    | backend.app.services.ai_orchestrator:__init__:23 - Initializing AIOrchestrator with v3 extensibility slots.
2026-07-15 13:23:08 | INFO    | app.main:startup_event:61 - Initializing MyGPT services and attempting to restore checkpoints...
2026-07-15 13:23:08 | INFO    | backend.app.services.model_manager:load_latest_checkpoint:151 - Successfully restored BPETokenizer vocabulary.
2026-07-15 13:23:08 | INFO    | app.main:startup_event:68 - Pre-loading MyGPT model structure into memory...
2026-07-15 13:23:08 | INFO    | backend.app.services.model_manager:load_model:51 - Initializing new GPT instance in ModelManager...
2026-07-15 13:23:08 | INFO    | app.main:startup_event:71 - MyGPT model successfully pre-loaded on boot.
2026-07-15 13:23:51 | INFO    | app.main:websocket_training:149 - WebSocket client disconnected from training stream.
2026-07-15 13:23:51 | INFO    | app.main:websocket_training:149 - WebSocket client disconnected from training stream.
2026-07-15 13:23:58 | INFO    | backend.app.core.logging:configure_logging:48 - Application logging successfully initialized.
2026-07-15 13:23:58 | INFO    | backend.app.services.model_manager:__init__:41 - ModelManager singleton initialized. CPU/GPU Device: cpu
2026-07-15 13:23:59 | INFO    | backend.app.services.embedding_service:__init__:33 - Initializing MyGPTEmbedding provider.
2026-07-15 13:24:00 | WARNING | backend.app.services.ocr_service:__init__:36 - Tesseract OCR is not installed or not in PATH. OCR will run in fallback mode: tesseract is not installed or it's not in your PATH. See README file for more information.
2026-07-15 13:24:00 | INFO    | backend.app.services.reasoning_service:__init__:452 - Initializing ReasoningService.
2026-07-15 13:24:00 | INFO    | backend.app.services.conversation_memory:__init__:15 - ConversationMemory service initialized.
2026-07-15 13:24:00 | INFO    | backend.app.services.ai_orchestrator:__init__:23 - Initializing AIOrchestrator with v3 extensibility slots.
2026-07-15 13:24:00 | INFO    | app.main:startup_event:61 - Initializing MyGPT services and attempting to restore checkpoints...
2026-07-15 13:24:00 | INFO    | backend.app.services.model_manager:load_latest_checkpoint:151 - Successfully restored BPETokenizer vocabulary.
2026-07-15 13:24:00 | INFO    | app.main:startup_event:68 - Pre-loading MyGPT model structure into memory...
2026-07-15 13:24:00 | INFO    | backend.app.services.model_manager:load_model:51 - Initializing new GPT instance in ModelManager...
2026-07-15 13:24:00 | INFO    | app.main:startup_event:71 - MyGPT model successfully pre-loaded on boot.
2026-07-15 13:37:40 | INFO    | backend.app.services.conversation_memory:set_active_document:93 - Session zbhq8 active document set to 6417aebd-b25d-40d3-9934-80d67b161545
2026-07-15 13:37:40 | INFO    | backend.app.services.search_service:search:38 - RETRIEVAL START
2026-07-15 13:37:40 | INFO    | backend.app.services.search_service:search:39 - TOP K: 3
2026-07-15 13:37:40 | INFO    | backend.app.services.search_service:search:40 - SIMILARITY: 0.0
2026-07-15 13:37:40 | INFO    | backend.app.services.search_service:search:41 - Search mode triggered: hybrid for query: 'okyy what is the  average'
2026-07-15 13:37:40 | INFO    | backend.app.services.retrieval_service:retrieve_relevant_chunks:107 - Searching 1 chunks (doc_id=6417aebd-b25d-40d3-9934-80d67b161545) with threshold=0.0
2026-07-15 13:37:42 | INFO    | backend.app.services.retrieval_service:retrieve_relevant_chunks:154 - Retrieved 1 relevant chunks (after overlap dedup) matching search criteria.
2026-07-15 13:37:43 | INFO    | backend.app.services.ai_orchestrator:process_chat_query:177 - CONTEXT BUILD
2026-07-15 13:37:43 | INFO    | backend.app.services.context_builder:build_context:30 - Building reasoning context for query 'okyy what is the  average...' with 1 chunks.
2026-07-15 13:37:43 | INFO    | backend.app.services.context_builder:build_context:101 - Reasoning context assembled successfully. Length: 1515 chars.
2026-07-15 13:37:43 | INFO    | backend.app.services.reasoning_service:reason:676 - REASONING START
2026-07-15 13:37:43 | INFO    | backend.app.services.reasoning_service:reason:677 - Reasoning query: 'okyy what is the  average'
2026-07-15 13:37:43 | INFO    | backend.app.services.reasoning_service:reason:682 - Inferred intent: Question Answering
2026-07-15 13:37:43 | ERROR   | backend.app.api.routers.document:post_chat:157 - Chat error: name 'settings' is not defined
2026-07-15 14:12:05 | INFO    | app.main:websocket_training:149 - WebSocket client disconnected from training stream.
2026-07-15 14:12:05 | INFO    | app.main:websocket_training:149 - WebSocket client disconnected from training stream.
2026-07-15 14:12:21 | INFO    | backend.app.core.logging:configure_logging:48 - Application logging successfully initialized.
2026-07-15 14:12:21 | INFO    | backend.app.services.model_manager:__init__:41 - ModelManager singleton initialized. CPU/GPU Device: cpu
2026-07-15 14:12:21 | INFO    | backend.app.services.embedding_service:__init__:33 - Initializing MyGPTEmbedding provider.
2026-07-15 14:12:25 | WARNING | backend.app.services.ocr_service:__init__:36 - Tesseract OCR is not installed or not in PATH. OCR will run in fallback mode: tesseract is not installed or it's not in your PATH. See README file for more information.
2026-07-15 14:12:25 | INFO    | backend.app.services.reasoning_service:__init__:452 - Initializing ReasoningService.
2026-07-15 14:12:25 | INFO    | backend.app.services.conversation_memory:__init__:15 - ConversationMemory service initialized.
2026-07-15 14:12:25 | INFO    | backend.app.services.ai_orchestrator:__init__:23 - Initializing AIOrchestrator with v3 extensibility slots.
2026-07-15 14:12:25 | INFO    | app.main:startup_event:61 - Initializing MyGPT services and attempting to restore checkpoints...
2026-07-15 14:12:25 | INFO    | backend.app.services.model_manager:load_latest_checkpoint:151 - Successfully restored BPETokenizer vocabulary.
2026-07-15 14:12:25 | INFO    | app.main:startup_event:68 - Pre-loading MyGPT model structure into memory...
2026-07-15 14:12:25 | INFO    | backend.app.services.model_manager:load_model:51 - Initializing new GPT instance in ModelManager...
2026-07-15 14:12:25 | INFO    | app.main:startup_event:71 - MyGPT model successfully pre-loaded on boot.
2026-07-15 14:18:05 | INFO    | backend.app.services.conversation_memory:set_active_document:93 - Session zbhq8 active document set to 6417aebd-b25d-40d3-9934-80d67b161545
2026-07-15 14:18:05 | INFO    | backend.app.services.search_service:search:38 - RETRIEVAL START
2026-07-15 14:18:05 | INFO    | backend.app.services.search_service:search:39 - TOP K: 3
2026-07-15 14:18:05 | INFO    | backend.app.services.search_service:search:40 - SIMILARITY: 0.0
2026-07-15 14:18:05 | INFO    | backend.app.services.search_service:search:41 - Search mode triggered: hybrid for query: 'hwo many transactions are made'
2026-07-15 14:18:06 | INFO    | backend.app.services.retrieval_service:retrieve_relevant_chunks:107 - Searching 1 chunks (doc_id=6417aebd-b25d-40d3-9934-80d67b161545) with threshold=0.0
2026-07-15 14:18:13 | INFO    | backend.app.services.retrieval_service:retrieve_relevant_chunks:154 - Retrieved 1 relevant chunks (after overlap dedup) matching search criteria.
2026-07-15 14:18:16 | INFO    | backend.app.services.ai_orchestrator:process_chat_query:177 - CONTEXT BUILD
2026-07-15 14:18:16 | INFO    | backend.app.services.context_builder:build_context:30 - Building reasoning context for query 'hwo many transactions are made...' with 1 chunks.
2026-07-15 14:18:19 | INFO    | backend.app.services.context_builder:build_context:101 - Reasoning context assembled successfully. Length: 1515 chars.
2026-07-15 14:18:19 | INFO    | backend.app.services.reasoning_service:reason:676 - REASONING START
2026-07-15 14:18:19 | INFO    | backend.app.services.reasoning_service:reason:677 - Reasoning query: 'hwo many transactions are made'
2026-07-15 14:18:19 | INFO    | backend.app.services.reasoning_service:reason:682 - Inferred intent: Question Answering
2026-07-15 14:18:19 | ERROR   | backend.app.api.routers.document:post_chat:157 - Chat error: name 'os' is not defined
2026-07-15 14:18:56 | INFO    | backend.app.services.conversation_memory:set_active_document:93 - Session zbhq8 active document set to 6417aebd-b25d-40d3-9934-80d67b161545
2026-07-15 14:18:56 | INFO    | backend.app.services.search_service:search:38 - RETRIEVAL START
2026-07-15 14:18:56 | INFO    | backend.app.services.search_service:search:39 - TOP K: 3
2026-07-15 14:18:56 | INFO    | backend.app.services.search_service:search:40 - SIMILARITY: 0.0
2026-07-15 14:18:56 | INFO    | backend.app.services.search_service:search:41 - Search mode triggered: hybrid for query: 'hwo many transactions are made'
2026-07-15 14:18:57 | INFO    | backend.app.services.retrieval_service:retrieve_relevant_chunks:107 - Searching 1 chunks (doc_id=6417aebd-b25d-40d3-9934-80d67b161545) with threshold=0.0
2026-07-15 14:19:03 | INFO    | backend.app.services.retrieval_service:retrieve_relevant_chunks:154 - Retrieved 1 relevant chunks (after overlap dedup) matching search criteria.
2026-07-15 14:19:05 | INFO    | backend.app.services.ai_orchestrator:process_chat_query:177 - CONTEXT BUILD
2026-07-15 14:19:05 | INFO    | backend.app.services.context_builder:build_context:30 - Building reasoning context for query 'hwo many transactions are made...' with 1 chunks.
2026-07-15 14:19:07 | INFO    | backend.app.services.context_builder:build_context:101 - Reasoning context assembled successfully. Length: 1515 chars.
2026-07-15 14:19:07 | INFO    | backend.app.services.reasoning_service:reason:676 - REASONING START
2026-07-15 14:19:07 | INFO    | backend.app.services.reasoning_service:reason:677 - Reasoning query: 'hwo many transactions are made'
2026-07-15 14:19:07 | INFO    | backend.app.services.reasoning_service:reason:682 - Inferred intent: Question Answering
2026-07-15 14:19:07 | ERROR   | backend.app.api.routers.document:post_chat:157 - Chat error: name 'os' is not defined
2026-07-15 14:19:18 | INFO    | app.main:websocket_training:149 - WebSocket client disconnected from training stream.
2026-07-15 14:19:18 | INFO    | app.main:websocket_training:149 - WebSocket client disconnected from training stream.
2026-07-15 14:19:42 | INFO    | backend.app.core.logging:configure_logging:48 - Application logging successfully initialized.
2026-07-15 14:19:42 | INFO    | backend.app.services.model_manager:__init__:41 - ModelManager singleton initialized. CPU/GPU Device: cpu
2026-07-15 14:19:42 | INFO    | backend.app.services.embedding_service:__init__:33 - Initializing MyGPTEmbedding provider.
2026-07-15 14:19:46 | WARNING | backend.app.services.ocr_service:__init__:36 - Tesseract OCR is not installed or not in PATH. OCR will run in fallback mode: tesseract is not installed or it's not in your PATH. See README file for more information.
2026-07-15 14:19:46 | INFO    | backend.app.services.reasoning_service:__init__:452 - Initializing ReasoningService.
2026-07-15 14:19:46 | INFO    | backend.app.services.conversation_memory:__init__:15 - ConversationMemory service initialized.
2026-07-15 14:19:46 | INFO    | backend.app.services.ai_orchestrator:__init__:23 - Initializing AIOrchestrator with v3 extensibility slots.
2026-07-15 14:19:46 | INFO    | app.main:startup_event:61 - Initializing MyGPT services and attempting to restore checkpoints...
2026-07-15 14:19:46 | INFO    | backend.app.services.model_manager:load_latest_checkpoint:151 - Successfully restored BPETokenizer vocabulary.
2026-07-15 14:19:46 | INFO    | app.main:startup_event:68 - Pre-loading MyGPT model structure into memory...
2026-07-15 14:19:46 | INFO    | backend.app.services.model_manager:load_model:51 - Initializing new GPT instance in ModelManager...
2026-07-15 14:19:46 | INFO    | app.main:startup_event:71 - MyGPT model successfully pre-loaded on boot.
2026-07-15 14:20:13 | INFO    | backend.app.services.conversation_memory:set_active_document:93 - Session zbhq8 active document set to 6417aebd-b25d-40d3-9934-80d67b161545
2026-07-15 14:20:13 | INFO    | backend.app.services.search_service:search:38 - RETRIEVAL START
2026-07-15 14:20:14 | INFO    | backend.app.services.search_service:search:39 - TOP K: 3
2026-07-15 14:20:14 | INFO    | backend.app.services.search_service:search:40 - SIMILARITY: 0.0
2026-07-15 14:20:14 | INFO    | backend.app.services.search_service:search:41 - Search mode triggered: hybrid for query: 'hwo many transactions are made'
2026-07-15 14:20:14 | INFO    | backend.app.services.retrieval_service:retrieve_relevant_chunks:107 - Searching 1 chunks (doc_id=6417aebd-b25d-40d3-9934-80d67b161545) with threshold=0.0
2026-07-15 14:20:19 | INFO    | backend.app.services.retrieval_service:retrieve_relevant_chunks:154 - Retrieved 1 relevant chunks (after overlap dedup) matching search criteria.
2026-07-15 14:20:20 | INFO    | backend.app.services.ai_orchestrator:process_chat_query:177 - CONTEXT BUILD
2026-07-15 14:20:20 | INFO    | backend.app.services.context_builder:build_context:30 - Building reasoning context for query 'hwo many transactions are made...' with 1 chunks.
2026-07-15 14:20:20 | INFO    | backend.app.services.context_builder:build_context:101 - Reasoning context assembled successfully. Length: 1515 chars.
2026-07-15 14:20:20 | INFO    | backend.app.services.reasoning_service:reason:676 - REASONING START
2026-07-15 14:20:20 | INFO    | backend.app.services.reasoning_service:reason:677 - Reasoning query: 'hwo many transactions are made'
2026-07-15 14:20:20 | INFO    | backend.app.services.reasoning_service:reason:682 - Inferred intent: Question Answering
2026-07-15 14:20:21 | INFO    | backend.app.services.reasoning_service:reason:996 - TOKENS GENERATED
2026-07-15 14:20:21 | INFO    | backend.app.services.reasoning_service:reason:997 - ANSWER GENERATED
2026-07-15 14:20:21 | INFO    | backend.app.services.answer_formatter:format_response:222 - Formatting final chat response. Confidence=65.90580938295099
2026-07-15 14:20:21 | INFO    | backend.app.services.answer_formatter:format_response:223 - ANSWER GENERATED
2026-07-15 14:20:21 | INFO    | backend.app.services.conversation_memory:add_message:50 - Added message to session zbhq8 from role 'user'
2026-07-15 14:20:21 | INFO    | backend.app.services.conversation_memory:add_message:50 - Added message to session zbhq8 from role 'assistant'
2026-07-15 14:20:21 | INFO    | backend.app.services.trainer_service:save_training_sample:126 - Saved training sample for doc_id 6417aebd-b25d-40d3-9934-80d67b161545 to D:\MYGPT\data\training_samples.jsonl
2026-07-15 14:20:48 | INFO    | backend.app.services.conversation_memory:set_active_document:93 - Session zbhq8 active document set to 6417aebd-b25d-40d3-9934-80d67b161545
2026-07-15 14:20:48 | INFO    | backend.app.services.search_service:search:38 - RETRIEVAL START
2026-07-15 14:20:48 | INFO    | backend.app.services.search_service:search:39 - TOP K: 3
2026-07-15 14:20:48 | INFO    | backend.app.services.search_service:search:40 - SIMILARITY: 0.0
2026-07-15 14:20:48 | INFO    | backend.app.services.search_service:search:41 - Search mode triggered: hybrid for query: 'hwo many transactions are made give me in numbers'
2026-07-15 14:20:48 | INFO    | backend.app.services.retrieval_service:retrieve_relevant_chunks:107 - Searching 1 chunks (doc_id=6417aebd-b25d-40d3-9934-80d67b161545) with threshold=0.0
2026-07-15 14:20:50 | INFO    | backend.app.services.retrieval_service:retrieve_relevant_chunks:154 - Retrieved 1 relevant chunks (after overlap dedup) matching search criteria.
2026-07-15 14:20:51 | INFO    | backend.app.services.ai_orchestrator:process_chat_query:177 - CONTEXT BUILD
2026-07-15 14:20:51 | INFO    | backend.app.services.context_builder:build_context:30 - Building reasoning context for query 'hwo many transactions are made...' with 1 chunks.
2026-07-15 14:20:51 | INFO    | backend.app.services.context_builder:build_context:101 - Reasoning context assembled successfully. Length: 1515 chars.
2026-07-15 14:20:51 | INFO    | backend.app.services.reasoning_service:reason:676 - REASONING START
2026-07-15 14:20:51 | INFO    | backend.app.services.reasoning_service:reason:677 - Reasoning query: 'hwo many transactions are made give me in numbers'
2026-07-15 14:20:51 | INFO    | backend.app.services.reasoning_service:reason:682 - Inferred intent: Question Answering
2026-07-15 14:20:52 | INFO    | backend.app.services.reasoning_service:reason:996 - TOKENS GENERATED
2026-07-15 14:20:52 | INFO    | backend.app.services.reasoning_service:reason:997 - ANSWER GENERATED
2026-07-15 14:20:52 | INFO    | backend.app.services.answer_formatter:format_response:222 - Formatting final chat response. Confidence=69.98839421677303
2026-07-15 14:20:52 | INFO    | backend.app.services.answer_formatter:format_response:223 - ANSWER GENERATED
2026-07-15 14:20:52 | INFO    | backend.app.services.conversation_memory:add_message:50 - Added message to session zbhq8 from role 'user'
2026-07-15 14:20:52 | INFO    | backend.app.services.conversation_memory:add_message:50 - Added message to session zbhq8 from role 'assistant'
2026-07-15 14:20:53 | INFO    | backend.app.services.trainer_service:save_training_sample:126 - Saved training sample for doc_id 6417aebd-b25d-40d3-9934-80d67b161545 to D:\MYGPT\data\training_samples.jsonl
2026-07-15 14:37:27 | INFO    | backend.app.services.conversation_memory:set_active_document:93 - Session zbhq8 active document set to 6417aebd-b25d-40d3-9934-80d67b161545
2026-07-15 14:37:27 | INFO    | backend.app.services.search_service:search:38 - RETRIEVAL START
2026-07-15 14:37:27 | INFO    | backend.app.services.search_service:search:39 - TOP K: 3
2026-07-15 14:37:27 | INFO    | backend.app.services.search_service:search:40 - SIMILARITY: 0.0
2026-07-15 14:37:27 | INFO    | backend.app.services.search_service:search:41 - Search mode triggered: hybrid for query: 'What is the context of this information?'
2026-07-15 14:37:28 | INFO    | backend.app.services.retrieval_service:retrieve_relevant_chunks:107 - Searching 1 chunks (doc_id=6417aebd-b25d-40d3-9934-80d67b161545) with threshold=0.0
2026-07-15 14:37:32 | INFO    | backend.app.services.retrieval_service:retrieve_relevant_chunks:154 - Retrieved 1 relevant chunks (after overlap dedup) matching search criteria.
2026-07-15 14:37:32 | INFO    | backend.app.services.ai_orchestrator:process_chat_query:177 - CONTEXT BUILD
2026-07-15 14:37:32 | INFO    | backend.app.services.context_builder:build_context:30 - Building reasoning context for query 'What is the context of this in...' with 1 chunks.
2026-07-15 14:37:32 | INFO    | backend.app.services.context_builder:build_context:101 - Reasoning context assembled successfully. Length: 1515 chars.
2026-07-15 14:37:32 | INFO    | backend.app.services.reasoning_service:reason:676 - REASONING START
2026-07-15 14:37:32 | INFO    | backend.app.services.reasoning_service:reason:677 - Reasoning query: 'What is the context of this information?'
2026-07-15 14:37:32 | INFO    | backend.app.services.reasoning_service:reason:682 - Inferred intent: Question Answering
2026-07-15 14:37:35 | INFO    | backend.app.services.reasoning_service:reason:763 - TOKENS GENERATED
2026-07-15 14:37:35 | INFO    | backend.app.services.reasoning_service:reason:764 - ANSWER GENERATED
2026-07-15 14:37:35 | INFO    | backend.app.services.answer_formatter:format_response:222 - Formatting final chat response. Confidence=90.0
2026-07-15 14:37:35 | INFO    | backend.app.services.answer_formatter:format_response:223 - ANSWER GENERATED
2026-07-15 14:37:35 | INFO    | backend.app.services.conversation_memory:add_message:50 - Added message to session zbhq8 from role 'user'
2026-07-15 14:37:35 | INFO    | backend.app.services.conversation_memory:add_message:50 - Added message to session zbhq8 from role 'assistant'
2026-07-15 14:37:35 | INFO    | backend.app.services.trainer_service:save_training_sample:126 - Saved training sample for doc_id 6417aebd-b25d-40d3-9934-80d67b161545 to D:\MYGPT\data\training_samples.jsonl
2026-07-15 14:37:35 | INFO    | backend.app.services.document_manager:delete_document:155 - Removed physical file: D:\MYGPT\data\uploads\6417aebd-b25d-40d3-9934-80d67b161545.xlsx
2026-07-15 14:37:35 | INFO    | backend.app.services.document_manager:delete_document:162 - Removed document 6417aebd-b25d-40d3-9934-80d67b161545 from metadata database.
2026-07-15 14:37:36 | INFO    | backend.app.services.indexing_service:delete_document_index:61 - Deleting document index: 6417aebd-b25d-40d3-9934-80d67b161545
2026-07-15 14:37:36 | INFO    | backend.app.services.storage_service:delete_chunks:110 - Deleting chunks for document 6417aebd-b25d-40d3-9934-80d67b161545 from JSON store.
2026-07-15 14:37:36 | INFO    | backend.app.services.knowledge_service:delete_knowledge:401 - Deleting structured knowledge for document: 6417aebd-b25d-40d3-9934-80d67b161545
2026-07-15 14:37:51 | INFO    | backend.app.api.routers.document:upload_document:48 - API triggered upload for file Naukri_Sanjaya[2y_3m].pdf with chunk_size=500
2026-07-15 14:37:51 | INFO    | backend.app.services.ai_orchestrator:process_new_document:40 - UPLOAD START
2026-07-15 14:37:51 | INFO    | backend.app.services.document_manager:upload_document:73 - Saving uploaded document: Naukri_Sanjaya[2y_3m].pdf as 85089390-04fe-4bd0-830d-0482d99854b0.pdf
2026-07-15 14:37:51 | INFO    | backend.app.services.ai_orchestrator:process_new_document:46 - UPLOAD END
2026-07-15 14:37:51 | INFO    | backend.app.services.ai_orchestrator:process_new_document:50 - PARSING START
2026-07-15 14:37:51 | INFO    | backend.app.services.document_parser:parse:136 - PARSING START
2026-07-15 14:37:51 | INFO    | backend.app.services.document_parser:parse:137 - Parsing document: D:\MYGPT\data\uploads\85089390-04fe-4bd0-830d-0482d99854b0.pdf
2026-07-15 14:37:53 | INFO    | backend.app.services.document_parser:parse:212 - PARSING END
2026-07-15 14:37:53 | INFO    | backend.app.services.document_parser:parse:213 - TOTAL LATENCY (parse): 2274.23 ms
2026-07-15 14:37:53 | INFO    | backend.app.services.ai_orchestrator:process_new_document:53 - PARSING END
2026-07-15 14:37:53 | INFO    | backend.app.services.ai_orchestrator:process_new_document:60 - ========================================
2026-07-15 14:37:54 | INFO    | backend.app.services.ai_orchestrator:process_new_document:61 - INGESTION DEBUG METRICS
2026-07-15 14:37:54 | INFO    | backend.app.services.ai_orchestrator:process_new_document:62 - ========================================
2026-07-15 14:37:54 | INFO    | backend.app.services.ai_orchestrator:process_new_document:63 - DOCUMENT TYPE: .PDF
2026-07-15 14:37:54 | INFO    | backend.app.services.ai_orchestrator:process_new_document:64 - Extracted Characters: 3596
2026-07-15 14:37:54 | INFO    | backend.app.services.ai_orchestrator:process_new_document:65 - Extracted Words: 468
2026-07-15 14:37:54 | INFO    | backend.app.services.ai_orchestrator:process_new_document:66 - Validation Passed: YES
2026-07-15 14:37:54 | INFO    | backend.app.services.ai_orchestrator:process_new_document:67 - Execution Time: 2783.02 ms
2026-07-15 14:37:54 | INFO    | backend.app.services.ai_orchestrator:process_new_document:68 - ========================================
2026-07-15 14:37:54 | INFO    | backend.app.services.ai_orchestrator:index_document_background:86 - CHUNKING START
2026-07-15 14:37:54 | INFO    | backend.app.services.chunk_service:chunk_document:97 - Chunking document: 85089390-04fe-4bd0-830d-0482d99854b0 with size=500, overlap=50
2026-07-15 14:37:54 | INFO    | backend.app.services.chunk_service:chunk_document:260 - Completed chunking. Generated 5 chunks for document: 85089390-04fe-4bd0-830d-0482d99854b0
2026-07-15 14:37:54 | INFO    | backend.app.services.ai_orchestrator:index_document_background:88 - CHUNK COUNT: 5
2026-07-15 14:37:54 | INFO    | backend.app.services.ai_orchestrator:index_document_background:99 - DOCUMENT UNDERSTANDING START
2026-07-15 14:37:54 | INFO    | backend.app.services.knowledge_service:save_knowledge:389 - Persisting structured knowledge for document: 85089390-04fe-4bd0-830d-0482d99854b0
2026-07-15 14:37:55 | INFO    | backend.app.services.ai_orchestrator:index_document_background:109 - DOCUMENT UNDERSTANDING END
2026-07-15 14:37:55 | INFO    | backend.app.services.ai_orchestrator:index_document_background:110 - Knowledge Built: YES
2026-07-15 14:37:55 | INFO    | backend.app.services.ai_orchestrator:index_document_background:114 - EMBEDDING START
2026-07-15 14:37:55 | INFO    | backend.app.services.ai_orchestrator:index_document_background:117 - EMBEDDING END
2026-07-15 14:37:55 | INFO    | backend.app.services.ai_orchestrator:index_document_background:121 - INDEXING START
2026-07-15 14:37:55 | INFO    | backend.app.services.storage_service:save_chunks:87 - Saving 5 chunks for document 85089390-04fe-4bd0-830d-0482d99854b0 to JSON store.
2026-07-15 14:37:55 | INFO    | backend.app.services.ai_orchestrator:index_document_background:126 - INDEXING END
2026-07-15 14:37:55 | INFO    | backend.app.services.ai_orchestrator:index_document_background:127 - Indexed Chunks: 5
2026-07-15 14:37:55 | INFO    | backend.app.services.ai_orchestrator:index_document_background:132 - TOTAL LATENCY: 1420.82 ms
2026-07-15 14:38:15 | INFO    | backend.app.services.document_manager:delete_document:155 - Removed physical file: D:\MYGPT\data\uploads\85089390-04fe-4bd0-830d-0482d99854b0.pdf
2026-07-15 14:38:15 | INFO    | backend.app.services.document_manager:delete_document:162 - Removed document 85089390-04fe-4bd0-830d-0482d99854b0 from metadata database.
2026-07-15 14:38:15 | INFO    | backend.app.services.indexing_service:delete_document_index:61 - Deleting document index: 85089390-04fe-4bd0-830d-0482d99854b0
2026-07-15 14:38:15 | INFO    | backend.app.services.storage_service:delete_chunks:110 - Deleting chunks for document 85089390-04fe-4bd0-830d-0482d99854b0 from JSON store.
2026-07-15 14:38:15 | INFO    | backend.app.services.knowledge_service:delete_knowledge:401 - Deleting structured knowledge for document: 85089390-04fe-4bd0-830d-0482d99854b0
2026-07-15 14:38:40 | INFO    | backend.app.api.routers.document:upload_document:48 - API triggered upload for file navneet-priya_resume.pdf with chunk_size=500
2026-07-15 14:38:40 | INFO    | backend.app.services.ai_orchestrator:process_new_document:40 - UPLOAD START
2026-07-15 14:38:40 | INFO    | backend.app.services.document_manager:upload_document:73 - Saving uploaded document: navneet-priya_resume.pdf as 91787e92-fa14-41e4-8a2c-4bec24a538b4.pdf
2026-07-15 14:38:40 | INFO    | backend.app.services.ai_orchestrator:process_new_document:46 - UPLOAD END
2026-07-15 14:38:40 | INFO    | backend.app.services.ai_orchestrator:process_new_document:50 - PARSING START
2026-07-15 14:38:40 | INFO    | backend.app.services.document_parser:parse:136 - PARSING START
2026-07-15 14:38:40 | INFO    | backend.app.services.document_parser:parse:137 - Parsing document: D:\MYGPT\data\uploads\91787e92-fa14-41e4-8a2c-4bec24a538b4.pdf
2026-07-15 14:38:41 | INFO    | backend.app.services.document_parser:parse:212 - PARSING END
2026-07-15 14:38:41 | INFO    | backend.app.services.document_parser:parse:213 - TOTAL LATENCY (parse): 394.19 ms
2026-07-15 14:38:41 | INFO    | backend.app.services.ai_orchestrator:process_new_document:53 - PARSING END
2026-07-15 14:38:41 | INFO    | backend.app.services.ai_orchestrator:process_new_document:60 - ========================================
2026-07-15 14:38:41 | INFO    | backend.app.services.ai_orchestrator:process_new_document:61 - INGESTION DEBUG METRICS
2026-07-15 14:38:41 | INFO    | backend.app.services.ai_orchestrator:process_new_document:62 - ========================================
2026-07-15 14:38:41 | INFO    | backend.app.services.ai_orchestrator:process_new_document:63 - DOCUMENT TYPE: .PDF
2026-07-15 14:38:41 | INFO    | backend.app.services.ai_orchestrator:process_new_document:64 - Extracted Characters: 5046
2026-07-15 14:38:41 | INFO    | backend.app.services.ai_orchestrator:process_new_document:65 - Extracted Words: 681
2026-07-15 14:38:41 | INFO    | backend.app.services.ai_orchestrator:process_new_document:66 - Validation Passed: YES
2026-07-15 14:38:41 | INFO    | backend.app.services.ai_orchestrator:process_new_document:67 - Execution Time: 584.92 ms
2026-07-15 14:38:41 | INFO    | backend.app.services.ai_orchestrator:process_new_document:68 - ========================================
2026-07-15 14:38:41 | INFO    | backend.app.services.ai_orchestrator:index_document_background:86 - CHUNKING START
2026-07-15 14:38:41 | INFO    | backend.app.services.chunk_service:chunk_document:97 - Chunking document: 91787e92-fa14-41e4-8a2c-4bec24a538b4 with size=500, overlap=50
2026-07-15 14:38:42 | INFO    | backend.app.services.chunk_service:chunk_document:260 - Completed chunking. Generated 14 chunks for document: 91787e92-fa14-41e4-8a2c-4bec24a538b4
2026-07-15 14:38:42 | INFO    | backend.app.services.ai_orchestrator:index_document_background:88 - CHUNK COUNT: 14
2026-07-15 14:38:42 | INFO    | backend.app.services.ai_orchestrator:index_document_background:99 - DOCUMENT UNDERSTANDING START
2026-07-15 14:38:42 | INFO    | backend.app.services.knowledge_service:save_knowledge:389 - Persisting structured knowledge for document: 91787e92-fa14-41e4-8a2c-4bec24a538b4
2026-07-15 14:38:42 | INFO    | backend.app.services.ai_orchestrator:index_document_background:109 - DOCUMENT UNDERSTANDING END
2026-07-15 14:38:42 | INFO    | backend.app.services.ai_orchestrator:index_document_background:110 - Knowledge Built: YES
2026-07-15 14:38:42 | INFO    | backend.app.services.ai_orchestrator:index_document_background:114 - EMBEDDING START
2026-07-15 14:38:49 | INFO    | backend.app.services.ai_orchestrator:index_document_background:117 - EMBEDDING END
2026-07-15 14:38:49 | INFO    | backend.app.services.ai_orchestrator:index_document_background:121 - INDEXING START
2026-07-15 14:38:49 | INFO    | backend.app.services.storage_service:save_chunks:87 - Saving 14 chunks for document 91787e92-fa14-41e4-8a2c-4bec24a538b4 to JSON store.
2026-07-15 14:38:49 | INFO    | backend.app.services.ai_orchestrator:index_document_background:126 - INDEXING END
2026-07-15 14:38:49 | INFO    | backend.app.services.ai_orchestrator:index_document_background:127 - Indexed Chunks: 14
2026-07-15 14:38:49 | INFO    | backend.app.services.ai_orchestrator:index_document_background:132 - TOTAL LATENCY: 8674.24 ms
2026-07-15 14:39:09 | INFO    | backend.app.services.conversation_memory:set_active_document:93 - Session zbhq8 active document set to 91787e92-fa14-41e4-8a2c-4bec24a538b4
2026-07-15 14:39:09 | INFO    | backend.app.services.search_service:search:38 - RETRIEVAL START
2026-07-15 14:39:09 | INFO    | backend.app.services.search_service:search:39 - TOP K: 3
2026-07-15 14:39:09 | INFO    | backend.app.services.search_service:search:40 - SIMILARITY: 0.0
2026-07-15 14:39:09 | INFO    | backend.app.services.search_service:search:41 - Search mode triggered: hybrid for query: 'wha tis the name of  the resume'
2026-07-15 14:39:09 | INFO    | backend.app.services.retrieval_service:retrieve_relevant_chunks:107 - Searching 14 chunks (doc_id=91787e92-fa14-41e4-8a2c-4bec24a538b4) with threshold=0.0
2026-07-15 14:39:10 | INFO    | backend.app.services.retrieval_service:retrieve_relevant_chunks:154 - Retrieved 14 relevant chunks (after overlap dedup) matching search criteria.
2026-07-15 14:39:10 | INFO    | backend.app.services.ai_orchestrator:process_chat_query:177 - CONTEXT BUILD
2026-07-15 14:39:10 | INFO    | backend.app.services.context_builder:build_context:30 - Building reasoning context for query 'wha tis the name of  the resum...' with 3 chunks.
2026-07-15 14:39:10 | INFO    | backend.app.services.context_builder:build_context:101 - Reasoning context assembled successfully. Length: 1081 chars.
2026-07-15 14:39:10 | INFO    | backend.app.services.reasoning_service:reason:676 - REASONING START
2026-07-15 14:39:10 | INFO    | backend.app.services.reasoning_service:reason:677 - Reasoning query: 'wha tis the name of  the resume'
2026-07-15 14:39:10 | INFO    | backend.app.services.reasoning_service:reason:682 - Inferred intent: Names
2026-07-15 14:39:11 | INFO    | backend.app.services.reasoning_service:reason:763 - TOKENS GENERATED
2026-07-15 14:39:11 | INFO    | backend.app.services.reasoning_service:reason:764 - ANSWER GENERATED
2026-07-15 14:39:11 | INFO    | backend.app.services.answer_formatter:format_response:222 - Formatting final chat response. Confidence=90.0
2026-07-15 14:39:11 | INFO    | backend.app.services.answer_formatter:format_response:223 - ANSWER GENERATED
2026-07-15 14:39:11 | INFO    | backend.app.services.conversation_memory:add_message:50 - Added message to session zbhq8 from role 'user'
2026-07-15 14:39:11 | INFO    | backend.app.services.conversation_memory:add_message:50 - Added message to session zbhq8 from role 'assistant'
2026-07-15 14:39:11 | INFO    | backend.app.services.trainer_service:save_training_sample:126 - Saved training sample for doc_id 91787e92-fa14-41e4-8a2c-4bec24a538b4 to D:\MYGPT\data\training_samples.jsonl
2026-07-15 14:39:17 | INFO    | app.main:websocket_training:149 - WebSocket client disconnected from training stream.
2026-07-15 14:39:17 | INFO    | app.main:websocket_training:149 - WebSocket client disconnected from training stream.
2026-07-15 14:39:35 | INFO    | backend.app.services.conversation_memory:set_active_document:93 - Session 0y8x3b active document set to 91787e92-fa14-41e4-8a2c-4bec24a538b4
2026-07-15 14:39:35 | INFO    | backend.app.services.search_service:search:38 - RETRIEVAL START
2026-07-15 14:39:35 | INFO    | backend.app.services.search_service:search:39 - TOP K: 3
2026-07-15 14:39:35 | INFO    | backend.app.services.search_service:search:40 - SIMILARITY: 0.0
2026-07-15 14:39:35 | INFO    | backend.app.services.search_service:search:41 - Search mode triggered: hybrid for query: 'what is the name of this document'
2026-07-15 14:39:36 | INFO    | backend.app.services.retrieval_service:retrieve_relevant_chunks:107 - Searching 14 chunks (doc_id=91787e92-fa14-41e4-8a2c-4bec24a538b4) with threshold=0.0
2026-07-15 14:39:38 | INFO    | backend.app.services.retrieval_service:retrieve_relevant_chunks:154 - Retrieved 14 relevant chunks (after overlap dedup) matching search criteria.
2026-07-15 14:39:38 | INFO    | backend.app.services.ai_orchestrator:process_chat_query:177 - CONTEXT BUILD
2026-07-15 14:39:38 | INFO    | backend.app.services.context_builder:build_context:30 - Building reasoning context for query 'what is the name of this docum...' with 3 chunks.
2026-07-15 14:39:38 | INFO    | backend.app.services.context_builder:build_context:101 - Reasoning context assembled successfully. Length: 1185 chars.
2026-07-15 14:39:38 | INFO    | backend.app.services.reasoning_service:reason:676 - REASONING START
2026-07-15 14:39:38 | INFO    | backend.app.services.reasoning_service:reason:677 - Reasoning query: 'what is the name of this document'
2026-07-15 14:39:38 | INFO    | backend.app.services.reasoning_service:reason:682 - Inferred intent: Names
2026-07-15 14:39:40 | INFO    | backend.app.services.reasoning_service:reason:763 - TOKENS GENERATED
2026-07-15 14:39:40 | INFO    | backend.app.services.reasoning_service:reason:764 - ANSWER GENERATED
2026-07-15 14:39:40 | INFO    | backend.app.services.answer_formatter:format_response:222 - Formatting final chat response. Confidence=90.0
2026-07-15 14:39:40 | INFO    | backend.app.services.answer_formatter:format_response:223 - ANSWER GENERATED
2026-07-15 14:39:40 | INFO    | backend.app.services.conversation_memory:add_message:50 - Added message to session 0y8x3b from role 'user'
2026-07-15 14:39:40 | INFO    | backend.app.services.conversation_memory:add_message:50 - Added message to session 0y8x3b from role 'assistant'
2026-07-15 14:39:40 | INFO    | backend.app.services.trainer_service:save_training_sample:126 - Saved training sample for doc_id 91787e92-fa14-41e4-8a2c-4bec24a538b4 to D:\MYGPT\data\training_samples.jsonl
2026-07-15 14:39:48 | INFO    | backend.app.services.conversation_memory:set_active_document:93 - Session 0y8x3b active document set to 91787e92-fa14-41e4-8a2c-4bec24a538b4
2026-07-15 14:39:48 | INFO    | backend.app.services.search_service:search:38 - RETRIEVAL START
2026-07-15 14:39:48 | INFO    | backend.app.services.search_service:search:39 - TOP K: 3
2026-07-15 14:39:48 | INFO    | backend.app.services.search_service:search:40 - SIMILARITY: 0.0
2026-07-15 14:39:48 | INFO    | backend.app.services.search_service:search:41 - Search mode triggered: hybrid for query: 'What is the context of this information?'
2026-07-15 14:39:48 | INFO    | backend.app.services.retrieval_service:retrieve_relevant_chunks:107 - Searching 14 chunks (doc_id=91787e92-fa14-41e4-8a2c-4bec24a538b4) with threshold=0.0
2026-07-15 14:39:49 | INFO    | backend.app.services.retrieval_service:retrieve_relevant_chunks:154 - Retrieved 14 relevant chunks (after overlap dedup) matching search criteria.
2026-07-15 14:39:49 | INFO    | backend.app.services.ai_orchestrator:process_chat_query:177 - CONTEXT BUILD
2026-07-15 14:39:49 | INFO    | backend.app.services.context_builder:build_context:30 - Building reasoning context for query 'What is the context of this in...' with 3 chunks.
2026-07-15 14:39:49 | INFO    | backend.app.services.context_builder:build_context:101 - Reasoning context assembled successfully. Length: 1081 chars.
2026-07-15 14:39:49 | INFO    | backend.app.services.reasoning_service:reason:676 - REASONING START
2026-07-15 14:39:49 | INFO    | backend.app.services.reasoning_service:reason:677 - Reasoning query: 'What is the context of this information?'
2026-07-15 14:39:49 | INFO    | backend.app.services.reasoning_service:reason:682 - Inferred intent: Question Answering
2026-07-15 14:39:50 | INFO    | backend.app.services.reasoning_service:reason:763 - TOKENS GENERATED
2026-07-15 14:39:50 | INFO    | backend.app.services.reasoning_service:reason:764 - ANSWER GENERATED
2026-07-15 14:39:50 | INFO    | backend.app.services.answer_formatter:format_response:222 - Formatting final chat response. Confidence=90.0
2026-07-15 14:39:50 | INFO    | backend.app.services.answer_formatter:format_response:223 - ANSWER GENERATED
2026-07-15 14:39:50 | INFO    | backend.app.services.conversation_memory:add_message:50 - Added message to session 0y8x3b from role 'user'
2026-07-15 14:39:50 | INFO    | backend.app.services.conversation_memory:add_message:50 - Added message to session 0y8x3b from role 'assistant'
2026-07-15 14:39:50 | INFO    | backend.app.services.trainer_service:save_training_sample:126 - Saved training sample for doc_id 91787e92-fa14-41e4-8a2c-4bec24a538b4 to D:\MYGPT\data\training_samples.jsonl
2026-07-15 14:39:58 | INFO    | backend.app.services.conversation_memory:set_active_document:93 - Session 0y8x3b active document set to 91787e92-fa14-41e4-8a2c-4bec24a538b4
2026-07-15 14:39:58 | INFO    | backend.app.services.search_service:search:38 - RETRIEVAL START
2026-07-15 14:39:58 | INFO    | backend.app.services.search_service:search:39 - TOP K: 3
2026-07-15 14:39:58 | INFO    | backend.app.services.search_service:search:40 - SIMILARITY: 0.0
2026-07-15 14:39:58 | INFO    | backend.app.services.search_service:search:41 - Search mode triggered: hybrid for query: 'What is the context of this information?'
2026-07-15 14:39:58 | INFO    | backend.app.services.retrieval_service:retrieve_relevant_chunks:107 - Searching 14 chunks (doc_id=91787e92-fa14-41e4-8a2c-4bec24a538b4) with threshold=0.0
2026-07-15 14:39:59 | INFO    | backend.app.services.retrieval_service:retrieve_relevant_chunks:154 - Retrieved 14 relevant chunks (after overlap dedup) matching search criteria.
2026-07-15 14:39:59 | INFO    | backend.app.services.ai_orchestrator:process_chat_query:177 - CONTEXT BUILD
2026-07-15 14:39:59 | INFO    | backend.app.services.context_builder:build_context:30 - Building reasoning context for query 'What is the context of this in...' with 3 chunks.
2026-07-15 14:39:59 | INFO    | backend.app.services.context_builder:build_context:101 - Reasoning context assembled successfully. Length: 1081 chars.
2026-07-15 14:39:59 | INFO    | backend.app.services.reasoning_service:reason:676 - REASONING START
2026-07-15 14:39:59 | INFO    | backend.app.services.reasoning_service:reason:677 - Reasoning query: 'What is the context of this information?'
2026-07-15 14:39:59 | INFO    | backend.app.services.reasoning_service:reason:682 - Inferred intent: Question Answering
2026-07-15 14:40:00 | INFO    | backend.app.services.reasoning_service:reason:763 - TOKENS GENERATED
2026-07-15 14:40:00 | INFO    | backend.app.services.reasoning_service:reason:764 - ANSWER GENERATED
2026-07-15 14:40:00 | INFO    | backend.app.services.answer_formatter:format_response:222 - Formatting final chat response. Confidence=90.0
2026-07-15 14:40:01 | INFO    | backend.app.services.answer_formatter:format_response:223 - ANSWER GENERATED
2026-07-15 14:40:01 | INFO    | backend.app.services.conversation_memory:add_message:50 - Added message to session 0y8x3b from role 'user'
2026-07-15 14:40:01 | INFO    | backend.app.services.conversation_memory:add_message:50 - Added message to session 0y8x3b from role 'assistant'
2026-07-15 14:40:01 | INFO    | backend.app.services.trainer_service:save_training_sample:126 - Saved training sample for doc_id 91787e92-fa14-41e4-8a2c-4bec24a538b4 to D:\MYGPT\data\training_samples.jsonl
2026-07-15 14:40:01 | INFO    | backend.app.services.conversation_memory:set_active_document:93 - Session 0y8x3b active document set to 91787e92-fa14-41e4-8a2c-4bec24a538b4
2026-07-15 14:40:01 | INFO    | backend.app.services.search_service:search:38 - RETRIEVAL START
2026-07-15 14:40:01 | INFO    | backend.app.services.search_service:search:39 - TOP K: 3
2026-07-15 14:40:01 | INFO    | backend.app.services.search_service:search:40 - SIMILARITY: 0.0
2026-07-15 14:40:01 | INFO    | backend.app.services.search_service:search:41 - Search mode triggered: hybrid for query: 'What is the context of this information?'
2026-07-15 14:40:01 | INFO    | backend.app.services.retrieval_service:retrieve_relevant_chunks:107 - Searching 14 chunks (doc_id=91787e92-fa14-41e4-8a2c-4bec24a538b4) with threshold=0.0
2026-07-15 14:40:01 | INFO    | backend.app.services.retrieval_service:retrieve_relevant_chunks:154 - Retrieved 14 relevant chunks (after overlap dedup) matching search criteria.
2026-07-15 14:40:01 | INFO    | backend.app.services.ai_orchestrator:process_chat_query:177 - CONTEXT BUILD
2026-07-15 14:40:01 | INFO    | backend.app.services.context_builder:build_context:30 - Building reasoning context for query 'What is the context of this in...' with 3 chunks.
2026-07-15 14:40:01 | INFO    | backend.app.services.context_builder:build_context:101 - Reasoning context assembled successfully. Length: 1081 chars.
2026-07-15 14:40:01 | INFO    | backend.app.services.reasoning_service:reason:676 - REASONING START
2026-07-15 14:40:01 | INFO    | backend.app.services.reasoning_service:reason:677 - Reasoning query: 'What is the context of this information?'
2026-07-15 14:40:01 | INFO    | backend.app.services.reasoning_service:reason:682 - Inferred intent: Question Answering
2026-07-15 14:40:05 | INFO    | backend.app.services.reasoning_service:reason:763 - TOKENS GENERATED
2026-07-15 14:40:05 | INFO    | backend.app.services.reasoning_service:reason:764 - ANSWER GENERATED
2026-07-15 14:40:05 | INFO    | backend.app.services.answer_formatter:format_response:222 - Formatting final chat response. Confidence=90.0
2026-07-15 14:40:05 | INFO    | backend.app.services.answer_formatter:format_response:223 - ANSWER GENERATED
2026-07-15 14:40:05 | INFO    | backend.app.services.conversation_memory:add_message:50 - Added message to session 0y8x3b from role 'user'
2026-07-15 14:40:05 | INFO    | backend.app.services.conversation_memory:add_message:50 - Added message to session 0y8x3b from role 'assistant'
2026-07-15 14:40:05 | INFO    | backend.app.services.trainer_service:save_training_sample:126 - Saved training sample for doc_id 91787e92-fa14-41e4-8a2c-4bec24a538b4 to D:\MYGPT\data\training_samples.jsonl
2026-07-15 14:40:22 | INFO    | backend.app.services.conversation_memory:set_active_document:93 - Session 0y8x3b active document set to 91787e92-fa14-41e4-8a2c-4bec24a538b4
2026-07-15 14:40:22 | INFO    | backend.app.services.search_service:search:38 - RETRIEVAL START
2026-07-15 14:40:22 | INFO    | backend.app.services.search_service:search:39 - TOP K: 3
2026-07-15 14:40:22 | INFO    | backend.app.services.search_service:search:40 - SIMILARITY: 0.0
2026-07-15 14:40:22 | INFO    | backend.app.services.search_service:search:41 - Search mode triggered: hybrid for query: 'summarize this document'
2026-07-15 14:40:23 | INFO    | backend.app.services.retrieval_service:retrieve_relevant_chunks:107 - Searching 14 chunks (doc_id=91787e92-fa14-41e4-8a2c-4bec24a538b4) with threshold=0.0
2026-07-15 14:40:23 | INFO    | backend.app.services.retrieval_service:retrieve_relevant_chunks:154 - Retrieved 14 relevant chunks (after overlap dedup) matching search criteria.
2026-07-15 14:40:23 | INFO    | backend.app.services.ai_orchestrator:process_chat_query:177 - CONTEXT BUILD
2026-07-15 14:40:23 | INFO    | backend.app.services.context_builder:build_context:30 - Building reasoning context for query 'summarize this document...' with 3 chunks.
2026-07-15 14:40:23 | INFO    | backend.app.services.context_builder:build_context:101 - Reasoning context assembled successfully. Length: 1437 chars.
2026-07-15 14:40:23 | INFO    | backend.app.services.reasoning_service:reason:676 - REASONING START
2026-07-15 14:40:23 | INFO    | backend.app.services.reasoning_service:reason:677 - Reasoning query: 'summarize this document'
2026-07-15 14:40:23 | INFO    | backend.app.services.reasoning_service:reason:682 - Inferred intent: Summary
2026-07-15 14:40:24 | INFO    | backend.app.services.reasoning_service:reason:763 - TOKENS GENERATED
2026-07-15 14:40:24 | INFO    | backend.app.services.reasoning_service:reason:764 - ANSWER GENERATED
2026-07-15 14:40:24 | INFO    | backend.app.services.answer_formatter:format_response:222 - Formatting final chat response. Confidence=90.0
2026-07-15 14:40:24 | INFO    | backend.app.services.answer_formatter:format_response:223 - ANSWER GENERATED
2026-07-15 14:40:24 | INFO    | backend.app.services.conversation_memory:add_message:50 - Added message to session 0y8x3b from role 'user'
2026-07-15 14:40:24 | INFO    | backend.app.services.conversation_memory:add_message:50 - Added message to session 0y8x3b from role 'assistant'
2026-07-15 14:40:24 | INFO    | backend.app.services.trainer_service:save_training_sample:126 - Saved training sample for doc_id 91787e92-fa14-41e4-8a2c-4bec24a538b4 to D:\MYGPT\data\training_samples.jsonl
2026-07-15 14:40:31 | INFO    | app.main:websocket_training:149 - WebSocket client disconnected from training stream.
2026-07-15 14:40:31 | INFO    | app.main:websocket_training:149 - WebSocket client disconnected from training stream.
2026-07-15 14:40:39 | INFO    | backend.app.services.conversation_memory:set_active_document:93 - Session 9saj7a active document set to 91787e92-fa14-41e4-8a2c-4bec24a538b4
2026-07-15 14:40:39 | INFO    | backend.app.services.search_service:search:38 - RETRIEVAL START
2026-07-15 14:40:39 | INFO    | backend.app.services.search_service:search:39 - TOP K: 3
2026-07-15 14:40:39 | INFO    | backend.app.services.search_service:search:40 - SIMILARITY: 0.0
2026-07-15 14:40:39 | INFO    | backend.app.services.search_service:search:41 - Search mode triggered: hybrid for query: 'Summarize this document.'
2026-07-15 14:40:39 | INFO    | backend.app.services.retrieval_service:retrieve_relevant_chunks:107 - Searching 14 chunks (doc_id=91787e92-fa14-41e4-8a2c-4bec24a538b4) with threshold=0.0
2026-07-15 14:40:42 | INFO    | backend.app.services.retrieval_service:retrieve_relevant_chunks:154 - Retrieved 14 relevant chunks (after overlap dedup) matching search criteria.
2026-07-15 14:40:42 | INFO    | backend.app.services.ai_orchestrator:process_chat_query:177 - CONTEXT BUILD
2026-07-15 14:40:42 | INFO    | backend.app.services.context_builder:build_context:30 - Building reasoning context for query 'Summarize this document....' with 3 chunks.
2026-07-15 14:40:42 | INFO    | backend.app.services.context_builder:build_context:101 - Reasoning context assembled successfully. Length: 1381 chars.
2026-07-15 14:40:42 | INFO    | backend.app.services.reasoning_service:reason:676 - REASONING START
2026-07-15 14:40:42 | INFO    | backend.app.services.reasoning_service:reason:677 - Reasoning query: 'Summarize this document.'
2026-07-15 14:40:42 | INFO    | backend.app.services.reasoning_service:reason:682 - Inferred intent: Summary
2026-07-15 14:40:43 | INFO    | backend.app.services.reasoning_service:reason:763 - TOKENS GENERATED
2026-07-15 14:40:43 | INFO    | backend.app.services.reasoning_service:reason:764 - ANSWER GENERATED
2026-07-15 14:40:43 | INFO    | backend.app.services.answer_formatter:format_response:222 - Formatting final chat response. Confidence=90.0
2026-07-15 14:40:43 | INFO    | backend.app.services.answer_formatter:format_response:223 - ANSWER GENERATED
2026-07-15 14:40:43 | INFO    | backend.app.services.conversation_memory:add_message:50 - Added message to session 9saj7a from role 'user'
2026-07-15 14:40:43 | INFO    | backend.app.services.conversation_memory:add_message:50 - Added message to session 9saj7a from role 'assistant'
2026-07-15 14:40:43 | INFO    | backend.app.services.trainer_service:save_training_sample:126 - Saved training sample for doc_id 91787e92-fa14-41e4-8a2c-4bec24a538b4 to D:\MYGPT\data\training_samples.jsonl
2026-07-15 14:40:54 | INFO    | backend.app.services.document_manager:delete_document:155 - Removed physical file: D:\MYGPT\data\uploads\91787e92-fa14-41e4-8a2c-4bec24a538b4.pdf
2026-07-15 14:40:54 | INFO    | backend.app.services.document_manager:delete_document:162 - Removed document 91787e92-fa14-41e4-8a2c-4bec24a538b4 from metadata database.
2026-07-15 14:40:54 | INFO    | backend.app.services.indexing_service:delete_document_index:61 - Deleting document index: 91787e92-fa14-41e4-8a2c-4bec24a538b4
2026-07-15 14:40:54 | INFO    | backend.app.services.storage_service:delete_chunks:110 - Deleting chunks for document 91787e92-fa14-41e4-8a2c-4bec24a538b4 from JSON store.
2026-07-15 14:40:54 | INFO    | backend.app.services.knowledge_service:delete_knowledge:401 - Deleting structured knowledge for document: 91787e92-fa14-41e4-8a2c-4bec24a538b4
2026-07-15 14:41:12 | INFO    | backend.app.api.routers.document:upload_document:48 - API triggered upload for file Naukri_MarimuthuPalanivel[4y_0m].docx with chunk_size=500
2026-07-15 14:41:12 | INFO    | backend.app.services.ai_orchestrator:process_new_document:40 - UPLOAD START
2026-07-15 14:41:12 | INFO    | backend.app.services.document_manager:upload_document:73 - Saving uploaded document: Naukri_MarimuthuPalanivel[4y_0m].docx as 435f8556-c024-43eb-85a5-4fc55e95e537.docx
2026-07-15 14:41:12 | INFO    | backend.app.services.ai_orchestrator:process_new_document:46 - UPLOAD END
2026-07-15 14:41:12 | INFO    | backend.app.services.ai_orchestrator:process_new_document:50 - PARSING START
2026-07-15 14:41:12 | INFO    | backend.app.services.document_parser:parse:136 - PARSING START
2026-07-15 14:41:12 | INFO    | backend.app.services.document_parser:parse:137 - Parsing document: D:\MYGPT\data\uploads\435f8556-c024-43eb-85a5-4fc55e95e537.docx
2026-07-15 14:41:13 | INFO    | backend.app.services.document_parser:parse:212 - PARSING END
2026-07-15 14:41:13 | INFO    | backend.app.services.document_parser:parse:213 - TOTAL LATENCY (parse): 322.35 ms
2026-07-15 14:41:13 | INFO    | backend.app.services.ai_orchestrator:process_new_document:53 - PARSING END
2026-07-15 14:41:13 | INFO    | backend.app.services.ai_orchestrator:process_new_document:60 - ========================================
2026-07-15 14:41:13 | INFO    | backend.app.services.ai_orchestrator:process_new_document:61 - INGESTION DEBUG METRICS
2026-07-15 14:41:13 | INFO    | backend.app.services.ai_orchestrator:process_new_document:62 - ========================================
2026-07-15 14:41:13 | INFO    | backend.app.services.ai_orchestrator:process_new_document:63 - DOCUMENT TYPE: .DOCX
2026-07-15 14:41:13 | INFO    | backend.app.services.ai_orchestrator:process_new_document:64 - Extracted Characters: 3549
2026-07-15 14:41:13 | INFO    | backend.app.services.ai_orchestrator:process_new_document:65 - Extracted Words: 477
2026-07-15 14:41:13 | INFO    | backend.app.services.ai_orchestrator:process_new_document:66 - Validation Passed: YES
2026-07-15 14:41:13 | INFO    | backend.app.services.ai_orchestrator:process_new_document:67 - Execution Time: 686.25 ms
2026-07-15 14:41:13 | INFO    | backend.app.services.ai_orchestrator:process_new_document:68 - ========================================
2026-07-15 14:41:13 | INFO    | backend.app.services.ai_orchestrator:index_document_background:86 - CHUNKING START
2026-07-15 14:41:13 | INFO    | backend.app.services.chunk_service:chunk_document:97 - Chunking document: 435f8556-c024-43eb-85a5-4fc55e95e537 with size=500, overlap=50
2026-07-15 14:41:18 | INFO    | backend.app.services.chunk_service:chunk_document:260 - Completed chunking. Generated 45 chunks for document: 435f8556-c024-43eb-85a5-4fc55e95e537
2026-07-15 14:41:18 | INFO    | backend.app.services.ai_orchestrator:index_document_background:88 - CHUNK COUNT: 45
2026-07-15 14:41:19 | INFO    | backend.app.services.ai_orchestrator:index_document_background:99 - DOCUMENT UNDERSTANDING START
2026-07-15 14:41:19 | INFO    | backend.app.services.knowledge_service:save_knowledge:389 - Persisting structured knowledge for document: 435f8556-c024-43eb-85a5-4fc55e95e537
2026-07-15 14:41:19 | INFO    | backend.app.services.ai_orchestrator:index_document_background:109 - DOCUMENT UNDERSTANDING END
2026-07-15 14:41:19 | INFO    | backend.app.services.ai_orchestrator:index_document_background:110 - Knowledge Built: YES
2026-07-15 14:41:19 | INFO    | backend.app.services.ai_orchestrator:index_document_background:114 - EMBEDDING START
2026-07-15 14:41:21 | INFO    | backend.app.services.ai_orchestrator:index_document_background:117 - EMBEDDING END
2026-07-15 14:41:21 | INFO    | backend.app.services.ai_orchestrator:index_document_background:121 - INDEXING START
2026-07-15 14:41:21 | INFO    | backend.app.services.storage_service:save_chunks:87 - Saving 45 chunks for document 435f8556-c024-43eb-85a5-4fc55e95e537 to JSON store.
2026-07-15 14:41:21 | INFO    | backend.app.services.ai_orchestrator:index_document_background:126 - INDEXING END
2026-07-15 14:41:21 | INFO    | backend.app.services.ai_orchestrator:index_document_background:127 - Indexed Chunks: 45
2026-07-15 14:41:21 | INFO    | backend.app.services.ai_orchestrator:index_document_background:132 - TOTAL LATENCY: 8370.31 ms
2026-07-15 14:41:24 | INFO    | backend.app.services.conversation_memory:set_active_document:93 - Session 9saj7a active document set to 435f8556-c024-43eb-85a5-4fc55e95e537
2026-07-15 14:41:24 | INFO    | backend.app.services.search_service:search:38 - RETRIEVAL START
2026-07-15 14:41:24 | INFO    | backend.app.services.search_service:search:39 - TOP K: 3
2026-07-15 14:41:24 | INFO    | backend.app.services.search_service:search:40 - SIMILARITY: 0.0
2026-07-15 14:41:24 | INFO    | backend.app.services.search_service:search:41 - Search mode triggered: hybrid for query: 'What is the main conclusion of the document?'
2026-07-15 14:41:24 | INFO    | backend.app.services.retrieval_service:retrieve_relevant_chunks:107 - Searching 45 chunks (doc_id=435f8556-c024-43eb-85a5-4fc55e95e537) with threshold=0.0
2026-07-15 14:41:26 | INFO    | backend.app.services.retrieval_service:retrieve_relevant_chunks:154 - Retrieved 43 relevant chunks (after overlap dedup) matching search criteria.
2026-07-15 14:41:26 | INFO    | backend.app.services.ai_orchestrator:process_chat_query:177 - CONTEXT BUILD
2026-07-15 14:41:26 | INFO    | backend.app.services.context_builder:build_context:30 - Building reasoning context for query 'What is the main conclusion of...' with 3 chunks.
2026-07-15 14:41:26 | INFO    | backend.app.services.context_builder:build_context:101 - Reasoning context assembled successfully. Length: 701 chars.
2026-07-15 14:41:26 | INFO    | backend.app.services.reasoning_service:reason:676 - REASONING START
2026-07-15 14:41:26 | INFO    | backend.app.services.reasoning_service:reason:677 - Reasoning query: 'What is the main conclusion of the document?'
2026-07-15 14:41:26 | INFO    | backend.app.services.reasoning_service:reason:682 - Inferred intent: Summary
2026-07-15 14:41:28 | INFO    | backend.app.services.reasoning_service:reason:763 - TOKENS GENERATED
2026-07-15 14:41:28 | INFO    | backend.app.services.reasoning_service:reason:764 - ANSWER GENERATED
2026-07-15 14:41:28 | INFO    | backend.app.services.answer_formatter:format_response:222 - Formatting final chat response. Confidence=90.0
2026-07-15 14:41:28 | INFO    | backend.app.services.answer_formatter:format_response:223 - ANSWER GENERATED
2026-07-15 14:41:28 | INFO    | backend.app.services.conversation_memory:add_message:50 - Added message to session 9saj7a from role 'user'
2026-07-15 14:41:28 | INFO    | backend.app.services.conversation_memory:add_message:50 - Added message to session 9saj7a from role 'assistant'
2026-07-15 14:41:28 | INFO    | backend.app.services.trainer_service:save_training_sample:126 - Saved training sample for doc_id 435f8556-c024-43eb-85a5-4fc55e95e537 to D:\MYGPT\data\training_samples.jsonl
2026-07-15 14:42:00 | INFO    | app.main:websocket_training:149 - WebSocket client disconnected from training stream.
2026-07-15 14:42:00 | INFO    | app.main:websocket_training:149 - WebSocket client disconnected from training stream.
2026-07-15 14:42:20 | INFO    | backend.app.services.conversation_memory:set_active_document:93 - Session dwwdk active document set to 435f8556-c024-43eb-85a5-4fc55e95e537
2026-07-15 14:42:20 | INFO    | backend.app.services.search_service:search:38 - RETRIEVAL START
2026-07-15 14:42:20 | INFO    | backend.app.services.search_service:search:39 - TOP K: 3
2026-07-15 14:42:20 | INFO    | backend.app.services.search_service:search:40 - SIMILARITY: 0.0
2026-07-15 14:42:20 | INFO    | backend.app.services.search_service:search:41 - Search mode triggered: hybrid for query: 'Summarize this document.'
2026-07-15 14:42:21 | INFO    | backend.app.services.retrieval_service:retrieve_relevant_chunks:107 - Searching 45 chunks (doc_id=435f8556-c024-43eb-85a5-4fc55e95e537) with threshold=0.0
2026-07-15 14:42:21 | INFO    | backend.app.services.retrieval_service:retrieve_relevant_chunks:154 - Retrieved 45 relevant chunks (after overlap dedup) matching search criteria.
2026-07-15 14:42:21 | INFO    | backend.app.services.ai_orchestrator:process_chat_query:177 - CONTEXT BUILD
2026-07-15 14:42:21 | INFO    | backend.app.services.context_builder:build_context:30 - Building reasoning context for query 'Summarize this document....' with 3 chunks.
2026-07-15 14:42:21 | INFO    | backend.app.services.context_builder:build_context:101 - Reasoning context assembled successfully. Length: 75 chars.
2026-07-15 14:42:21 | INFO    | backend.app.services.reasoning_service:reason:676 - REASONING START
2026-07-15 14:42:21 | INFO    | backend.app.services.reasoning_service:reason:677 - Reasoning query: 'Summarize this document.'
2026-07-15 14:42:21 | INFO    | backend.app.services.reasoning_service:reason:682 - Inferred intent: Summary
2026-07-15 14:42:21 | INFO    | backend.app.services.reasoning_service:reason:763 - TOKENS GENERATED
2026-07-15 14:42:21 | INFO    | backend.app.services.reasoning_service:reason:764 - ANSWER GENERATED
2026-07-15 14:42:21 | INFO    | backend.app.services.answer_formatter:format_response:222 - Formatting final chat response. Confidence=90.0
2026-07-15 14:42:21 | INFO    | backend.app.services.answer_formatter:format_response:223 - ANSWER GENERATED
2026-07-15 14:42:21 | INFO    | backend.app.services.conversation_memory:add_message:50 - Added message to session dwwdk from role 'user'
2026-07-15 14:42:21 | INFO    | backend.app.services.conversation_memory:add_message:50 - Added message to session dwwdk from role 'assistant'
2026-07-15 14:42:21 | INFO    | backend.app.services.trainer_service:save_training_sample:126 - Saved training sample for doc_id 435f8556-c024-43eb-85a5-4fc55e95e537 to D:\MYGPT\data\training_samples.jsonl
2026-07-15 14:42:42 | INFO    | backend.app.services.conversation_memory:set_active_document:93 - Session dwwdk active document set to 435f8556-c024-43eb-85a5-4fc55e95e537
2026-07-15 14:42:42 | INFO    | backend.app.services.search_service:search:38 - RETRIEVAL START
2026-07-15 14:42:42 | INFO    | backend.app.services.search_service:search:39 - TOP K: 3
2026-07-15 14:42:42 | INFO    | backend.app.services.search_service:search:40 - SIMILARITY: 0.0
2026-07-15 14:42:42 | INFO    | backend.app.services.search_service:search:41 - Search mode triggered: hybrid for query: 'give me the phone number'
2026-07-15 14:42:42 | INFO    | backend.app.services.retrieval_service:retrieve_relevant_chunks:107 - Searching 45 chunks (doc_id=435f8556-c024-43eb-85a5-4fc55e95e537) with threshold=0.0
2026-07-15 14:42:42 | INFO    | backend.app.services.retrieval_service:retrieve_relevant_chunks:154 - Retrieved 42 relevant chunks (after overlap dedup) matching search criteria.
2026-07-15 14:42:42 | INFO    | backend.app.services.ai_orchestrator:process_chat_query:177 - CONTEXT BUILD
2026-07-15 14:42:42 | INFO    | backend.app.services.context_builder:build_context:30 - Building reasoning context for query 'give me the phone number...' with 3 chunks.
2026-07-15 14:42:42 | INFO    | backend.app.services.context_builder:build_context:101 - Reasoning context assembled successfully. Length: 257 chars.
2026-07-15 14:42:42 | INFO    | backend.app.services.reasoning_service:reason:676 - REASONING START
2026-07-15 14:42:42 | INFO    | backend.app.services.reasoning_service:reason:677 - Reasoning query: 'give me the phone number'
2026-07-15 14:42:42 | INFO    | backend.app.services.reasoning_service:reason:682 - Inferred intent: Numbers
2026-07-15 14:42:42 | INFO    | backend.app.services.reasoning_service:reason:763 - TOKENS GENERATED
2026-07-15 14:42:42 | INFO    | backend.app.services.reasoning_service:reason:764 - ANSWER GENERATED
2026-07-15 14:42:42 | INFO    | backend.app.services.answer_formatter:format_response:222 - Formatting final chat response. Confidence=90.0
2026-07-15 14:42:42 | INFO    | backend.app.services.answer_formatter:format_response:223 - ANSWER GENERATED
2026-07-15 14:42:42 | INFO    | backend.app.services.conversation_memory:add_message:50 - Added message to session dwwdk from role 'user'
2026-07-15 14:42:42 | INFO    | backend.app.services.conversation_memory:add_message:50 - Added message to session dwwdk from role 'assistant'
2026-07-15 14:42:42 | INFO    | backend.app.services.trainer_service:save_training_sample:126 - Saved training sample for doc_id 435f8556-c024-43eb-85a5-4fc55e95e537 to D:\MYGPT\data\training_samples.jsonl
2026-07-15 15:00:24 | INFO    | app.main:websocket_training:149 - WebSocket client disconnected from training stream.
2026-07-15 15:00:25 | INFO    | app.main:websocket_training:149 - WebSocket client disconnected from training stream.
2026-07-15 15:00:32 | INFO    | backend.app.services.conversation_memory:set_active_document:93 - Session 82112u active document set to 435f8556-c024-43eb-85a5-4fc55e95e537
2026-07-15 15:00:32 | INFO    | backend.app.services.search_service:search:38 - RETRIEVAL START
2026-07-15 15:00:32 | INFO    | backend.app.services.search_service:search:39 - TOP K: 3
2026-07-15 15:00:32 | INFO    | backend.app.services.search_service:search:40 - SIMILARITY: 0.0
2026-07-15 15:00:32 | INFO    | backend.app.services.search_service:search:41 - Search mode triggered: hybrid for query: 'Summarize this document.'
2026-07-15 15:00:32 | INFO    | backend.app.services.retrieval_service:retrieve_relevant_chunks:107 - Searching 45 chunks (doc_id=435f8556-c024-43eb-85a5-4fc55e95e537) with threshold=0.0
2026-07-15 15:00:32 | INFO    | backend.app.services.retrieval_service:retrieve_relevant_chunks:154 - Retrieved 45 relevant chunks (after overlap dedup) matching search criteria.
2026-07-15 15:00:32 | INFO    | backend.app.services.ai_orchestrator:process_chat_query:177 - CONTEXT BUILD
2026-07-15 15:00:32 | INFO    | backend.app.services.context_builder:build_context:30 - Building reasoning context for query 'Summarize this document....' with 3 chunks.
2026-07-15 15:00:32 | INFO    | backend.app.services.context_builder:build_context:101 - Reasoning context assembled successfully. Length: 75 chars.
2026-07-15 15:00:32 | INFO    | backend.app.services.reasoning_service:reason:676 - REASONING START
2026-07-15 15:00:32 | INFO    | backend.app.services.reasoning_service:reason:677 - Reasoning query: 'Summarize this document.'
2026-07-15 15:00:32 | INFO    | backend.app.services.reasoning_service:reason:682 - Inferred intent: Summary
2026-07-15 15:00:32 | INFO    | backend.app.services.reasoning_service:reason:763 - TOKENS GENERATED
2026-07-15 15:00:32 | INFO    | backend.app.services.reasoning_service:reason:764 - ANSWER GENERATED
2026-07-15 15:00:32 | INFO    | backend.app.services.answer_formatter:format_response:222 - Formatting final chat response. Confidence=90.0
2026-07-15 15:00:32 | INFO    | backend.app.services.answer_formatter:format_response:223 - ANSWER GENERATED
2026-07-15 15:00:32 | INFO    | backend.app.services.conversation_memory:add_message:50 - Added message to session 82112u from role 'user'
2026-07-15 15:00:32 | INFO    | backend.app.services.conversation_memory:add_message:50 - Added message to session 82112u from role 'assistant'
2026-07-15 15:00:32 | INFO    | backend.app.services.trainer_service:save_training_sample:126 - Saved training sample for doc_id 435f8556-c024-43eb-85a5-4fc55e95e537 to D:\MYGPT\data\training_samples.jsonl
2026-07-15 15:00:37 | INFO    | app.main:websocket_training:149 - WebSocket client disconnected from training stream.
2026-07-15 15:00:37 | INFO    | app.main:websocket_training:149 - WebSocket client disconnected from training stream.
2026-07-15 15:00:38 | INFO    | app.main:websocket_training:149 - WebSocket client disconnected from training stream.
2026-07-15 15:00:46 | INFO    | backend.app.services.conversation_memory:set_active_document:93 - Session cmyowt active document set to 435f8556-c024-43eb-85a5-4fc55e95e537
2026-07-15 15:00:46 | INFO    | backend.app.services.search_service:search:38 - RETRIEVAL START
2026-07-15 15:00:46 | INFO    | backend.app.services.search_service:search:39 - TOP K: 3
2026-07-15 15:00:46 | INFO    | backend.app.services.search_service:search:40 - SIMILARITY: 0.0
2026-07-15 15:00:46 | INFO    | backend.app.services.search_service:search:41 - Search mode triggered: hybrid for query: 'What are the important points?'
2026-07-15 15:00:46 | INFO    | backend.app.services.retrieval_service:retrieve_relevant_chunks:107 - Searching 45 chunks (doc_id=435f8556-c024-43eb-85a5-4fc55e95e537) with threshold=0.0
2026-07-15 15:00:46 | INFO    | backend.app.services.retrieval_service:retrieve_relevant_chunks:154 - Retrieved 45 relevant chunks (after overlap dedup) matching search criteria.
2026-07-15 15:00:46 | INFO    | backend.app.services.ai_orchestrator:process_chat_query:177 - CONTEXT BUILD
2026-07-15 15:00:46 | INFO    | backend.app.services.context_builder:build_context:30 - Building reasoning context for query 'What are the important points?...' with 3 chunks.
2026-07-15 15:00:46 | INFO    | backend.app.services.context_builder:build_context:101 - Reasoning context assembled successfully. Length: 75 chars.
2026-07-15 15:00:46 | INFO    | backend.app.services.reasoning_service:reason:676 - REASONING START
2026-07-15 15:00:46 | INFO    | backend.app.services.reasoning_service:reason:677 - Reasoning query: 'What are the important points?'
2026-07-15 15:00:46 | INFO    | backend.app.services.reasoning_service:reason:682 - Inferred intent: Question Answering
2026-07-15 15:00:46 | INFO    | backend.app.services.reasoning_service:reason:763 - TOKENS GENERATED
2026-07-15 15:00:46 | INFO    | backend.app.services.reasoning_service:reason:764 - ANSWER GENERATED
2026-07-15 15:00:46 | INFO    | backend.app.services.answer_formatter:format_response:222 - Formatting final chat response. Confidence=90.0
2026-07-15 15:00:46 | INFO    | backend.app.services.answer_formatter:format_response:223 - ANSWER GENERATED
2026-07-15 15:00:46 | INFO    | backend.app.services.conversation_memory:add_message:50 - Added message to session cmyowt from role 'user'
2026-07-15 15:00:46 | INFO    | backend.app.services.conversation_memory:add_message:50 - Added message to session cmyowt from role 'assistant'
2026-07-15 15:00:46 | INFO    | backend.app.services.trainer_service:save_training_sample:126 - Saved training sample for doc_id 435f8556-c024-43eb-85a5-4fc55e95e537 to D:\MYGPT\data\training_samples.jsonl
2026-07-15 15:00:57 | INFO    | app.main:websocket_training:149 - WebSocket client disconnected from training stream.
2026-07-15 15:00:57 | INFO    | app.main:websocket_training:149 - WebSocket client disconnected from training stream.
2026-07-15 15:00:58 | INFO    | app.main:websocket_training:149 - WebSocket client disconnected from training stream.
2026-07-15 15:00:58 | INFO    | app.main:websocket_training:149 - WebSocket client disconnected from training stream.
2026-07-15 15:00:59 | INFO    | app.main:websocket_training:149 - WebSocket client disconnected from training stream.
2026-07-15 15:01:00 | INFO    | app.main:websocket_training:149 - WebSocket client disconnected from training stream.
2026-07-15 15:01:09 | INFO    | backend.app.services.document_manager:delete_document:155 - Removed physical file: D:\MYGPT\data\uploads\435f8556-c024-43eb-85a5-4fc55e95e537.docx
2026-07-15 15:01:09 | INFO    | backend.app.services.document_manager:delete_document:162 - Removed document 435f8556-c024-43eb-85a5-4fc55e95e537 from metadata database.
2026-07-15 15:01:09 | INFO    | backend.app.services.indexing_service:delete_document_index:61 - Deleting document index: 435f8556-c024-43eb-85a5-4fc55e95e537
2026-07-15 15:01:09 | INFO    | backend.app.services.storage_service:delete_chunks:110 - Deleting chunks for document 435f8556-c024-43eb-85a5-4fc55e95e537 from JSON store.
2026-07-15 15:01:09 | INFO    | backend.app.services.knowledge_service:delete_knowledge:401 - Deleting structured knowledge for document: 435f8556-c024-43eb-85a5-4fc55e95e537
2026-07-15 15:01:23 | INFO    | backend.app.api.routers.document:upload_document:48 - API triggered upload for file Fazil_Resume_New.pdf with chunk_size=500
2026-07-15 15:01:23 | INFO    | backend.app.services.ai_orchestrator:process_new_document:40 - UPLOAD START
2026-07-15 15:01:23 | INFO    | backend.app.services.document_manager:upload_document:73 - Saving uploaded document: Fazil_Resume_New.pdf as 098ca35b-a717-4219-8837-f4e653a32c16.pdf
2026-07-15 15:01:23 | INFO    | backend.app.services.ai_orchestrator:process_new_document:46 - UPLOAD END
2026-07-15 15:01:23 | INFO    | backend.app.services.ai_orchestrator:process_new_document:50 - PARSING START
2026-07-15 15:01:23 | INFO    | backend.app.services.document_parser:parse:136 - PARSING START
2026-07-15 15:01:23 | INFO    | backend.app.services.document_parser:parse:137 - Parsing document: D:\MYGPT\data\uploads\098ca35b-a717-4219-8837-f4e653a32c16.pdf
2026-07-15 15:01:23 | INFO    | backend.app.services.document_parser:parse:212 - PARSING END
2026-07-15 15:01:23 | INFO    | backend.app.services.document_parser:parse:213 - TOTAL LATENCY (parse): 199.85 ms
2026-07-15 15:01:23 | INFO    | backend.app.services.ai_orchestrator:process_new_document:53 - PARSING END
2026-07-15 15:01:23 | INFO    | backend.app.services.ai_orchestrator:process_new_document:60 - ========================================
2026-07-15 15:01:23 | INFO    | backend.app.services.ai_orchestrator:process_new_document:61 - INGESTION DEBUG METRICS
2026-07-15 15:01:23 | INFO    | backend.app.services.ai_orchestrator:process_new_document:62 - ========================================
2026-07-15 15:01:23 | INFO    | backend.app.services.ai_orchestrator:process_new_document:63 - DOCUMENT TYPE: .PDF
2026-07-15 15:01:23 | INFO    | backend.app.services.ai_orchestrator:process_new_document:64 - Extracted Characters: 3046
2026-07-15 15:01:23 | INFO    | backend.app.services.ai_orchestrator:process_new_document:65 - Extracted Words: 392
2026-07-15 15:01:23 | INFO    | backend.app.services.ai_orchestrator:process_new_document:66 - Validation Passed: YES
2026-07-15 15:01:23 | INFO    | backend.app.services.ai_orchestrator:process_new_document:67 - Execution Time: 292.62 ms
2026-07-15 15:01:23 | INFO    | backend.app.services.ai_orchestrator:process_new_document:68 - ========================================
2026-07-15 15:01:23 | INFO    | backend.app.services.ai_orchestrator:index_document_background:86 - CHUNKING START
2026-07-15 15:01:24 | INFO    | backend.app.services.chunk_service:chunk_document:97 - Chunking document: 098ca35b-a717-4219-8837-f4e653a32c16 with size=500, overlap=50
2026-07-15 15:01:24 | INFO    | backend.app.services.chunk_service:chunk_document:260 - Completed chunking. Generated 4 chunks for document: 098ca35b-a717-4219-8837-f4e653a32c16
2026-07-15 15:01:24 | INFO    | backend.app.services.ai_orchestrator:index_document_background:88 - CHUNK COUNT: 4
2026-07-15 15:01:24 | INFO    | backend.app.services.ai_orchestrator:index_document_background:99 - DOCUMENT UNDERSTANDING START
2026-07-15 15:01:24 | INFO    | backend.app.services.knowledge_service:save_knowledge:389 - Persisting structured knowledge for document: 098ca35b-a717-4219-8837-f4e653a32c16
2026-07-15 15:01:24 | INFO    | backend.app.services.ai_orchestrator:index_document_background:109 - DOCUMENT UNDERSTANDING END
2026-07-15 15:01:24 | INFO    | backend.app.services.ai_orchestrator:index_document_background:110 - Knowledge Built: YES
2026-07-15 15:01:25 | INFO    | backend.app.services.ai_orchestrator:index_document_background:114 - EMBEDDING START
2026-07-15 15:01:25 | INFO    | backend.app.services.ai_orchestrator:index_document_background:117 - EMBEDDING END
2026-07-15 15:01:25 | INFO    | backend.app.services.ai_orchestrator:index_document_background:121 - INDEXING START
2026-07-15 15:01:25 | INFO    | backend.app.services.storage_service:save_chunks:87 - Saving 4 chunks for document 098ca35b-a717-4219-8837-f4e653a32c16 to JSON store.
2026-07-15 15:01:25 | INFO    | backend.app.services.ai_orchestrator:index_document_background:126 - INDEXING END
2026-07-15 15:01:25 | INFO    | backend.app.services.ai_orchestrator:index_document_background:127 - Indexed Chunks: 4
2026-07-15 15:01:25 | INFO    | backend.app.services.ai_orchestrator:index_document_background:132 - TOTAL LATENCY: 2015.52 ms
2026-07-15 15:01:30 | INFO    | backend.app.services.conversation_memory:set_active_document:93 - Session psek active document set to 098ca35b-a717-4219-8837-f4e653a32c16
2026-07-15 15:01:30 | INFO    | backend.app.services.search_service:search:38 - RETRIEVAL START
2026-07-15 15:01:30 | INFO    | backend.app.services.search_service:search:39 - TOP K: 3
2026-07-15 15:01:30 | INFO    | backend.app.services.search_service:search:40 - SIMILARITY: 0.0
2026-07-15 15:01:30 | INFO    | backend.app.services.search_service:search:41 - Search mode triggered: hybrid for query: 'Summarize this document.'
2026-07-15 15:01:30 | INFO    | backend.app.services.retrieval_service:retrieve_relevant_chunks:107 - Searching 4 chunks (doc_id=098ca35b-a717-4219-8837-f4e653a32c16) with threshold=0.0
2026-07-15 15:01:30 | INFO    | backend.app.services.retrieval_service:retrieve_relevant_chunks:154 - Retrieved 4 relevant chunks (after overlap dedup) matching search criteria.
2026-07-15 15:01:30 | INFO    | backend.app.services.ai_orchestrator:process_chat_query:177 - CONTEXT BUILD
2026-07-15 15:01:30 | INFO    | backend.app.services.context_builder:build_context:30 - Building reasoning context for query 'Summarize this document....' with 3 chunks.
2026-07-15 15:01:30 | INFO    | backend.app.services.context_builder:build_context:101 - Reasoning context assembled successfully. Length: 1021 chars.
2026-07-15 15:01:30 | INFO    | backend.app.services.reasoning_service:reason:676 - REASONING START
2026-07-15 15:01:30 | INFO    | backend.app.services.reasoning_service:reason:677 - Reasoning query: 'Summarize this document.'
2026-07-15 15:01:30 | INFO    | backend.app.services.reasoning_service:reason:682 - Inferred intent: Summary
2026-07-15 15:01:31 | INFO    | backend.app.services.reasoning_service:reason:763 - TOKENS GENERATED
2026-07-15 15:01:31 | INFO    | backend.app.services.reasoning_service:reason:764 - ANSWER GENERATED
2026-07-15 15:01:31 | INFO    | backend.app.services.answer_formatter:format_response:222 - Formatting final chat response. Confidence=90.0
2026-07-15 15:01:31 | INFO    | backend.app.services.answer_formatter:format_response:223 - ANSWER GENERATED
2026-07-15 15:01:31 | INFO    | backend.app.services.conversation_memory:add_message:50 - Added message to session psek from role 'user'
2026-07-15 15:01:31 | INFO    | backend.app.services.conversation_memory:add_message:50 - Added message to session psek from role 'assistant'
2026-07-15 15:01:31 | INFO    | backend.app.services.trainer_service:save_training_sample:126 - Saved training sample for doc_id 098ca35b-a717-4219-8837-f4e653a32c16 to D:\MYGPT\data\training_samples.jsonl
2026-07-15 15:01:43 | INFO    | backend.app.services.conversation_memory:set_active_document:93 - Session psek active document set to 098ca35b-a717-4219-8837-f4e653a32c16
2026-07-15 15:01:43 | INFO    | backend.app.services.search_service:search:38 - RETRIEVAL START
2026-07-15 15:01:43 | INFO    | backend.app.services.search_service:search:39 - TOP K: 3
2026-07-15 15:01:43 | INFO    | backend.app.services.search_service:search:40 - SIMILARITY: 0.0
2026-07-15 15:01:43 | INFO    | backend.app.services.search_service:search:41 - Search mode triggered: hybrid for query: 'What is the main conclusion of the document?'
2026-07-15 15:01:43 | INFO    | backend.app.services.retrieval_service:retrieve_relevant_chunks:107 - Searching 4 chunks (doc_id=098ca35b-a717-4219-8837-f4e653a32c16) with threshold=0.0
2026-07-15 15:01:43 | INFO    | backend.app.services.retrieval_service:retrieve_relevant_chunks:154 - Retrieved 4 relevant chunks (after overlap dedup) matching search criteria.
2026-07-15 15:01:43 | INFO    | backend.app.services.ai_orchestrator:process_chat_query:177 - CONTEXT BUILD
2026-07-15 15:01:43 | INFO    | backend.app.services.context_builder:build_context:30 - Building reasoning context for query 'What is the main conclusion of...' with 3 chunks.
2026-07-15 15:01:43 | INFO    | backend.app.services.context_builder:build_context:101 - Reasoning context assembled successfully. Length: 1021 chars.
2026-07-15 15:01:43 | INFO    | backend.app.services.reasoning_service:reason:676 - REASONING START
2026-07-15 15:01:43 | INFO    | backend.app.services.reasoning_service:reason:677 - Reasoning query: 'What is the main conclusion of the document?'
2026-07-15 15:01:43 | INFO    | backend.app.services.reasoning_service:reason:682 - Inferred intent: Summary
2026-07-15 15:01:44 | INFO    | backend.app.services.reasoning_service:reason:763 - TOKENS GENERATED
2026-07-15 15:01:44 | INFO    | backend.app.services.reasoning_service:reason:764 - ANSWER GENERATED
2026-07-15 15:01:44 | INFO    | backend.app.services.answer_formatter:format_response:222 - Formatting final chat response. Confidence=90.0
2026-07-15 15:01:44 | INFO    | backend.app.services.answer_formatter:format_response:223 - ANSWER GENERATED
2026-07-15 15:01:44 | INFO    | backend.app.services.conversation_memory:add_message:50 - Added message to session psek from role 'user'
2026-07-15 15:01:44 | INFO    | backend.app.services.conversation_memory:add_message:50 - Added message to session psek from role 'assistant'
2026-07-15 15:01:44 | INFO    | backend.app.services.trainer_service:save_training_sample:126 - Saved training sample for doc_id 098ca35b-a717-4219-8837-f4e653a32c16 to D:\MYGPT\data\training_samples.jsonl
2026-07-15 15:06:45 | INFO    | backend.app.services.document_manager:delete_document:155 - Removed physical file: D:\MYGPT\data\uploads\098ca35b-a717-4219-8837-f4e653a32c16.pdf
2026-07-15 15:06:45 | INFO    | backend.app.services.document_manager:delete_document:162 - Removed document 098ca35b-a717-4219-8837-f4e653a32c16 from metadata database.
2026-07-15 15:06:45 | INFO    | backend.app.services.indexing_service:delete_document_index:61 - Deleting document index: 098ca35b-a717-4219-8837-f4e653a32c16
2026-07-15 15:06:45 | INFO    | backend.app.services.storage_service:delete_chunks:110 - Deleting chunks for document 098ca35b-a717-4219-8837-f4e653a32c16 from JSON store.
2026-07-15 15:06:45 | INFO    | backend.app.services.knowledge_service:delete_knowledge:401 - Deleting structured knowledge for document: 098ca35b-a717-4219-8837-f4e653a32c16
2026-07-15 15:06:59 | INFO    | backend.app.api.routers.document:upload_document:48 - API triggered upload for file EBO TB Topup_export_20260617_160221.xlsx with chunk_size=500
2026-07-15 15:06:59 | INFO    | backend.app.services.ai_orchestrator:process_new_document:40 - UPLOAD START
2026-07-15 15:06:59 | INFO    | backend.app.services.document_manager:upload_document:73 - Saving uploaded document: EBO TB Topup_export_20260617_160221.xlsx as 14fdc23a-ca8d-42bb-9d46-efb2a81bb364.xlsx
2026-07-15 15:06:59 | INFO    | backend.app.services.ai_orchestrator:process_new_document:46 - UPLOAD END
2026-07-15 15:06:59 | INFO    | backend.app.services.ai_orchestrator:process_new_document:50 - PARSING START
2026-07-15 15:06:59 | INFO    | backend.app.services.document_parser:parse:136 - PARSING START
2026-07-15 15:07:00 | INFO    | backend.app.services.document_parser:parse:137 - Parsing document: D:\MYGPT\data\uploads\14fdc23a-ca8d-42bb-9d46-efb2a81bb364.xlsx
2026-07-15 15:07:26 | INFO    | backend.app.services.document_parser:parse:212 - PARSING END
2026-07-15 15:07:26 | INFO    | backend.app.services.document_parser:parse:213 - TOTAL LATENCY (parse): 26347.25 ms
2026-07-15 15:07:31 | INFO    | backend.app.services.ai_orchestrator:process_new_document:53 - PARSING END
2026-07-15 15:07:31 | INFO    | backend.app.services.ai_orchestrator:process_new_document:60 - ========================================
2026-07-15 15:07:31 | INFO    | backend.app.services.ai_orchestrator:process_new_document:61 - INGESTION DEBUG METRICS
2026-07-15 15:07:31 | INFO    | backend.app.services.ai_orchestrator:process_new_document:62 - ========================================
2026-07-15 15:07:31 | INFO    | backend.app.services.ai_orchestrator:process_new_document:63 - DOCUMENT TYPE: .XLSX
2026-07-15 15:07:31 | INFO    | backend.app.services.ai_orchestrator:process_new_document:64 - Extracted Characters: 550686
2026-07-15 15:07:31 | INFO    | backend.app.services.ai_orchestrator:process_new_document:65 - Extracted Words: 84109
2026-07-15 15:07:31 | INFO    | backend.app.services.ai_orchestrator:process_new_document:66 - Validation Passed: YES
2026-07-15 15:07:31 | INFO    | backend.app.services.ai_orchestrator:process_new_document:67 - Execution Time: 32104.43 ms
2026-07-15 15:07:31 | INFO    | backend.app.services.ai_orchestrator:process_new_document:68 - ========================================
2026-07-15 15:07:32 | INFO    | backend.app.services.ai_orchestrator:index_document_background:86 - CHUNKING START
2026-07-15 15:07:32 | INFO    | backend.app.services.chunk_service:chunk_document:97 - Chunking document: 14fdc23a-ca8d-42bb-9d46-efb2a81bb364 with size=500, overlap=50
2026-07-15 15:07:34 | INFO    | backend.app.services.chunk_service:chunk_document:260 - Completed chunking. Generated 1 chunks for document: 14fdc23a-ca8d-42bb-9d46-efb2a81bb364
2026-07-15 15:07:34 | INFO    | backend.app.services.ai_orchestrator:index_document_background:88 - CHUNK COUNT: 1
2026-07-15 15:07:34 | INFO    | backend.app.services.ai_orchestrator:index_document_background:99 - DOCUMENT UNDERSTANDING START
2026-07-15 15:07:39 | INFO    | backend.app.services.knowledge_service:save_knowledge:389 - Persisting structured knowledge for document: 14fdc23a-ca8d-42bb-9d46-efb2a81bb364
2026-07-15 15:07:39 | INFO    | backend.app.services.ai_orchestrator:index_document_background:109 - DOCUMENT UNDERSTANDING END
2026-07-15 15:07:39 | INFO    | backend.app.services.ai_orchestrator:index_document_background:110 - Knowledge Built: YES
2026-07-15 15:07:39 | INFO    | backend.app.services.ai_orchestrator:index_document_background:114 - EMBEDDING START
2026-07-15 15:07:43 | INFO    | backend.app.services.ai_orchestrator:index_document_background:117 - EMBEDDING END
2026-07-15 15:07:43 | INFO    | backend.app.services.ai_orchestrator:index_document_background:121 - INDEXING START
2026-07-15 15:07:43 | INFO    | backend.app.services.storage_service:save_chunks:87 - Saving 1 chunks for document 14fdc23a-ca8d-42bb-9d46-efb2a81bb364 to JSON store.
2026-07-15 15:07:43 | INFO    | backend.app.services.ai_orchestrator:index_document_background:126 - INDEXING END
2026-07-15 15:07:43 | INFO    | backend.app.services.ai_orchestrator:index_document_background:127 - Indexed Chunks: 1
2026-07-15 15:07:43 | INFO    | backend.app.services.ai_orchestrator:index_document_background:132 - TOTAL LATENCY: 11295.23 ms
2026-07-15 15:08:02 | INFO    | backend.app.services.conversation_memory:set_active_document:93 - Session psek active document set to 14fdc23a-ca8d-42bb-9d46-efb2a81bb364
2026-07-15 15:08:02 | INFO    | backend.app.services.search_service:search:38 - RETRIEVAL START
2026-07-15 15:08:02 | INFO    | backend.app.services.search_service:search:39 - TOP K: 3
2026-07-15 15:08:02 | INFO    | backend.app.services.search_service:search:40 - SIMILARITY: 0.0
2026-07-15 15:08:02 | INFO    | backend.app.services.search_service:search:41 - Search mode triggered: hybrid for query: 'give me the total amount of the document'
2026-07-15 15:08:02 | INFO    | backend.app.services.retrieval_service:retrieve_relevant_chunks:107 - Searching 1 chunks (doc_id=14fdc23a-ca8d-42bb-9d46-efb2a81bb364) with threshold=0.0
2026-07-15 15:08:03 | INFO    | backend.app.services.retrieval_service:retrieve_relevant_chunks:154 - Retrieved 1 relevant chunks (after overlap dedup) matching search criteria.
2026-07-15 15:08:03 | INFO    | backend.app.services.ai_orchestrator:process_chat_query:177 - CONTEXT BUILD
2026-07-15 15:08:03 | INFO    | backend.app.services.context_builder:build_context:30 - Building reasoning context for query 'give me the total amount of th...' with 1 chunks.
2026-07-15 15:08:04 | INFO    | backend.app.services.context_builder:build_context:101 - Reasoning context assembled successfully. Length: 1015 chars.
2026-07-15 15:08:04 | INFO    | backend.app.services.reasoning_service:reason:676 - REASONING START
2026-07-15 15:08:04 | INFO    | backend.app.services.reasoning_service:reason:677 - Reasoning query: 'give me the total amount of the document'
2026-07-15 15:08:04 | INFO    | backend.app.services.reasoning_service:reason:682 - Inferred intent: Invoice
2026-07-15 15:08:05 | INFO    | backend.app.services.reasoning_service:reason:763 - TOKENS GENERATED
2026-07-15 15:08:05 | INFO    | backend.app.services.reasoning_service:reason:764 - ANSWER GENERATED
2026-07-15 15:08:05 | INFO    | backend.app.services.answer_formatter:format_response:222 - Formatting final chat response. Confidence=90.0
2026-07-15 15:08:05 | INFO    | backend.app.services.answer_formatter:format_response:223 - ANSWER GENERATED
2026-07-15 15:08:05 | INFO    | backend.app.services.conversation_memory:add_message:50 - Added message to session psek from role 'user'
2026-07-15 15:08:05 | INFO    | backend.app.services.conversation_memory:add_message:50 - Added message to session psek from role 'assistant'
2026-07-15 15:08:05 | INFO    | backend.app.services.trainer_service:save_training_sample:126 - Saved training sample for doc_id 14fdc23a-ca8d-42bb-9d46-efb2a81bb364 to D:\MYGPT\data\training_samples.jsonl
2026-07-15 15:08:18 | INFO    | backend.app.services.conversation_memory:set_active_document:93 - Session psek active document set to 14fdc23a-ca8d-42bb-9d46-efb2a81bb364
2026-07-15 15:08:18 | INFO    | backend.app.services.search_service:search:38 - RETRIEVAL START
2026-07-15 15:08:18 | INFO    | backend.app.services.search_service:search:39 - TOP K: 3
2026-07-15 15:08:18 | INFO    | backend.app.services.search_service:search:40 - SIMILARITY: 0.0
2026-07-15 15:08:18 | INFO    | backend.app.services.search_service:search:41 - Search mode triggered: hybrid for query: 'Can you explain the details regarding orororororororororororororororororororororororororororororor?'
2026-07-15 15:08:18 | INFO    | backend.app.services.retrieval_service:retrieve_relevant_chunks:107 - Searching 1 chunks (doc_id=14fdc23a-ca8d-42bb-9d46-efb2a81bb364) with threshold=0.0
2026-07-15 15:08:19 | INFO    | backend.app.services.retrieval_service:retrieve_relevant_chunks:154 - Retrieved 1 relevant chunks (after overlap dedup) matching search criteria.
2026-07-15 15:08:20 | INFO    | backend.app.services.ai_orchestrator:process_chat_query:177 - CONTEXT BUILD
2026-07-15 15:08:20 | INFO    | backend.app.services.context_builder:build_context:30 - Building reasoning context for query 'Can you explain the details re...' with 1 chunks.
2026-07-15 15:08:20 | INFO    | backend.app.services.context_builder:build_context:101 - Reasoning context assembled successfully. Length: 1515 chars.
2026-07-15 15:08:20 | INFO    | backend.app.services.reasoning_service:reason:676 - REASONING START
2026-07-15 15:08:20 | INFO    | backend.app.services.reasoning_service:reason:677 - Reasoning query: 'Can you explain the details regarding orororororororororororororororororororororororororororororor?'
2026-07-15 15:08:20 | INFO    | backend.app.services.reasoning_service:reason:682 - Inferred intent: Explanation
2026-07-15 15:08:22 | INFO    | backend.app.services.reasoning_service:reason:763 - TOKENS GENERATED
2026-07-15 15:08:22 | INFO    | backend.app.services.reasoning_service:reason:764 - ANSWER GENERATED
2026-07-15 15:08:22 | INFO    | backend.app.services.answer_formatter:format_response:222 - Formatting final chat response. Confidence=90.0
2026-07-15 15:08:22 | INFO    | backend.app.services.answer_formatter:format_response:223 - ANSWER GENERATED
2026-07-15 15:08:22 | INFO    | backend.app.services.conversation_memory:add_message:50 - Added message to session psek from role 'user'
2026-07-15 15:08:22 | INFO    | backend.app.services.conversation_memory:add_message:50 - Added message to session psek from role 'assistant'
2026-07-15 15:08:22 | INFO    | backend.app.services.trainer_service:save_training_sample:126 - Saved training sample for doc_id 14fdc23a-ca8d-42bb-9d46-efb2a81bb364 to D:\MYGPT\data\training_samples.jsonl
2026-07-15 15:08:55 | INFO    | backend.app.services.conversation_memory:set_active_document:93 - Session psek active document set to 14fdc23a-ca8d-42bb-9d46-efb2a81bb364
2026-07-15 15:08:55 | INFO    | backend.app.services.search_service:search:38 - RETRIEVAL START
2026-07-15 15:08:55 | INFO    | backend.app.services.search_service:search:39 - TOP K: 3
2026-07-15 15:08:55 | INFO    | backend.app.services.search_service:search:40 - SIMILARITY: 0.0
2026-07-15 15:08:55 | INFO    | backend.app.services.search_service:search:41 - Search mode triggered: hybrid for query: 'what is the reason for your delay response'
2026-07-15 15:08:55 | INFO    | backend.app.services.retrieval_service:retrieve_relevant_chunks:107 - Searching 1 chunks (doc_id=14fdc23a-ca8d-42bb-9d46-efb2a81bb364) with threshold=0.0
2026-07-15 15:08:58 | INFO    | backend.app.services.retrieval_service:retrieve_relevant_chunks:154 - Retrieved 1 relevant chunks (after overlap dedup) matching search criteria.
2026-07-15 15:08:58 | INFO    | backend.app.services.ai_orchestrator:process_chat_query:177 - CONTEXT BUILD
2026-07-15 15:08:58 | INFO    | backend.app.services.context_builder:build_context:30 - Building reasoning context for query 'what is the reason for your de...' with 1 chunks.
2026-07-15 15:08:58 | INFO    | backend.app.services.context_builder:build_context:101 - Reasoning context assembled successfully. Length: 1515 chars.
2026-07-15 15:08:58 | INFO    | backend.app.services.reasoning_service:reason:676 - REASONING START
2026-07-15 15:08:58 | INFO    | backend.app.services.reasoning_service:reason:677 - Reasoning query: 'what is the reason for your delay response'
2026-07-15 15:08:59 | INFO    | backend.app.services.reasoning_service:reason:682 - Inferred intent: Question Answering
2026-07-15 15:09:05 | INFO    | backend.app.services.reasoning_service:reason:763 - TOKENS GENERATED
2026-07-15 15:09:05 | INFO    | backend.app.services.reasoning_service:reason:764 - ANSWER GENERATED
2026-07-15 15:09:05 | INFO    | backend.app.services.answer_formatter:format_response:222 - Formatting final chat response. Confidence=90.0
2026-07-15 15:09:05 | INFO    | backend.app.services.answer_formatter:format_response:223 - ANSWER GENERATED
2026-07-15 15:09:05 | INFO    | backend.app.services.conversation_memory:add_message:50 - Added message to session psek from role 'user'
2026-07-15 15:09:05 | INFO    | backend.app.services.conversation_memory:add_message:50 - Added message to session psek from role 'assistant'
2026-07-15 15:09:05 | INFO    | backend.app.services.trainer_service:save_training_sample:126 - Saved training sample for doc_id 14fdc23a-ca8d-42bb-9d46-efb2a81bb364 to D:\MYGPT\data\training_samples.jsonl
2026-07-15 15:09:28 | INFO    | backend.app.services.conversation_memory:set_active_document:93 - Session psek active document set to 14fdc23a-ca8d-42bb-9d46-efb2a81bb364
2026-07-15 15:09:28 | INFO    | backend.app.services.search_service:search:38 - RETRIEVAL START
2026-07-15 15:09:28 | INFO    | backend.app.services.search_service:search:39 - TOP K: 3
2026-07-15 15:09:28 | INFO    | backend.app.services.search_service:search:40 - SIMILARITY: 0.0
2026-07-15 15:09:28 | INFO    | backend.app.services.search_service:search:41 - Search mode triggered: hybrid for query: 'What is the context of this information?'
2026-07-15 15:09:28 | INFO    | backend.app.services.retrieval_service:retrieve_relevant_chunks:107 - Searching 1 chunks (doc_id=14fdc23a-ca8d-42bb-9d46-efb2a81bb364) with threshold=0.0
2026-07-15 15:09:30 | INFO    | backend.app.services.retrieval_service:retrieve_relevant_chunks:154 - Retrieved 1 relevant chunks (after overlap dedup) matching search criteria.
2026-07-15 15:09:31 | INFO    | backend.app.services.ai_orchestrator:process_chat_query:177 - CONTEXT BUILD
2026-07-15 15:09:31 | INFO    | backend.app.services.context_builder:build_context:30 - Building reasoning context for query 'What is the context of this in...' with 1 chunks.
2026-07-15 15:09:31 | INFO    | backend.app.services.context_builder:build_context:101 - Reasoning context assembled successfully. Length: 1515 chars.
2026-07-15 15:09:31 | INFO    | backend.app.services.reasoning_service:reason:676 - REASONING START
2026-07-15 15:09:31 | INFO    | backend.app.services.reasoning_service:reason:677 - Reasoning query: 'What is the context of this information?'
2026-07-15 15:09:31 | INFO    | backend.app.services.reasoning_service:reason:682 - Inferred intent: Question Answering
2026-07-15 15:09:34 | INFO    | backend.app.services.reasoning_service:reason:763 - TOKENS GENERATED
2026-07-15 15:09:34 | INFO    | backend.app.services.reasoning_service:reason:764 - ANSWER GENERATED
2026-07-15 15:09:34 | INFO    | backend.app.services.answer_formatter:format_response:222 - Formatting final chat response. Confidence=90.0
2026-07-15 15:09:34 | INFO    | backend.app.services.answer_formatter:format_response:223 - ANSWER GENERATED
2026-07-15 15:09:34 | INFO    | backend.app.services.conversation_memory:add_message:50 - Added message to session psek from role 'user'
2026-07-15 15:09:34 | INFO    | backend.app.services.conversation_memory:add_message:50 - Added message to session psek from role 'assistant'
2026-07-15 15:09:35 | INFO    | backend.app.services.trainer_service:save_training_sample:126 - Saved training sample for doc_id 14fdc23a-ca8d-42bb-9d46-efb2a81bb364 to D:\MYGPT\data\training_samples.jsonl
2026-07-15 15:13:49 | INFO    | backend.app.services.conversation_memory:set_active_document:93 - Session gl69c active document set to 14fdc23a-ca8d-42bb-9d46-efb2a81bb364
2026-07-15 15:13:49 | INFO    | backend.app.services.search_service:search:38 - RETRIEVAL START
2026-07-15 15:13:49 | INFO    | backend.app.services.search_service:search:39 - TOP K: 3
2026-07-15 15:13:49 | INFO    | backend.app.services.search_service:search:40 - SIMILARITY: 0.0
2026-07-15 15:13:49 | INFO    | backend.app.services.search_service:search:41 - Search mode triggered: hybrid for query: 'Summarize this document.'
2026-07-15 15:13:49 | INFO    | backend.app.services.retrieval_service:retrieve_relevant_chunks:107 - Searching 1 chunks (doc_id=14fdc23a-ca8d-42bb-9d46-efb2a81bb364) with threshold=0.0
2026-07-15 15:13:51 | INFO    | backend.app.services.retrieval_service:retrieve_relevant_chunks:154 - Retrieved 1 relevant chunks (after overlap dedup) matching search criteria.
2026-07-15 15:13:52 | INFO    | backend.app.services.ai_orchestrator:process_chat_query:177 - CONTEXT BUILD
2026-07-15 15:13:52 | INFO    | backend.app.services.context_builder:build_context:30 - Building reasoning context for query 'Summarize this document....' with 1 chunks.
2026-07-15 15:13:53 | INFO    | backend.app.services.context_builder:build_context:101 - Reasoning context assembled successfully. Length: 2515 chars.
2026-07-15 15:13:53 | INFO    | backend.app.services.reasoning_service:reason:676 - REASONING START
2026-07-15 15:13:53 | INFO    | backend.app.services.reasoning_service:reason:677 - Reasoning query: 'Summarize this document.'
2026-07-15 15:13:53 | INFO    | backend.app.services.reasoning_service:reason:682 - Inferred intent: Summary
2026-07-15 15:13:58 | INFO    | backend.app.services.reasoning_service:reason:763 - TOKENS GENERATED
2026-07-15 15:13:58 | INFO    | backend.app.services.reasoning_service:reason:764 - ANSWER GENERATED
2026-07-15 15:13:58 | INFO    | backend.app.services.answer_formatter:format_response:222 - Formatting final chat response. Confidence=90.0
2026-07-15 15:13:58 | INFO    | backend.app.services.answer_formatter:format_response:223 - ANSWER GENERATED
2026-07-15 15:13:58 | INFO    | backend.app.services.conversation_memory:add_message:50 - Added message to session gl69c from role 'user'
2026-07-15 15:13:58 | INFO    | backend.app.services.conversation_memory:add_message:50 - Added message to session gl69c from role 'assistant'
2026-07-15 15:13:59 | INFO    | backend.app.services.trainer_service:save_training_sample:126 - Saved training sample for doc_id 14fdc23a-ca8d-42bb-9d46-efb2a81bb364 to D:\MYGPT\data\training_samples.jsonl
2026-07-15 15:22:01 | INFO    | app.main:websocket_training:149 - WebSocket client disconnected from training stream.
2026-07-15 15:22:06 | INFO    | backend.app.services.conversation_memory:set_active_document:93 - Session ka6flb active document set to 14fdc23a-ca8d-42bb-9d46-efb2a81bb364
2026-07-15 15:22:06 | INFO    | backend.app.services.search_service:search:38 - RETRIEVAL START
2026-07-15 15:22:06 | INFO    | backend.app.services.search_service:search:39 - TOP K: 3
2026-07-15 15:22:06 | INFO    | backend.app.services.search_service:search:40 - SIMILARITY: 0.0
2026-07-15 15:22:06 | INFO    | backend.app.services.search_service:search:41 - Search mode triggered: hybrid for query: 'Summarize this document.'
2026-07-15 15:22:06 | INFO    | backend.app.services.retrieval_service:retrieve_relevant_chunks:107 - Searching 1 chunks (doc_id=14fdc23a-ca8d-42bb-9d46-efb2a81bb364) with threshold=0.0
2026-07-15 15:22:06 | INFO    | backend.app.services.retrieval_service:retrieve_relevant_chunks:154 - Retrieved 1 relevant chunks (after overlap dedup) matching search criteria.
2026-07-15 15:22:06 | INFO    | backend.app.services.ai_orchestrator:process_chat_query:177 - CONTEXT BUILD
2026-07-15 15:22:06 | INFO    | backend.app.services.context_builder:build_context:30 - Building reasoning context for query 'Summarize this document....' with 1 chunks.
2026-07-15 15:22:06 | INFO    | backend.app.services.context_builder:build_context:101 - Reasoning context assembled successfully. Length: 2515 chars.
2026-07-15 15:22:06 | INFO    | backend.app.services.reasoning_service:reason:676 - REASONING START
2026-07-15 15:22:06 | INFO    | backend.app.services.reasoning_service:reason:677 - Reasoning query: 'Summarize this document.'
2026-07-15 15:22:06 | INFO    | backend.app.services.reasoning_service:reason:682 - Inferred intent: Summary
2026-07-15 15:22:07 | INFO    | backend.app.services.reasoning_service:reason:763 - TOKENS GENERATED
2026-07-15 15:22:07 | INFO    | backend.app.services.reasoning_service:reason:764 - ANSWER GENERATED
2026-07-15 15:22:07 | INFO    | backend.app.services.answer_formatter:format_response:222 - Formatting final chat response. Confidence=90.0
2026-07-15 15:22:07 | INFO    | backend.app.services.answer_formatter:format_response:223 - ANSWER GENERATED
2026-07-15 15:22:07 | INFO    | backend.app.services.conversation_memory:add_message:50 - Added message to session ka6flb from role 'user'
2026-07-15 15:22:07 | INFO    | backend.app.services.conversation_memory:add_message:50 - Added message to session ka6flb from role 'assistant'
2026-07-15 15:22:07 | INFO    | backend.app.services.trainer_service:save_training_sample:126 - Saved training sample for doc_id 14fdc23a-ca8d-42bb-9d46-efb2a81bb364 to D:\MYGPT\data\training_samples.jsonl
2026-07-15 15:45:19 | INFO    | app.main:websocket_training:149 - WebSocket client disconnected from training stream.
2026-07-15 15:45:19 | INFO    | app.main:websocket_training:149 - WebSocket client disconnected from training stream.
2026-07-15 15:45:29 | INFO    | backend.app.services.conversation_memory:set_active_document:93 - Session hl1usr active document set to 14fdc23a-ca8d-42bb-9d46-efb2a81bb364
2026-07-15 15:45:29 | INFO    | backend.app.services.search_service:search:38 - RETRIEVAL START
2026-07-15 15:45:29 | INFO    | backend.app.services.search_service:search:39 - TOP K: 3
2026-07-15 15:45:29 | INFO    | backend.app.services.search_service:search:40 - SIMILARITY: 0.0
2026-07-15 15:45:29 | INFO    | backend.app.services.search_service:search:41 - Search mode triggered: hybrid for query: 'Summarize this document.'
2026-07-15 15:45:30 | INFO    | backend.app.services.retrieval_service:retrieve_relevant_chunks:107 - Searching 1 chunks (doc_id=14fdc23a-ca8d-42bb-9d46-efb2a81bb364) with threshold=0.0
2026-07-15 15:45:32 | INFO    | backend.app.services.retrieval_service:retrieve_relevant_chunks:154 - Retrieved 1 relevant chunks (after overlap dedup) matching search criteria.
2026-07-15 15:45:32 | INFO    | backend.app.services.ai_orchestrator:process_chat_query:177 - CONTEXT BUILD
2026-07-15 15:45:32 | INFO    | backend.app.services.context_builder:build_context:30 - Building reasoning context for query 'Summarize this document....' with 1 chunks.
2026-07-15 15:45:32 | INFO    | backend.app.services.context_builder:build_context:101 - Reasoning context assembled successfully. Length: 2515 chars.
2026-07-15 15:45:32 | INFO    | backend.app.services.reasoning_service:reason:676 - REASONING START
2026-07-15 15:45:32 | INFO    | backend.app.services.reasoning_service:reason:677 - Reasoning query: 'Summarize this document.'
2026-07-15 15:45:32 | INFO    | backend.app.services.reasoning_service:reason:682 - Inferred intent: Summary
2026-07-15 15:45:34 | INFO    | backend.app.services.reasoning_service:reason:763 - TOKENS GENERATED
2026-07-15 15:45:34 | INFO    | backend.app.services.reasoning_service:reason:764 - ANSWER GENERATED
2026-07-15 15:45:34 | INFO    | backend.app.services.answer_formatter:format_response:222 - Formatting final chat response. Confidence=90.0
2026-07-15 15:45:34 | INFO    | backend.app.services.answer_formatter:format_response:223 - ANSWER GENERATED
2026-07-15 15:45:34 | INFO    | backend.app.services.conversation_memory:add_message:50 - Added message to session hl1usr from role 'user'
2026-07-15 15:45:34 | INFO    | backend.app.services.conversation_memory:add_message:50 - Added message to session hl1usr from role 'assistant'
2026-07-15 15:45:34 | INFO    | backend.app.services.trainer_service:save_training_sample:126 - Saved training sample for doc_id 14fdc23a-ca8d-42bb-9d46-efb2a81bb364 to D:\MYGPT\data\training_samples.jsonl
2026-07-15 15:45:44 | INFO    | backend.app.services.document_manager:delete_document:155 - Removed physical file: D:\MYGPT\data\uploads\14fdc23a-ca8d-42bb-9d46-efb2a81bb364.xlsx
2026-07-15 15:45:44 | INFO    | backend.app.services.document_manager:delete_document:162 - Removed document 14fdc23a-ca8d-42bb-9d46-efb2a81bb364 from metadata database.
2026-07-15 15:45:44 | INFO    | backend.app.services.indexing_service:delete_document_index:61 - Deleting document index: 14fdc23a-ca8d-42bb-9d46-efb2a81bb364
2026-07-15 15:45:44 | INFO    | backend.app.services.storage_service:delete_chunks:110 - Deleting chunks for document 14fdc23a-ca8d-42bb-9d46-efb2a81bb364 from JSON store.
2026-07-15 15:45:44 | INFO    | backend.app.services.knowledge_service:delete_knowledge:401 - Deleting structured knowledge for document: 14fdc23a-ca8d-42bb-9d46-efb2a81bb364
2026-07-15 15:45:59 | INFO    | backend.app.api.routers.document:upload_document:48 - API triggered upload for file probation confirmation letter Fazil 1.pdf with chunk_size=500
2026-07-15 15:45:59 | INFO    | backend.app.services.ai_orchestrator:process_new_document:40 - UPLOAD START
2026-07-15 15:45:59 | INFO    | backend.app.services.document_manager:upload_document:73 - Saving uploaded document: probation confirmation letter Fazil 1.pdf as f34fc14e-0b37-4c3d-b90f-8c68d2287c6d.pdf
2026-07-15 15:45:59 | INFO    | backend.app.services.ai_orchestrator:process_new_document:46 - UPLOAD END
2026-07-15 15:45:59 | INFO    | backend.app.services.ai_orchestrator:process_new_document:50 - PARSING START
2026-07-15 15:46:00 | INFO    | backend.app.services.document_parser:parse:136 - PARSING START
2026-07-15 15:46:00 | INFO    | backend.app.services.document_parser:parse:137 - Parsing document: D:\MYGPT\data\uploads\f34fc14e-0b37-4c3d-b90f-8c68d2287c6d.pdf
2026-07-15 15:46:00 | INFO    | backend.app.services.document_parser:_parse_pdf:247 - OCR START
2026-07-15 15:46:00 | INFO    | backend.app.services.document_parser:_parse_pdf:248 - PDF appears to be scanned or selectable text is too short (0 words). Dispatching to OCR...
2026-07-15 15:46:00 | INFO    | backend.app.services.ocr_service:extract_text_from_scanned_pdf:118 - Running OCR on PDF: D:\MYGPT\data\uploads\f34fc14e-0b37-4c3d-b90f-8c68d2287c6d.pdf
2026-07-15 15:46:00 | INFO    | backend.app.services.document_parser:_parse_pdf:250 - OCR END
2026-07-15 15:46:00 | ERROR   | backend.app.services.document_parser:parse:203 - Validation failed: text too short (1 words) or invalid.
2026-07-15 15:46:00 | ERROR   | backend.app.services.ai_orchestrator:process_new_document:74 - Failed to parse document f34fc14e-0b37-4c3d-b90f-8c68d2287c6d: Unable to extract readable text from the uploaded document.
2026-07-15 15:46:00 | INFO    | backend.app.services.ai_orchestrator:process_new_document:75 - Validation Passed: NO
2026-07-15 15:46:00 | ERROR   | backend.app.api.routers.document:upload_document:67 - Document upload API failed: Unable to extract readable text from the uploaded document.
Traceback (most recent call last):

  File "<string>", line 1, in <module>
  File "C:\Python314\Lib\multiprocessing\spawn.py", line 122, in spawn_main
    exitcode = _main(fd, parent_sentinel)
               │     │   └ 640
               │     └ 3
               └ <function _main at 0x000001D24AB15F30>
  File "C:\Python314\Lib\multiprocessing\spawn.py", line 135, in _main
    return self._bootstrap(parent_sentinel)
           │    │          └ 640
           │    └ <function BaseProcess._bootstrap at 0x000001D24A5EC0F0>
           └ <SpawnProcess name='SpawnProcess-7' parent=16756 started>
  File "C:\Python314\Lib\multiprocessing\process.py", line 320, in _bootstrap
    self.run()
    │    └ <function BaseProcess.run at 0x000001D24A5EB3D0>
    └ <SpawnProcess name='SpawnProcess-7' parent=16756 started>
  File "C:\Python314\Lib\multiprocessing\process.py", line 108, in run
    self._target(*self._args, **self._kwargs)
    │    │        │    │        │    └ {'config': <uvicorn.config.Config object at 0x000001D24B942660>, 'target': <bound method Server.run of <uvicorn.server.Server...
    │    │        │    │        └ <SpawnProcess name='SpawnProcess-7' parent=16756 started>
    │    │        │    └ ()
    │    │        └ <SpawnProcess name='SpawnProcess-7' parent=16756 started>
    │    └ <function subprocess_started at 0x000001D24B9FF110>
    └ <SpawnProcess name='SpawnProcess-7' parent=16756 started>
  File "D:\MYGPT\backend\venv\Lib\site-packages\uvicorn\_subprocess.py", line 80, in subprocess_started
    target(sockets=sockets)
    │              └ [<socket.socket fd=712, family=2, type=1, proto=6, laddr=('127.0.0.1', 8000)>]
    └ <bound method Server.run of <uvicorn.server.Server object at 0x000001D24B9427B0>>
  File "D:\MYGPT\backend\venv\Lib\site-packages\uvicorn\server.py", line 74, in run
    return asyncio_run(self.serve(sockets=sockets), loop_factory=self.config.get_loop_factory())
           │           │    │             │                      │    │      └ <function Config.get_loop_factory at 0x000001D24B86CEB0>
           │           │    │             │                      │    └ <uvicorn.config.Config object at 0x000001D24B942660>
           │           │    │             │                      └ <uvicorn.server.Server object at 0x000001D24B9427B0>
           │           │    │             └ [<socket.socket fd=712, family=2, type=1, proto=6, laddr=('127.0.0.1', 8000)>]
           │           │    └ <function Server.serve at 0x000001D24B9FCEB0>
           │           └ <uvicorn.server.Server object at 0x000001D24B9427B0>
           └ <function run at 0x000001D24B6428D0>
  File "C:\Python314\Lib\asyncio\runners.py", line 204, in run
    return runner.run(main)
           │      │   └ <coroutine object Server.serve at 0x000001D24BA389A0>
           │      └ <function Runner.run at 0x000001D24B642CF0>
           └ <asyncio.runners.Runner object at 0x000001D24B943620>
  File "C:\Python314\Lib\asyncio\runners.py", line 127, in run
    return self._loop.run_until_complete(task)
           │    │     │                  └ <Task pending name='Task-1' coro=<Server.serve() running at D:\MYGPT\backend\venv\Lib\site-packages\uvicorn\server.py:78> wai...
           │    │     └ <function BaseEventLoop.run_until_complete at 0x000001D24B647060>
           │    └ <_WindowsSelectorEventLoop running=True closed=False debug=False>
           └ <asyncio.runners.Runner object at 0x000001D24B943620>
  File "C:\Python314\Lib\asyncio\base_events.py", line 706, in run_until_complete
    self.run_forever()
    │    └ <function BaseEventLoop.run_forever at 0x000001D24B646FB0>
    └ <_WindowsSelectorEventLoop running=True closed=False debug=False>
  File "C:\Python314\Lib\asyncio\base_events.py", line 677, in run_forever
    self._run_once()
    │    └ <function BaseEventLoop._run_once at 0x000001D24B641170>
    └ <_WindowsSelectorEventLoop running=True closed=False debug=False>
  File "C:\Python314\Lib\asyncio\base_events.py", line 2046, in _run_once
    handle._run()
    │      └ <function Handle._run at 0x000001D24B564CA0>
    └ <Handle <_asyncio.TaskStepMethWrapper object at 0x000001D25F0C52A0>()>
  File "C:\Python314\Lib\asyncio\events.py", line 94, in _run
    self._context.run(self._callback, *self._args)
    │    │            │    │           │    └ <member '_args' of 'Handle' objects>
    │    │            │    │           └ <Handle <_asyncio.TaskStepMethWrapper object at 0x000001D25F0C52A0>()>
    │    │            │    └ <member '_callback' of 'Handle' objects>
    │    │            └ <Handle <_asyncio.TaskStepMethWrapper object at 0x000001D25F0C52A0>()>
    │    └ <member '_context' of 'Handle' objects>
    └ <Handle <_asyncio.TaskStepMethWrapper object at 0x000001D25F0C52A0>()>
  File "D:\MYGPT\backend\venv\Lib\site-packages\uvicorn\protocols\http\h11_impl.py", line 416, in run_asgi
    result = await app(  # type: ignore[func-returns-value]
                   └ <uvicorn.middleware.proxy_headers.ProxyHeadersMiddleware object at 0x000001D25E542510>
  File "D:\MYGPT\backend\venv\Lib\site-packages\uvicorn\middleware\proxy_headers.py", line 63, in __call__
    return await self.app(scope, receive, send)
                 │    │   │      │        └ <bound method RequestResponseCycle.send of <uvicorn.protocols.http.h11_impl.RequestResponseCycle object at 0x000001D25E9E3D90>>
                 │    │   │      └ <bound method RequestResponseCycle.receive of <uvicorn.protocols.http.h11_impl.RequestResponseCycle object at 0x000001D25E9E3...
                 │    │   └ {'type': 'http', 'asgi': {'version': '3.0', 'spec_version': '2.3'}, 'http_version': '1.1', 'server': ('127.0.0.1', 8000), 'cl...
                 │    └ <fastapi.applications.FastAPI object at 0x000001D25E541BE0>
                 └ <uvicorn.middleware.proxy_headers.ProxyHeadersMiddleware object at 0x000001D25E542510>
  File "D:\MYGPT\backend\venv\Lib\site-packages\fastapi\applications.py", line 1163, in __call__
    await super().__call__(scope, receive, send)
                           │      │        └ <bound method RequestResponseCycle.send of <uvicorn.protocols.http.h11_impl.RequestResponseCycle object at 0x000001D25E9E3D90>>
                           │      └ <bound method RequestResponseCycle.receive of <uvicorn.protocols.http.h11_impl.RequestResponseCycle object at 0x000001D25E9E3...
                           └ {'type': 'http', 'asgi': {'version': '3.0', 'spec_version': '2.3'}, 'http_version': '1.1', 'server': ('127.0.0.1', 8000), 'cl...
  File "D:\MYGPT\backend\venv\Lib\site-packages\starlette\applications.py", line 90, in __call__
    await self.middleware_stack(scope, receive, send)
          │    │                │      │        └ <bound method RequestResponseCycle.send of <uvicorn.protocols.http.h11_impl.RequestResponseCycle object at 0x000001D25E9E3D90>>
          │    │                │      └ <bound method RequestResponseCycle.receive of <uvicorn.protocols.http.h11_impl.RequestResponseCycle object at 0x000001D25E9E3...
          │    │                └ {'type': 'http', 'asgi': {'version': '3.0', 'spec_version': '2.3'}, 'http_version': '1.1', 'server': ('127.0.0.1', 8000), 'cl...
          │    └ <starlette.middleware.errors.ServerErrorMiddleware object at 0x000001D25E542F90>
          └ <fastapi.applications.FastAPI object at 0x000001D25E541BE0>
  File "D:\MYGPT\backend\venv\Lib\site-packages\starlette\middleware\errors.py", line 164, in __call__
    await self.app(scope, receive, _send)
          │    │   │      │        └ <function ServerErrorMiddleware.__call__.<locals>._send at 0x000001D25EA1ACF0>
          │    │   │      └ <bound method RequestResponseCycle.receive of <uvicorn.protocols.http.h11_impl.RequestResponseCycle object at 0x000001D25E9E3...
          │    │   └ {'type': 'http', 'asgi': {'version': '3.0', 'spec_version': '2.3'}, 'http_version': '1.1', 'server': ('127.0.0.1', 8000), 'cl...
          │    └ <starlette.middleware.cors.CORSMiddleware object at 0x000001D25E542E40>
          └ <starlette.middleware.errors.ServerErrorMiddleware object at 0x000001D25E542F90>
  File "D:\MYGPT\backend\venv\Lib\site-packages\starlette\middleware\cors.py", line 96, in __call__
    await self.simple_response(scope, receive, send, request_headers=headers)
          │    │               │      │        │                     └ Headers({'host': '127.0.0.1:8000', 'connection': 'keep-alive', 'content-length': '145031', 'sec-ch-ua-platform': '"Windows"',...
          │    │               │      │        └ <function ServerErrorMiddleware.__call__.<locals>._send at 0x000001D25EA1ACF0>
          │    │               │      └ <bound method RequestResponseCycle.receive of <uvicorn.protocols.http.h11_impl.RequestResponseCycle object at 0x000001D25E9E3...
          │    │               └ {'type': 'http', 'asgi': {'version': '3.0', 'spec_version': '2.3'}, 'http_version': '1.1', 'server': ('127.0.0.1', 8000), 'cl...
          │    └ <function CORSMiddleware.simple_response at 0x000001D24C546820>
          └ <starlette.middleware.cors.CORSMiddleware object at 0x000001D25E542E40>
  File "D:\MYGPT\backend\venv\Lib\site-packages\starlette\middleware\cors.py", line 154, in simple_response
    await self.app(scope, receive, send)
          │    │   │      │        └ functools.partial(<bound method CORSMiddleware.send of <starlette.middleware.cors.CORSMiddleware object at 0x000001D25E542E40...
          │    │   │      └ <bound method RequestResponseCycle.receive of <uvicorn.protocols.http.h11_impl.RequestResponseCycle object at 0x000001D25E9E3...
          │    │   └ {'type': 'http', 'asgi': {'version': '3.0', 'spec_version': '2.3'}, 'http_version': '1.1', 'server': ('127.0.0.1', 8000), 'cl...
          │    └ <starlette.middleware.exceptions.ExceptionMiddleware object at 0x000001D25E542CF0>
          └ <starlette.middleware.cors.CORSMiddleware object at 0x000001D25E542E40>
  File "D:\MYGPT\backend\venv\Lib\site-packages\starlette\middleware\exceptions.py", line 63, in __call__
    await wrap_app_handling_exceptions(self.app, conn)(scope, receive, send)
          │                            │    │    │     │      │        └ functools.partial(<bound method CORSMiddleware.send of <starlette.middleware.cors.CORSMiddleware object at 0x000001D25E542E40...
          │                            │    │    │     │      └ <bound method RequestResponseCycle.receive of <uvicorn.protocols.http.h11_impl.RequestResponseCycle object at 0x000001D25E9E3...
          │                            │    │    │     └ {'type': 'http', 'asgi': {'version': '3.0', 'spec_version': '2.3'}, 'http_version': '1.1', 'server': ('127.0.0.1', 8000), 'cl...
          │                            │    │    └ <starlette.requests.Request object at 0x000001D25EA1B120>
          │                            │    └ <fastapi.middleware.asyncexitstack.AsyncExitStackMiddleware object at 0x000001D25E542BA0>
          │                            └ <starlette.middleware.exceptions.ExceptionMiddleware object at 0x000001D25E542CF0>
          └ <function wrap_app_handling_exceptions at 0x000001D24C45A770>
  File "D:\MYGPT\backend\venv\Lib\site-packages\starlette\_exception_handler.py", line 42, in wrapped_app
    await app(scope, receive, sender)
          │   │      │        └ <function wrap_app_handling_exceptions.<locals>.wrapped_app.<locals>.sender at 0x000001D25EA1B3D0>
          │   │      └ <bound method RequestResponseCycle.receive of <uvicorn.protocols.http.h11_impl.RequestResponseCycle object at 0x000001D25E9E3...
          │   └ {'type': 'http', 'asgi': {'version': '3.0', 'spec_version': '2.3'}, 'http_version': '1.1', 'server': ('127.0.0.1', 8000), 'cl...
          └ <fastapi.middleware.asyncexitstack.AsyncExitStackMiddleware object at 0x000001D25E542BA0>
  File "D:\MYGPT\backend\venv\Lib\site-packages\fastapi\middleware\asyncexitstack.py", line 18, in __call__
    await self.app(scope, receive, send)
          │    │   │      │        └ <function wrap_app_handling_exceptions.<locals>.wrapped_app.<locals>.sender at 0x000001D25EA1B3D0>
          │    │   │      └ <bound method RequestResponseCycle.receive of <uvicorn.protocols.http.h11_impl.RequestResponseCycle object at 0x000001D25E9E3...
          │    │   └ {'type': 'http', 'asgi': {'version': '3.0', 'spec_version': '2.3'}, 'http_version': '1.1', 'server': ('127.0.0.1', 8000), 'cl...
          │    └ <fastapi.routing.APIRouter object at 0x000001D25BEC1590>
          └ <fastapi.middleware.asyncexitstack.AsyncExitStackMiddleware object at 0x000001D25E542BA0>
  File "D:\MYGPT\backend\venv\Lib\site-packages\starlette\routing.py", line 660, in __call__
    await self.middleware_stack(scope, receive, send)
          │    │                │      │        └ <function wrap_app_handling_exceptions.<locals>.wrapped_app.<locals>.sender at 0x000001D25EA1B3D0>
          │    │                │      └ <bound method RequestResponseCycle.receive of <uvicorn.protocols.http.h11_impl.RequestResponseCycle object at 0x000001D25E9E3...
          │    │                └ {'type': 'http', 'asgi': {'version': '3.0', 'spec_version': '2.3'}, 'http_version': '1.1', 'server': ('127.0.0.1', 8000), 'cl...
          │    └ <bound method APIRouter.app of <fastapi.routing.APIRouter object at 0x000001D25BEC1590>>
          └ <fastapi.routing.APIRouter object at 0x000001D25BEC1590>
  File "D:\MYGPT\backend\venv\Lib\site-packages\fastapi\routing.py", line 2683, in app
    await route.handle(scope, receive, send)
          │     │      │      │        └ <function wrap_app_handling_exceptions.<locals>.wrapped_app.<locals>.sender at 0x000001D25EA1B3D0>
          │     │      │      └ <bound method RequestResponseCycle.receive of <uvicorn.protocols.http.h11_impl.RequestResponseCycle object at 0x000001D25E9E3...
          │     │      └ {'type': 'http', 'asgi': {'version': '3.0', 'spec_version': '2.3'}, 'http_version': '1.1', 'server': ('127.0.0.1', 8000), 'cl...
          │     └ <function _IncludedRouter.handle at 0x000001D24C493950>
          └ _IncludedRouter(original_router=<fastapi.routing.APIRouter object at 0x000001D25E4AF020>, include_context=_RouterIncludeConte...
  File "D:\MYGPT\backend\venv\Lib\site-packages\fastapi\routing.py", line 1753, in handle
    await self.original_router.handle(scope, receive, send)
          │    │               │      │      │        └ <function wrap_app_handling_exceptions.<locals>.wrapped_app.<locals>.sender at 0x000001D25EA1B3D0>
          │    │               │      │      └ <bound method RequestResponseCycle.receive of <uvicorn.protocols.http.h11_impl.RequestResponseCycle object at 0x000001D25E9E3...
          │    │               │      └ {'type': 'http', 'asgi': {'version': '3.0', 'spec_version': '2.3'}, 'http_version': '1.1', 'server': ('127.0.0.1', 8000), 'cl...
          │    │               └ <function APIRouter.handle at 0x000001D24C4ABB60>
          │    └ <fastapi.routing.APIRouter object at 0x000001D25E4AF020>
          └ _IncludedRouter(original_router=<fastapi.routing.APIRouter object at 0x000001D25E4AF020>, include_context=_RouterIncludeConte...
  File "D:\MYGPT\backend\venv\Lib\site-packages\fastapi\routing.py", line 2738, in handle
    await included_router._handle_selected(scope, receive, send)
          │               │                │      │        └ <function wrap_app_handling_exceptions.<locals>.wrapped_app.<locals>.sender at 0x000001D25EA1B3D0>
          │               │                │      └ <bound method RequestResponseCycle.receive of <uvicorn.protocols.http.h11_impl.RequestResponseCycle object at 0x000001D25E9E3...
          │               │                └ {'type': 'http', 'asgi': {'version': '3.0', 'spec_version': '2.3'}, 'http_version': '1.1', 'server': ('127.0.0.1', 8000), 'cl...
          │               └ <function _IncludedRouter._handle_selected at 0x000001D24C493AB0>
          └ _IncludedRouter(original_router=<fastapi.routing.APIRouter object at 0x000001D25E4AF020>, include_context=_RouterIncludeConte...
  File "D:\MYGPT\backend\venv\Lib\site-packages\fastapi\routing.py", line 1773, in _handle_selected
    await original_route.handle(scope, receive, send)
          │              │      │      │        └ <function wrap_app_handling_exceptions.<locals>.wrapped_app.<locals>.sender at 0x000001D25EA1B3D0>
          │              │      │      └ <bound method RequestResponseCycle.receive of <uvicorn.protocols.http.h11_impl.RequestResponseCycle object at 0x000001D25E9E3...
          │              │      └ {'type': 'http', 'asgi': {'version': '3.0', 'spec_version': '2.3'}, 'http_version': '1.1', 'server': ('127.0.0.1', 8000), 'cl...
          │              └ <function APIRoute.handle at 0x000001D24C4907D0>
          └ APIRoute(path='/documents/upload', name='upload_document', methods=['POST'])
  File "D:\MYGPT\backend\venv\Lib\site-packages\fastapi\routing.py", line 1264, in handle
    await app(scope, receive, send)
          │   │      │        └ <function wrap_app_handling_exceptions.<locals>.wrapped_app.<locals>.sender at 0x000001D25EA1B3D0>
          │   │      └ <bound method RequestResponseCycle.receive of <uvicorn.protocols.http.h11_impl.RequestResponseCycle object at 0x000001D25E9E3...
          │   └ {'type': 'http', 'asgi': {'version': '3.0', 'spec_version': '2.3'}, 'http_version': '1.1', 'server': ('127.0.0.1', 8000), 'cl...
          └ <function request_response.<locals>.app at 0x000001D25EA19640>
  File "D:\MYGPT\backend\venv\Lib\site-packages\fastapi\routing.py", line 150, in app
    await wrap_app_handling_exceptions(app, request)(scope, receive, send)
          │                            │    │        │      │        └ <function wrap_app_handling_exceptions.<locals>.wrapped_app.<locals>.sender at 0x000001D25EA1B3D0>
          │                            │    │        │      └ <bound method RequestResponseCycle.receive of <uvicorn.protocols.http.h11_impl.RequestResponseCycle object at 0x000001D25E9E3...
          │                            │    │        └ {'type': 'http', 'asgi': {'version': '3.0', 'spec_version': '2.3'}, 'http_version': '1.1', 'server': ('127.0.0.1', 8000), 'cl...
          │                            │    └ <starlette.requests.Request object at 0x000001D25EA1BC20>
          │                            └ <function request_response.<locals>.app.<locals>.app at 0x000001D25EA1A400>
          └ <function wrap_app_handling_exceptions at 0x000001D24C45A770>
  File "D:\MYGPT\backend\venv\Lib\site-packages\starlette\_exception_handler.py", line 42, in wrapped_app
    await app(scope, receive, sender)
          │   │      │        └ <function wrap_app_handling_exceptions.<locals>.wrapped_app.<locals>.sender at 0x000001D25EC607D0>
          │   │      └ <bound method RequestResponseCycle.receive of <uvicorn.protocols.http.h11_impl.RequestResponseCycle object at 0x000001D25E9E3...
          │   └ {'type': 'http', 'asgi': {'version': '3.0', 'spec_version': '2.3'}, 'http_version': '1.1', 'server': ('127.0.0.1', 8000), 'cl...
          └ <function request_response.<locals>.app.<locals>.app at 0x000001D25EA1A400>
  File "D:\MYGPT\backend\venv\Lib\site-packages\fastapi\routing.py", line 136, in app
    response = await f(request)
                     │ └ <starlette.requests.Request object at 0x000001D25EA1BC20>
                     └ <function get_request_handler.<locals>.app at 0x000001D25EA1B320>
  File "D:\MYGPT\backend\venv\Lib\site-packages\fastapi\routing.py", line 690, in app
    raw_response = await run_endpoint_function(
                         └ <function run_endpoint_function at 0x000001D24C486C40>
  File "D:\MYGPT\backend\venv\Lib\site-packages\fastapi\routing.py", line 344, in run_endpoint_function
    return await dependant.call(**values)
                 │         │      └ {'file': UploadFile(filename='probation confirmation letter Fazil 1.pdf', size=144711, headers=Headers({'content-disposition'...
                 │         └ <function upload_document at 0x000001D25E5B83B0>
                 └ Dependant(path_params=[], query_params=[], header_params=[], cookie_params=[], body_params=[ModelField(field_info=File(Pydant...

> File "D:\MYGPT\backend\app\api\routers\document.py", line 51, in upload_document
    doc_meta, parsed_doc = ai_orchestrator.process_new_document(
                           │               └ <function AIOrchestrator.process_new_document at 0x000001D25E59FCC0>
                           └ <backend.app.services.ai_orchestrator.AIOrchestrator object at 0x000001D25E541A90>

  File "D:\MYGPT\backend\app\services\ai_orchestrator.py", line 77, in process_new_document
    raise e

  File "D:\MYGPT\backend\app\services\ai_orchestrator.py", line 52, in process_new_document
    parsed_doc = document_parser.parse(doc_meta["file_path"])
                 │               │     └ {'id': 'f34fc14e-0b37-4c3d-b90f-8c68d2287c6d', 'filename': 'probation confirmation letter Fazil 1.pdf', 'file_path': 'D:\\MYG...
                 │               └ <function DocumentParser.parse at 0x000001D25E597950>
                 └ <backend.app.services.document_parser.DocumentParser object at 0x000001D25E541010>

  File "D:\MYGPT\backend\app\services\document_parser.py", line 204, in parse
    raise ValueError("Unable to extract readable text from the uploaded document.")

ValueError: Unable to extract readable text from the uploaded document.
2026-07-15 15:46:22 | INFO    | backend.app.api.routers.document:upload_document:48 - API triggered upload for file Naukri_UmaMahesh[3y_0m].pdf with chunk_size=500
2026-07-15 15:46:22 | INFO    | backend.app.services.ai_orchestrator:process_new_document:40 - UPLOAD START
2026-07-15 15:46:22 | INFO    | backend.app.services.document_manager:upload_document:73 - Saving uploaded document: Naukri_UmaMahesh[3y_0m].pdf as 0786e92a-8660-4380-83ac-1f1cb706e0d3.pdf
2026-07-15 15:46:22 | INFO    | backend.app.services.ai_orchestrator:process_new_document:46 - UPLOAD END
2026-07-15 15:46:22 | INFO    | backend.app.services.ai_orchestrator:process_new_document:50 - PARSING START
2026-07-15 15:46:22 | INFO    | backend.app.services.document_parser:parse:136 - PARSING START
2026-07-15 15:46:22 | INFO    | backend.app.services.document_parser:parse:137 - Parsing document: D:\MYGPT\data\uploads\0786e92a-8660-4380-83ac-1f1cb706e0d3.pdf
2026-07-15 15:46:23 | INFO    | backend.app.services.document_parser:parse:212 - PARSING END
2026-07-15 15:46:23 | INFO    | backend.app.services.document_parser:parse:213 - TOTAL LATENCY (parse): 372.54 ms
2026-07-15 15:46:23 | INFO    | backend.app.services.ai_orchestrator:process_new_document:53 - PARSING END
2026-07-15 15:46:23 | INFO    | backend.app.services.ai_orchestrator:process_new_document:60 - ========================================
2026-07-15 15:46:23 | INFO    | backend.app.services.ai_orchestrator:process_new_document:61 - INGESTION DEBUG METRICS
2026-07-15 15:46:23 | INFO    | backend.app.services.ai_orchestrator:process_new_document:62 - ========================================
2026-07-15 15:46:23 | INFO    | backend.app.services.ai_orchestrator:process_new_document:63 - DOCUMENT TYPE: .PDF
2026-07-15 15:46:23 | INFO    | backend.app.services.ai_orchestrator:process_new_document:64 - Extracted Characters: 3617
2026-07-15 15:46:23 | INFO    | backend.app.services.ai_orchestrator:process_new_document:65 - Extracted Words: 453
2026-07-15 15:46:23 | INFO    | backend.app.services.ai_orchestrator:process_new_document:66 - Validation Passed: YES
2026-07-15 15:46:23 | INFO    | backend.app.services.ai_orchestrator:process_new_document:67 - Execution Time: 573.49 ms
2026-07-15 15:46:23 | INFO    | backend.app.services.ai_orchestrator:process_new_document:68 - ========================================
2026-07-15 15:46:23 | INFO    | backend.app.services.ai_orchestrator:index_document_background:86 - CHUNKING START
2026-07-15 15:46:23 | INFO    | backend.app.services.chunk_service:chunk_document:97 - Chunking document: 0786e92a-8660-4380-83ac-1f1cb706e0d3 with size=500, overlap=50
2026-07-15 15:46:23 | INFO    | backend.app.services.chunk_service:chunk_document:260 - Completed chunking. Generated 8 chunks for document: 0786e92a-8660-4380-83ac-1f1cb706e0d3
2026-07-15 15:46:23 | INFO    | backend.app.services.ai_orchestrator:index_document_background:88 - CHUNK COUNT: 8
2026-07-15 15:46:23 | INFO    | backend.app.services.ai_orchestrator:index_document_background:99 - DOCUMENT UNDERSTANDING START
2026-07-15 15:46:23 | INFO    | backend.app.services.knowledge_service:save_knowledge:389 - Persisting structured knowledge for document: 0786e92a-8660-4380-83ac-1f1cb706e0d3
2026-07-15 15:46:23 | INFO    | backend.app.services.ai_orchestrator:index_document_background:109 - DOCUMENT UNDERSTANDING END
2026-07-15 15:46:23 | INFO    | backend.app.services.ai_orchestrator:index_document_background:110 - Knowledge Built: YES
2026-07-15 15:46:23 | INFO    | backend.app.services.ai_orchestrator:index_document_background:114 - EMBEDDING START
2026-07-15 15:46:26 | INFO    | backend.app.services.ai_orchestrator:index_document_background:117 - EMBEDDING END
2026-07-15 15:46:26 | INFO    | backend.app.services.ai_orchestrator:index_document_background:121 - INDEXING START
2026-07-15 15:46:26 | INFO    | backend.app.services.storage_service:save_chunks:87 - Saving 8 chunks for document 0786e92a-8660-4380-83ac-1f1cb706e0d3 to JSON store.
2026-07-15 15:46:26 | INFO    | backend.app.services.ai_orchestrator:index_document_background:126 - INDEXING END
2026-07-15 15:46:26 | INFO    | backend.app.services.ai_orchestrator:index_document_background:127 - Indexed Chunks: 8
2026-07-15 15:46:26 | INFO    | backend.app.services.ai_orchestrator:index_document_background:132 - TOTAL LATENCY: 3430.12 ms
2026-07-15 15:46:28 | INFO    | backend.app.services.document_manager:delete_document:155 - Removed physical file: D:\MYGPT\data\uploads\f34fc14e-0b37-4c3d-b90f-8c68d2287c6d.pdf
2026-07-15 15:46:28 | INFO    | backend.app.services.document_manager:delete_document:162 - Removed document f34fc14e-0b37-4c3d-b90f-8c68d2287c6d from metadata database.
2026-07-15 15:46:28 | INFO    | backend.app.services.indexing_service:delete_document_index:61 - Deleting document index: f34fc14e-0b37-4c3d-b90f-8c68d2287c6d
2026-07-15 15:46:28 | INFO    | backend.app.services.storage_service:delete_chunks:110 - Deleting chunks for document f34fc14e-0b37-4c3d-b90f-8c68d2287c6d from JSON store.
2026-07-15 15:46:28 | INFO    | backend.app.services.knowledge_service:delete_knowledge:401 - Deleting structured knowledge for document: f34fc14e-0b37-4c3d-b90f-8c68d2287c6d
2026-07-15 15:46:40 | INFO    | backend.app.services.conversation_memory:set_active_document:93 - Session hl1usr active document set to 0786e92a-8660-4380-83ac-1f1cb706e0d3
2026-07-15 15:46:40 | INFO    | backend.app.services.search_service:search:38 - RETRIEVAL START
2026-07-15 15:46:40 | INFO    | backend.app.services.search_service:search:39 - TOP K: 3
2026-07-15 15:46:40 | INFO    | backend.app.services.search_service:search:40 - SIMILARITY: 0.0
2026-07-15 15:46:40 | INFO    | backend.app.services.search_service:search:41 - Search mode triggered: hybrid for query: 'what is the name of the resume'
2026-07-15 15:46:40 | INFO    | backend.app.services.retrieval_service:retrieve_relevant_chunks:107 - Searching 8 chunks (doc_id=0786e92a-8660-4380-83ac-1f1cb706e0d3) with threshold=0.0
2026-07-15 15:46:40 | INFO    | backend.app.services.retrieval_service:retrieve_relevant_chunks:154 - Retrieved 8 relevant chunks (after overlap dedup) matching search criteria.
2026-07-15 15:46:40 | INFO    | backend.app.services.ai_orchestrator:process_chat_query:177 - CONTEXT BUILD
2026-07-15 15:46:40 | INFO    | backend.app.services.context_builder:build_context:30 - Building reasoning context for query 'what is the name of the resume...' with 3 chunks.
2026-07-15 15:46:40 | INFO    | backend.app.services.context_builder:build_context:101 - Reasoning context assembled successfully. Length: 1515 chars.
2026-07-15 15:46:40 | INFO    | backend.app.services.reasoning_service:reason:676 - REASONING START
2026-07-15 15:46:40 | INFO    | backend.app.services.reasoning_service:reason:677 - Reasoning query: 'what is the name of the resume'
2026-07-15 15:46:40 | INFO    | backend.app.services.reasoning_service:reason:682 - Inferred intent: Names
2026-07-15 15:46:41 | INFO    | backend.app.services.reasoning_service:reason:763 - TOKENS GENERATED
2026-07-15 15:46:41 | INFO    | backend.app.services.reasoning_service:reason:764 - ANSWER GENERATED
2026-07-15 15:46:41 | INFO    | backend.app.services.answer_formatter:format_response:222 - Formatting final chat response. Confidence=90.0
2026-07-15 15:46:41 | INFO    | backend.app.services.answer_formatter:format_response:223 - ANSWER GENERATED
2026-07-15 15:46:41 | INFO    | backend.app.services.conversation_memory:add_message:50 - Added message to session hl1usr from role 'user'
2026-07-15 15:46:41 | INFO    | backend.app.services.conversation_memory:add_message:50 - Added message to session hl1usr from role 'assistant'
2026-07-15 15:46:41 | INFO    | backend.app.services.trainer_service:save_training_sample:126 - Saved training sample for doc_id 0786e92a-8660-4380-83ac-1f1cb706e0d3 to D:\MYGPT\data\training_samples.jsonl
2026-07-15 15:47:02 | INFO    | backend.app.services.conversation_memory:set_active_document:93 - Session hl1usr active document set to 0786e92a-8660-4380-83ac-1f1cb706e0d3
2026-07-15 15:47:02 | INFO    | backend.app.services.search_service:search:38 - RETRIEVAL START
2026-07-15 15:47:02 | INFO    | backend.app.services.search_service:search:39 - TOP K: 3
2026-07-15 15:47:02 | INFO    | backend.app.services.search_service:search:40 - SIMILARITY: 0.0
2026-07-15 15:47:02 | INFO    | backend.app.services.search_service:search:41 - Search mode triggered: hybrid for query: 'why ur answering lie this'
2026-07-15 15:47:02 | INFO    | backend.app.services.retrieval_service:retrieve_relevant_chunks:107 - Searching 8 chunks (doc_id=0786e92a-8660-4380-83ac-1f1cb706e0d3) with threshold=0.0
2026-07-15 15:47:03 | INFO    | backend.app.services.retrieval_service:retrieve_relevant_chunks:154 - Retrieved 8 relevant chunks (after overlap dedup) matching search criteria.
2026-07-15 15:47:03 | INFO    | backend.app.services.ai_orchestrator:process_chat_query:177 - CONTEXT BUILD
2026-07-15 15:47:03 | INFO    | backend.app.services.context_builder:build_context:30 - Building reasoning context for query 'why ur answering lie this...' with 3 chunks.
2026-07-15 15:47:03 | INFO    | backend.app.services.context_builder:build_context:101 - Reasoning context assembled successfully. Length: 1515 chars.
2026-07-15 15:47:03 | INFO    | backend.app.services.reasoning_service:reason:676 - REASONING START
2026-07-15 15:47:03 | INFO    | backend.app.services.reasoning_service:reason:677 - Reasoning query: 'why ur answering lie this'
2026-07-15 15:47:03 | INFO    | backend.app.services.reasoning_service:reason:682 - Inferred intent: Explanation
2026-07-15 15:47:04 | INFO    | backend.app.services.reasoning_service:reason:763 - TOKENS GENERATED
2026-07-15 15:47:04 | INFO    | backend.app.services.reasoning_service:reason:764 - ANSWER GENERATED
2026-07-15 15:47:04 | INFO    | backend.app.services.answer_formatter:format_response:222 - Formatting final chat response. Confidence=90.0
2026-07-15 15:47:04 | INFO    | backend.app.services.answer_formatter:format_response:223 - ANSWER GENERATED
2026-07-15 15:47:04 | INFO    | backend.app.services.conversation_memory:add_message:50 - Added message to session hl1usr from role 'user'
2026-07-15 15:47:04 | INFO    | backend.app.services.conversation_memory:add_message:50 - Added message to session hl1usr from role 'assistant'
2026-07-15 15:47:05 | INFO    | backend.app.services.trainer_service:save_training_sample:126 - Saved training sample for doc_id 0786e92a-8660-4380-83ac-1f1cb706e0d3 to D:\MYGPT\data\training_samples.jsonl
2026-07-15 15:51:56 | INFO    | backend.app.services.document_manager:delete_document:155 - Removed physical file: D:\MYGPT\data\uploads\0786e92a-8660-4380-83ac-1f1cb706e0d3.pdf
2026-07-15 15:51:56 | INFO    | backend.app.services.document_manager:delete_document:162 - Removed document 0786e92a-8660-4380-83ac-1f1cb706e0d3 from metadata database.
2026-07-15 15:51:56 | INFO    | backend.app.services.indexing_service:delete_document_index:61 - Deleting document index: 0786e92a-8660-4380-83ac-1f1cb706e0d3
2026-07-15 15:51:56 | INFO    | backend.app.services.storage_service:delete_chunks:110 - Deleting chunks for document 0786e92a-8660-4380-83ac-1f1cb706e0d3 from JSON store.
2026-07-15 15:51:56 | INFO    | backend.app.services.knowledge_service:delete_knowledge:401 - Deleting structured knowledge for document: 0786e92a-8660-4380-83ac-1f1cb706e0d3
2026-07-15 15:52:09 | INFO    | app.main:websocket_training:149 - WebSocket client disconnected from training stream.
2026-07-15 15:52:09 | INFO    | app.main:websocket_training:149 - WebSocket client disconnected from training stream.
2026-07-15 15:55:57 | INFO    | app.main:websocket_training:149 - WebSocket client disconnected from training stream.
2026-07-15 15:55:57 | INFO    | app.main:websocket_training:149 - WebSocket client disconnected from training stream.
2026-07-15 15:56:25 | INFO    | backend.app.api.routers.document:upload_document:48 - API triggered upload for file asha-mol_resume.pdf with chunk_size=500
2026-07-15 15:56:25 | INFO    | backend.app.services.ai_orchestrator:process_new_document:40 - UPLOAD START
2026-07-15 15:56:25 | INFO    | backend.app.services.document_manager:upload_document:73 - Saving uploaded document: asha-mol_resume.pdf as 5eab7eab-37ba-4a6a-8faa-1618e5774ec3.pdf
2026-07-15 15:56:25 | INFO    | backend.app.services.ai_orchestrator:process_new_document:46 - UPLOAD END
2026-07-15 15:56:26 | INFO    | backend.app.services.ai_orchestrator:process_new_document:50 - PARSING START
2026-07-15 15:56:26 | INFO    | backend.app.services.document_parser:parse:136 - PARSING START
2026-07-15 15:56:26 | INFO    | backend.app.services.document_parser:parse:137 - Parsing document: D:\MYGPT\data\uploads\5eab7eab-37ba-4a6a-8faa-1618e5774ec3.pdf
2026-07-15 15:56:32 | INFO    | backend.app.services.document_parser:parse:212 - PARSING END
2026-07-15 15:56:32 | INFO    | backend.app.services.document_parser:parse:213 - TOTAL LATENCY (parse): 6011.49 ms
2026-07-15 15:56:32 | INFO    | backend.app.services.ai_orchestrator:process_new_document:53 - PARSING END
2026-07-15 15:56:32 | INFO    | backend.app.services.ai_orchestrator:process_new_document:60 - ========================================
2026-07-15 15:56:32 | INFO    | backend.app.services.ai_orchestrator:process_new_document:61 - INGESTION DEBUG METRICS
2026-07-15 15:56:32 | INFO    | backend.app.services.ai_orchestrator:process_new_document:62 - ========================================
2026-07-15 15:56:32 | INFO    | backend.app.services.ai_orchestrator:process_new_document:63 - DOCUMENT TYPE: .PDF
2026-07-15 15:56:32 | INFO    | backend.app.services.ai_orchestrator:process_new_document:64 - Extracted Characters: 5358
2026-07-15 15:56:32 | INFO    | backend.app.services.ai_orchestrator:process_new_document:65 - Extracted Words: 691
2026-07-15 15:56:32 | INFO    | backend.app.services.ai_orchestrator:process_new_document:66 - Validation Passed: YES
2026-07-15 15:56:32 | INFO    | backend.app.services.ai_orchestrator:process_new_document:67 - Execution Time: 6433.30 ms
2026-07-15 15:56:32 | INFO    | backend.app.services.ai_orchestrator:process_new_document:68 - ========================================
2026-07-15 15:56:32 | INFO    | backend.app.services.ai_orchestrator:index_document_background:86 - CHUNKING START
2026-07-15 15:56:32 | INFO    | backend.app.services.chunk_service:chunk_document:97 - Chunking document: 5eab7eab-37ba-4a6a-8faa-1618e5774ec3 with size=500, overlap=50
2026-07-15 15:56:33 | INFO    | backend.app.services.chunk_service:chunk_document:260 - Completed chunking. Generated 14 chunks for document: 5eab7eab-37ba-4a6a-8faa-1618e5774ec3
2026-07-15 15:56:33 | INFO    | backend.app.services.ai_orchestrator:index_document_background:88 - CHUNK COUNT: 14
2026-07-15 15:56:33 | INFO    | backend.app.services.ai_orchestrator:index_document_background:99 - DOCUMENT UNDERSTANDING START
2026-07-15 15:56:33 | INFO    | backend.app.services.knowledge_service:save_knowledge:389 - Persisting structured knowledge for document: 5eab7eab-37ba-4a6a-8faa-1618e5774ec3
2026-07-15 15:56:33 | INFO    | backend.app.services.ai_orchestrator:index_document_background:109 - DOCUMENT UNDERSTANDING END
2026-07-15 15:56:33 | INFO    | backend.app.services.ai_orchestrator:index_document_background:110 - Knowledge Built: YES
2026-07-15 15:56:33 | INFO    | backend.app.services.ai_orchestrator:index_document_background:114 - EMBEDDING START
2026-07-15 15:56:37 | INFO    | backend.app.services.ai_orchestrator:index_document_background:117 - EMBEDDING END
2026-07-15 15:56:37 | INFO    | backend.app.services.ai_orchestrator:index_document_background:121 - INDEXING START
2026-07-15 15:56:37 | INFO    | backend.app.services.storage_service:save_chunks:87 - Saving 14 chunks for document 5eab7eab-37ba-4a6a-8faa-1618e5774ec3 to JSON store.
2026-07-15 15:56:37 | INFO    | backend.app.services.ai_orchestrator:index_document_background:126 - INDEXING END
2026-07-15 15:56:37 | INFO    | backend.app.services.ai_orchestrator:index_document_background:127 - Indexed Chunks: 14
2026-07-15 15:56:37 | INFO    | backend.app.services.ai_orchestrator:index_document_background:132 - TOTAL LATENCY: 5216.44 ms
2026-07-15 15:57:01 | INFO    | backend.app.services.conversation_memory:set_active_document:93 - Session 44sef active document set to 5eab7eab-37ba-4a6a-8faa-1618e5774ec3
2026-07-15 15:57:01 | INFO    | backend.app.services.search_service:search:38 - RETRIEVAL START
2026-07-15 15:57:01 | INFO    | backend.app.services.search_service:search:39 - TOP K: 3
2026-07-15 15:57:01 | INFO    | backend.app.services.search_service:search:40 - SIMILARITY: 0.0
2026-07-15 15:57:01 | INFO    | backend.app.services.search_service:search:41 - Search mode triggered: hybrid for query: 'Summarize this document.'
2026-07-15 15:57:01 | INFO    | backend.app.services.retrieval_service:retrieve_relevant_chunks:107 - Searching 14 chunks (doc_id=5eab7eab-37ba-4a6a-8faa-1618e5774ec3) with threshold=0.0
2026-07-15 15:57:02 | INFO    | backend.app.services.retrieval_service:retrieve_relevant_chunks:154 - Retrieved 14 relevant chunks (after overlap dedup) matching search criteria.
2026-07-15 15:57:02 | INFO    | backend.app.services.ai_orchestrator:process_chat_query:177 - CONTEXT BUILD
2026-07-15 15:57:02 | INFO    | backend.app.services.context_builder:build_context:30 - Building reasoning context for query 'Summarize this document....' with 3 chunks.
2026-07-15 15:57:02 | INFO    | backend.app.services.context_builder:build_context:101 - Reasoning context assembled successfully. Length: 794 chars.
2026-07-15 15:57:02 | INFO    | backend.app.services.reasoning_service:reason:676 - REASONING START
2026-07-15 15:57:02 | INFO    | backend.app.services.reasoning_service:reason:677 - Reasoning query: 'Summarize this document.'
2026-07-15 15:57:02 | INFO    | backend.app.services.reasoning_service:reason:682 - Inferred intent: Summary
2026-07-15 15:57:06 | INFO    | backend.app.services.reasoning_service:reason:763 - TOKENS GENERATED
2026-07-15 15:57:06 | INFO    | backend.app.services.reasoning_service:reason:764 - ANSWER GENERATED
2026-07-15 15:57:06 | INFO    | backend.app.services.answer_formatter:format_response:222 - Formatting final chat response. Confidence=90.0
2026-07-15 15:57:06 | INFO    | backend.app.services.answer_formatter:format_response:223 - ANSWER GENERATED
2026-07-15 15:57:06 | INFO    | backend.app.services.conversation_memory:add_message:50 - Added message to session 44sef from role 'user'
2026-07-15 15:57:06 | INFO    | backend.app.services.conversation_memory:add_message:50 - Added message to session 44sef from role 'assistant'
2026-07-15 15:57:06 | INFO    | backend.app.services.trainer_service:save_training_sample:126 - Saved training sample for doc_id 5eab7eab-37ba-4a6a-8faa-1618e5774ec3 to D:\MYGPT\data\training_samples.jsonl
2026-07-15 15:57:20 | INFO    | backend.app.services.conversation_memory:set_active_document:93 - Session 44sef active document set to 5eab7eab-37ba-4a6a-8faa-1618e5774ec3
2026-07-15 15:57:20 | INFO    | backend.app.services.search_service:search:38 - RETRIEVAL START
2026-07-15 15:57:20 | INFO    | backend.app.services.search_service:search:39 - TOP K: 3
2026-07-15 15:57:20 | INFO    | backend.app.services.search_service:search:40 - SIMILARITY: 0.0
2026-07-15 15:57:20 | INFO    | backend.app.services.search_service:search:41 - Search mode triggered: hybrid for query: 'What is the main conclusion of the document?'
2026-07-15 15:57:20 | INFO    | backend.app.services.retrieval_service:retrieve_relevant_chunks:107 - Searching 14 chunks (doc_id=5eab7eab-37ba-4a6a-8faa-1618e5774ec3) with threshold=0.0
2026-07-15 15:57:21 | INFO    | backend.app.services.retrieval_service:retrieve_relevant_chunks:154 - Retrieved 14 relevant chunks (after overlap dedup) matching search criteria.
2026-07-15 15:57:21 | INFO    | backend.app.services.ai_orchestrator:process_chat_query:177 - CONTEXT BUILD
2026-07-15 15:57:21 | INFO    | backend.app.services.context_builder:build_context:30 - Building reasoning context for query 'What is the main conclusion of...' with 3 chunks.
2026-07-15 15:57:21 | INFO    | backend.app.services.context_builder:build_context:101 - Reasoning context assembled successfully. Length: 1096 chars.
2026-07-15 15:57:21 | INFO    | backend.app.services.reasoning_service:reason:676 - REASONING START
2026-07-15 15:57:21 | INFO    | backend.app.services.reasoning_service:reason:677 - Reasoning query: 'What is the main conclusion of the document?'
2026-07-15 15:57:21 | INFO    | backend.app.services.reasoning_service:reason:682 - Inferred intent: Summary
2026-07-15 15:57:23 | INFO    | backend.app.services.reasoning_service:reason:763 - TOKENS GENERATED
2026-07-15 15:57:23 | INFO    | backend.app.services.reasoning_service:reason:764 - ANSWER GENERATED
2026-07-15 15:57:23 | INFO    | backend.app.services.answer_formatter:format_response:222 - Formatting final chat response. Confidence=90.0
2026-07-15 15:57:23 | INFO    | backend.app.services.answer_formatter:format_response:223 - ANSWER GENERATED
2026-07-15 15:57:23 | INFO    | backend.app.services.conversation_memory:add_message:50 - Added message to session 44sef from role 'user'
2026-07-15 15:57:23 | INFO    | backend.app.services.conversation_memory:add_message:50 - Added message to session 44sef from role 'assistant'
2026-07-15 15:57:23 | INFO    | backend.app.services.trainer_service:save_training_sample:126 - Saved training sample for doc_id 5eab7eab-37ba-4a6a-8faa-1618e5774ec3 to D:\MYGPT\data\training_samples.jsonl
2026-07-15 15:58:23 | INFO    | backend.app.services.conversation_memory:set_active_document:93 - Session 44sef active document set to 5eab7eab-37ba-4a6a-8faa-1618e5774ec3
2026-07-15 15:58:23 | INFO    | backend.app.services.search_service:search:38 - RETRIEVAL START
2026-07-15 15:58:23 | INFO    | backend.app.services.search_service:search:39 - TOP K: 3
2026-07-15 15:58:23 | INFO    | backend.app.services.search_service:search:40 - SIMILARITY: 0.0
2026-07-15 15:58:23 | INFO    | backend.app.services.search_service:search:41 - Search mode triggered: hybrid for query: 'is he fit ofr frontend developer role'
2026-07-15 15:58:23 | INFO    | backend.app.services.retrieval_service:retrieve_relevant_chunks:107 - Searching 14 chunks (doc_id=5eab7eab-37ba-4a6a-8faa-1618e5774ec3) with threshold=0.0
2026-07-15 15:58:23 | INFO    | backend.app.services.retrieval_service:retrieve_relevant_chunks:154 - Retrieved 14 relevant chunks (after overlap dedup) matching search criteria.
2026-07-15 15:58:23 | INFO    | backend.app.services.ai_orchestrator:process_chat_query:177 - CONTEXT BUILD
2026-07-15 15:58:23 | INFO    | backend.app.services.context_builder:build_context:30 - Building reasoning context for query 'is he fit ofr frontend develop...' with 3 chunks.
2026-07-15 15:58:23 | INFO    | backend.app.services.context_builder:build_context:101 - Reasoning context assembled successfully. Length: 1470 chars.
2026-07-15 15:58:23 | INFO    | backend.app.services.reasoning_service:reason:676 - REASONING START
2026-07-15 15:58:23 | INFO    | backend.app.services.reasoning_service:reason:677 - Reasoning query: 'is he fit ofr frontend developer role'
2026-07-15 15:58:23 | INFO    | backend.app.services.reasoning_service:reason:682 - Inferred intent: Experience
2026-07-15 15:58:24 | INFO    | backend.app.services.reasoning_service:reason:763 - TOKENS GENERATED
2026-07-15 15:58:24 | INFO    | backend.app.services.reasoning_service:reason:764 - ANSWER GENERATED
2026-07-15 15:58:24 | INFO    | backend.app.services.answer_formatter:format_response:222 - Formatting final chat response. Confidence=90.0
2026-07-15 15:58:24 | INFO    | backend.app.services.answer_formatter:format_response:223 - ANSWER GENERATED
2026-07-15 15:58:24 | INFO    | backend.app.services.conversation_memory:add_message:50 - Added message to session 44sef from role 'user'
2026-07-15 15:58:24 | INFO    | backend.app.services.conversation_memory:add_message:50 - Added message to session 44sef from role 'assistant'
2026-07-15 15:58:24 | INFO    | backend.app.services.trainer_service:save_training_sample:126 - Saved training sample for doc_id 5eab7eab-37ba-4a6a-8faa-1618e5774ec3 to D:\MYGPT\data\training_samples.jsonl
2026-07-15 16:01:37 | INFO    | backend.app.services.conversation_memory:set_active_document:93 - Session znpdg active document set to 5eab7eab-37ba-4a6a-8faa-1618e5774ec3
2026-07-15 16:01:37 | INFO    | backend.app.services.search_service:search:38 - RETRIEVAL START
2026-07-15 16:01:37 | INFO    | backend.app.services.search_service:search:39 - TOP K: 3
2026-07-15 16:01:37 | INFO    | backend.app.services.search_service:search:40 - SIMILARITY: 0.0
2026-07-15 16:01:37 | INFO    | backend.app.services.search_service:search:41 - Search mode triggered: hybrid for query: 'Summarize this document.'
2026-07-15 16:01:37 | INFO    | backend.app.services.retrieval_service:retrieve_relevant_chunks:107 - Searching 14 chunks (doc_id=5eab7eab-37ba-4a6a-8faa-1618e5774ec3) with threshold=0.0
2026-07-15 16:01:39 | INFO    | backend.app.services.retrieval_service:retrieve_relevant_chunks:154 - Retrieved 14 relevant chunks (after overlap dedup) matching search criteria.
2026-07-15 16:01:39 | INFO    | backend.app.services.ai_orchestrator:process_chat_query:177 - CONTEXT BUILD
2026-07-15 16:01:39 | INFO    | backend.app.services.context_builder:build_context:30 - Building reasoning context for query 'Summarize this document....' with 3 chunks.
2026-07-15 16:01:39 | INFO    | backend.app.services.context_builder:build_context:101 - Reasoning context assembled successfully. Length: 794 chars.
2026-07-15 16:01:39 | INFO    | backend.app.services.reasoning_service:reason:676 - REASONING START
2026-07-15 16:01:39 | INFO    | backend.app.services.reasoning_service:reason:677 - Reasoning query: 'Summarize this document.'
2026-07-15 16:01:39 | INFO    | backend.app.services.reasoning_service:reason:682 - Inferred intent: Summary
2026-07-15 16:01:41 | INFO    | backend.app.services.reasoning_service:reason:763 - TOKENS GENERATED
2026-07-15 16:01:41 | INFO    | backend.app.services.reasoning_service:reason:764 - ANSWER GENERATED
2026-07-15 16:01:41 | INFO    | backend.app.services.answer_formatter:format_response:222 - Formatting final chat response. Confidence=90.0
2026-07-15 16:01:41 | INFO    | backend.app.services.answer_formatter:format_response:223 - ANSWER GENERATED
2026-07-15 16:01:41 | INFO    | backend.app.services.conversation_memory:add_message:50 - Added message to session znpdg from role 'user'
2026-07-15 16:01:41 | INFO    | backend.app.services.conversation_memory:add_message:50 - Added message to session znpdg from role 'assistant'
2026-07-15 16:01:41 | INFO    | backend.app.services.trainer_service:save_training_sample:126 - Saved training sample for doc_id 5eab7eab-37ba-4a6a-8faa-1618e5774ec3 to D:\MYGPT\data\training_samples.jsonl
2026-07-15 16:04:06 | INFO    | backend.app.services.conversation_memory:set_active_document:93 - Session znpdg active document set to 5eab7eab-37ba-4a6a-8faa-1618e5774ec3
2026-07-15 16:04:06 | INFO    | backend.app.services.search_service:search:38 - RETRIEVAL START
2026-07-15 16:04:06 | INFO    | backend.app.services.search_service:search:39 - TOP K: 3
2026-07-15 16:04:06 | INFO    | backend.app.services.search_service:search:40 - SIMILARITY: 0.0
2026-07-15 16:04:06 | INFO    | backend.app.services.search_service:search:41 - Search mode triggered: hybrid for query: 'Can you expand on the section discussing orororororororororororororororororororororororororororororor?'
2026-07-15 16:04:06 | INFO    | backend.app.services.retrieval_service:retrieve_relevant_chunks:107 - Searching 14 chunks (doc_id=5eab7eab-37ba-4a6a-8faa-1618e5774ec3) with threshold=0.0
2026-07-15 16:04:07 | INFO    | backend.app.services.retrieval_service:retrieve_relevant_chunks:154 - Retrieved 14 relevant chunks (after overlap dedup) matching search criteria.
2026-07-15 16:04:07 | INFO    | backend.app.services.ai_orchestrator:process_chat_query:177 - CONTEXT BUILD
2026-07-15 16:04:07 | INFO    | backend.app.services.context_builder:build_context:30 - Building reasoning context for query 'Can you expand on the section ...' with 3 chunks.
2026-07-15 16:04:07 | INFO    | backend.app.services.context_builder:build_context:101 - Reasoning context assembled successfully. Length: 1515 chars.
2026-07-15 16:04:07 | INFO    | backend.app.services.reasoning_service:reason:676 - REASONING START
2026-07-15 16:04:07 | INFO    | backend.app.services.reasoning_service:reason:677 - Reasoning query: 'Can you expand on the section discussing orororororororororororororororororororororororororororororor?'
2026-07-15 16:04:07 | INFO    | backend.app.services.reasoning_service:reason:682 - Inferred intent: Question Answering
2026-07-15 16:04:09 | INFO    | backend.app.services.reasoning_service:reason:763 - TOKENS GENERATED
2026-07-15 16:04:09 | INFO    | backend.app.services.reasoning_service:reason:764 - ANSWER GENERATED
2026-07-15 16:04:09 | INFO    | backend.app.services.answer_formatter:format_response:222 - Formatting final chat response. Confidence=90.0
2026-07-15 16:04:09 | INFO    | backend.app.services.answer_formatter:format_response:223 - ANSWER GENERATED
2026-07-15 16:04:09 | INFO    | backend.app.services.conversation_memory:add_message:50 - Added message to session znpdg from role 'user'
2026-07-15 16:04:09 | INFO    | backend.app.services.conversation_memory:add_message:50 - Added message to session znpdg from role 'assistant'
2026-07-15 16:04:09 | INFO    | backend.app.services.trainer_service:save_training_sample:126 - Saved training sample for doc_id 5eab7eab-37ba-4a6a-8faa-1618e5774ec3 to D:\MYGPT\data\training_samples.jsonl
2026-07-15 16:09:10 | INFO    | app.main:websocket_training:149 - WebSocket client disconnected from training stream.
2026-07-15 16:09:18 | INFO    | backend.app.services.document_manager:delete_document:155 - Removed physical file: D:\MYGPT\data\uploads\5eab7eab-37ba-4a6a-8faa-1618e5774ec3.pdf
2026-07-15 16:09:18 | INFO    | backend.app.services.document_manager:delete_document:162 - Removed document 5eab7eab-37ba-4a6a-8faa-1618e5774ec3 from metadata database.
2026-07-15 16:09:18 | INFO    | backend.app.services.indexing_service:delete_document_index:61 - Deleting document index: 5eab7eab-37ba-4a6a-8faa-1618e5774ec3
2026-07-15 16:09:18 | INFO    | backend.app.services.storage_service:delete_chunks:110 - Deleting chunks for document 5eab7eab-37ba-4a6a-8faa-1618e5774ec3 from JSON store.
2026-07-15 16:09:18 | INFO    | backend.app.services.knowledge_service:delete_knowledge:401 - Deleting structured knowledge for document: 5eab7eab-37ba-4a6a-8faa-1618e5774ec3
2026-07-15 16:09:22 | INFO    | backend.app.services.document_manager:delete_document:155 - Removed physical file: D:\MYGPT\data\uploads\e6a5bb07-8cee-485e-bde4-1840ce468e36.txt
2026-07-15 16:09:22 | INFO    | backend.app.services.document_manager:delete_document:162 - Removed document e6a5bb07-8cee-485e-bde4-1840ce468e36 from metadata database.
2026-07-15 16:09:22 | INFO    | backend.app.services.indexing_service:delete_document_index:61 - Deleting document index: e6a5bb07-8cee-485e-bde4-1840ce468e36
2026-07-15 16:09:22 | INFO    | backend.app.services.storage_service:delete_chunks:110 - Deleting chunks for document e6a5bb07-8cee-485e-bde4-1840ce468e36 from JSON store.
2026-07-15 16:09:22 | INFO    | backend.app.services.knowledge_service:delete_knowledge:401 - Deleting structured knowledge for document: e6a5bb07-8cee-485e-bde4-1840ce468e36
2026-07-15 16:09:32 | INFO    | backend.app.api.routers.document:upload_document:48 - API triggered upload for file I-NET SECURE LABS PVT TD.pdf with chunk_size=500
2026-07-15 16:09:32 | INFO    | backend.app.services.ai_orchestrator:process_new_document:40 - UPLOAD START
2026-07-15 16:09:32 | INFO    | backend.app.services.document_manager:upload_document:73 - Saving uploaded document: I-NET SECURE LABS PVT TD.pdf as 85f65d9f-ab11-49d4-9138-29146453e88a.pdf
2026-07-15 16:09:32 | INFO    | backend.app.services.ai_orchestrator:process_new_document:46 - UPLOAD END
2026-07-15 16:09:33 | INFO    | backend.app.services.ai_orchestrator:process_new_document:50 - PARSING START
2026-07-15 16:09:33 | INFO    | backend.app.services.document_parser:parse:136 - PARSING START
2026-07-15 16:09:33 | INFO    | backend.app.services.document_parser:parse:137 - Parsing document: D:\MYGPT\data\uploads\85f65d9f-ab11-49d4-9138-29146453e88a.pdf
2026-07-15 16:09:33 | INFO    | backend.app.services.document_parser:parse:212 - PARSING END
2026-07-15 16:09:33 | INFO    | backend.app.services.document_parser:parse:213 - TOTAL LATENCY (parse): 230.86 ms
2026-07-15 16:09:33 | INFO    | backend.app.services.ai_orchestrator:process_new_document:53 - PARSING END
2026-07-15 16:09:33 | INFO    | backend.app.services.ai_orchestrator:process_new_document:60 - ========================================
2026-07-15 16:09:33 | INFO    | backend.app.services.ai_orchestrator:process_new_document:61 - INGESTION DEBUG METRICS
2026-07-15 16:09:33 | INFO    | backend.app.services.ai_orchestrator:process_new_document:62 - ========================================
2026-07-15 16:09:33 | INFO    | backend.app.services.ai_orchestrator:process_new_document:63 - DOCUMENT TYPE: .PDF
2026-07-15 16:09:33 | INFO    | backend.app.services.ai_orchestrator:process_new_document:64 - Extracted Characters: 2780
2026-07-15 16:09:33 | INFO    | backend.app.services.ai_orchestrator:process_new_document:65 - Extracted Words: 372
2026-07-15 16:09:33 | INFO    | backend.app.services.ai_orchestrator:process_new_document:66 - Validation Passed: YES
2026-07-15 16:09:33 | INFO    | backend.app.services.ai_orchestrator:process_new_document:67 - Execution Time: 299.22 ms
2026-07-15 16:09:33 | INFO    | backend.app.services.ai_orchestrator:process_new_document:68 - ========================================
2026-07-15 16:09:33 | INFO    | backend.app.services.ai_orchestrator:index_document_background:86 - CHUNKING START
2026-07-15 16:09:33 | INFO    | backend.app.services.chunk_service:chunk_document:97 - Chunking document: 85f65d9f-ab11-49d4-9138-29146453e88a with size=500, overlap=50
2026-07-15 16:09:33 | INFO    | backend.app.services.chunk_service:chunk_document:260 - Completed chunking. Generated 7 chunks for document: 85f65d9f-ab11-49d4-9138-29146453e88a
2026-07-15 16:09:33 | INFO    | backend.app.services.ai_orchestrator:index_document_background:88 - CHUNK COUNT: 7
2026-07-15 16:09:33 | INFO    | backend.app.services.ai_orchestrator:index_document_background:99 - DOCUMENT UNDERSTANDING START
2026-07-15 16:09:34 | INFO    | backend.app.services.knowledge_service:save_knowledge:389 - Persisting structured knowledge for document: 85f65d9f-ab11-49d4-9138-29146453e88a
2026-07-15 16:09:34 | INFO    | backend.app.services.ai_orchestrator:index_document_background:109 - DOCUMENT UNDERSTANDING END
2026-07-15 16:09:34 | INFO    | backend.app.services.ai_orchestrator:index_document_background:110 - Knowledge Built: YES
2026-07-15 16:09:34 | INFO    | backend.app.services.ai_orchestrator:index_document_background:114 - EMBEDDING START
2026-07-15 16:09:35 | INFO    | backend.app.services.ai_orchestrator:index_document_background:117 - EMBEDDING END
2026-07-15 16:09:35 | INFO    | backend.app.services.ai_orchestrator:index_document_background:121 - INDEXING START
2026-07-15 16:09:35 | INFO    | backend.app.services.storage_service:save_chunks:87 - Saving 7 chunks for document 85f65d9f-ab11-49d4-9138-29146453e88a to JSON store.
2026-07-15 16:09:35 | INFO    | backend.app.services.ai_orchestrator:index_document_background:126 - INDEXING END
2026-07-15 16:09:35 | INFO    | backend.app.services.ai_orchestrator:index_document_background:127 - Indexed Chunks: 7
2026-07-15 16:09:35 | INFO    | backend.app.services.ai_orchestrator:index_document_background:132 - TOTAL LATENCY: 1717.74 ms
2026-07-15 16:09:36 | INFO    | backend.app.services.conversation_memory:set_active_document:93 - Session nkgzzy active document set to 85f65d9f-ab11-49d4-9138-29146453e88a
2026-07-15 16:09:36 | INFO    | backend.app.services.search_service:search:38 - RETRIEVAL START
2026-07-15 16:09:36 | INFO    | backend.app.services.search_service:search:39 - TOP K: 3
2026-07-15 16:09:36 | INFO    | backend.app.services.search_service:search:40 - SIMILARITY: 0.0
2026-07-15 16:09:36 | INFO    | backend.app.services.search_service:search:41 - Search mode triggered: hybrid for query: 'Summarize this document.'
2026-07-15 16:09:36 | INFO    | backend.app.services.retrieval_service:retrieve_relevant_chunks:107 - Searching 7 chunks (doc_id=85f65d9f-ab11-49d4-9138-29146453e88a) with threshold=0.0
2026-07-15 16:09:37 | INFO    | backend.app.services.retrieval_service:retrieve_relevant_chunks:154 - Retrieved 6 relevant chunks (after overlap dedup) matching search criteria.
2026-07-15 16:09:37 | INFO    | backend.app.services.ai_orchestrator:process_chat_query:177 - CONTEXT BUILD
2026-07-15 16:09:37 | INFO    | backend.app.services.context_builder:build_context:30 - Building reasoning context for query 'Summarize this document....' with 3 chunks.
2026-07-15 16:09:37 | INFO    | backend.app.services.context_builder:build_context:101 - Reasoning context assembled successfully. Length: 560 chars.
2026-07-15 16:09:37 | INFO    | backend.app.services.reasoning_service:reason:676 - REASONING START
2026-07-15 16:09:37 | INFO    | backend.app.services.reasoning_service:reason:677 - Reasoning query: 'Summarize this document.'
2026-07-15 16:09:37 | INFO    | backend.app.services.reasoning_service:reason:682 - Inferred intent: Summary
2026-07-15 16:09:38 | INFO    | backend.app.services.reasoning_service:reason:763 - TOKENS GENERATED
2026-07-15 16:09:38 | INFO    | backend.app.services.reasoning_service:reason:764 - ANSWER GENERATED
2026-07-15 16:09:38 | INFO    | backend.app.services.answer_formatter:format_response:222 - Formatting final chat response. Confidence=90.0
2026-07-15 16:09:38 | INFO    | backend.app.services.answer_formatter:format_response:223 - ANSWER GENERATED
2026-07-15 16:09:38 | INFO    | backend.app.services.conversation_memory:add_message:50 - Added message to session nkgzzy from role 'user'
2026-07-15 16:09:38 | INFO    | backend.app.services.conversation_memory:add_message:50 - Added message to session nkgzzy from role 'assistant'
2026-07-15 16:09:38 | INFO    | backend.app.services.trainer_service:save_training_sample:126 - Saved training sample for doc_id 85f65d9f-ab11-49d4-9138-29146453e88a to D:\MYGPT\data\training_samples.jsonl
2026-07-15 16:09:57 | INFO    | backend.app.services.document_manager:delete_document:155 - Removed physical file: D:\MYGPT\data\uploads\85f65d9f-ab11-49d4-9138-29146453e88a.pdf
2026-07-15 16:09:57 | INFO    | backend.app.services.document_manager:delete_document:162 - Removed document 85f65d9f-ab11-49d4-9138-29146453e88a from metadata database.
2026-07-15 16:09:57 | INFO    | backend.app.services.indexing_service:delete_document_index:61 - Deleting document index: 85f65d9f-ab11-49d4-9138-29146453e88a
2026-07-15 16:09:57 | INFO    | backend.app.services.storage_service:delete_chunks:110 - Deleting chunks for document 85f65d9f-ab11-49d4-9138-29146453e88a from JSON store.
2026-07-15 16:09:57 | INFO    | backend.app.services.knowledge_service:delete_knowledge:401 - Deleting structured knowledge for document: 85f65d9f-ab11-49d4-9138-29146453e88a
2026-07-15 16:10:23 | INFO    | app.main:websocket_training:149 - WebSocket client disconnected from training stream.
2026-07-15 16:10:24 | INFO    | app.main:websocket_training:149 - WebSocket client disconnected from training stream.
